"zip","city","state","name","address","postalCode","lat","lon"
"03031","Amherst","NH","Walmart Supercenter","85 State Route 101a","03031",42.81001652956947,-71.57993804928417
"03031","Amherst","NH","Walmart Grocery Pickup and Delivery","85 State Route 101A","03031",42.80934143066406,-71.5794906616211
"03031","Amherst","NH","Shaw's","586 Nashua St","03055",42.82508523899621,-71.62509262561798
"03032","Auburn","NH","Nickles Market","not_available","03104",42.995505502910866,-71.40271042526288
"03036","Chester","NH","A&M Sandown Market","335 Main St","03873",42.929123,-71.1871
"03037","Deerfield","NH","Deerfield Mart","2 Mountain View Rd","03037",43.153725,-71.232448
"03037","Deerfield","NH","The Blue Bowl","38 North Rd","03037",43.140311,-71.235171
"03038","Derry","NH","Walmart Supercenter","11 Ashleigh Drive","03038",42.90192203977436,-71.32602264849353
"03038","Derry","NH","Shaw's","1 Orchard View Dr","03053",42.862669556018616,-71.35511893386843
"03038","Derry","NH","Shaw's","55 Crystal Ave","03038",42.8914204,-71.3235011
"03038","Derry","NH","Hannaford Supermarket","35 Manchester Rd","03038",42.9003007,-71.3373314
"03038","Derry","NH","ALDI","30 Manchester Rd","03038",42.89652084217356,-71.33505463600159
"03042","Epping","NH","Market Basket","24 Calef Hwy","03042",43.02372602714646,-71.07664551511168
"03042","Epping","NH","Walmart Supercenter","35 Fresh River Rd","03042",43.02767760276664,-71.06893686685176
"03043","Francestown","NH","Delay's Harvester Market","783 Forest Rd","03047",42.950226183874065,-71.8729788172653
"03045","Goffstown","NH","Sully's Superette","10 N Mast St","03045",43.02104477278039,-71.60093121933411
"03045","Goffstown","NH","Sonny's Market LLC","800 Turnpike Rd","03071",42.99587861892592,-71.5171417593956
"03049","Hollis","NH","Market Basket","44 Northwest Blvd","03063",42.800677624885736,-71.54238983248557
"03049","Hollis","NH","Brookdale Fruit Farm","38 Broad Street","03049",42.74278,-71.581511
"03051","Hudson","NH","Shaw's","213 Daniel Webster Hwy","03060",42.7107272,-71.4455128
"03051","Hudson","NH","Market Basket","261 Daniel Webster Hwy","03060",42.70683182157323,-71.44313677186199
"03051","Hudson","NH","Market Basket","212 Lowell Rd #5","03051",42.732887152038494,-71.42412505212641
"03051","Hudson","NH","Walmart","254 Lowell Rd","03051",42.727295759580194,-71.42316350393548
"03051","Hudson","NH","Trader Joe's","262 Daniel Webster HWY","03060",42.707906091504604,-71.43874753361717
"03051","Hudson","NH","Shaw's","300 Main St","03060",42.7535444,-71.4595155
"03051","Hudson","NH","Gopu Indian and Asian Market","not_available","not_available",42.7035,-71.44317
"03051","Hudson","NH","Siberia Food Market","259 Main St","03060",42.756245,-71.463535
"03051","Hudson","NH","Shree Gopu Grocery","not_available","03060",42.70418579455934,-71.4431696859361
"03052","Litchfield","NH","Shaw's","570 Daniel Webster Hwy","03054",42.8816448,-71.4807215
"03053","Londonderry","NH","Tedeschi Food Shops","162 Rockingham Rd","03053",42.9175908504314,-71.3761208033002
"03053","Londonderry","NH","Tedeschi","not_available","03053",42.91743923338161,-71.37602116145936
"03054","Merrimack","NH","Shaw's","7 Continental Blvd","03054",42.836883,-71.4988714
"03054","Merrimack","NH","Lanna Asian Market","495 Amherst St","03063",42.793243,-71.522489
"03055","Milford","NH","Market Basket","21 Jones Rd","03055",42.84063258541817,-71.70547735429587
"03055","Milford","NH","Wassy bastet","Savage rd","03055",42.8404837846756,-71.70530676841736
"03060","Nashua","NH","Carniceria Zapopan","9 Water St","03060",42.762096,-71.466692
"03060","Nashua","NH","Jake's Old Fashioned Ice Cream & Custom Cakes","57 Palm St","03060",42.756421,-71.471178
"03060","Nashua","NH","M I N H A S Halal Meat Indian Grocery","5 pine street ext, first floor suite 1-f, Nashua, NH 03060","03060",42.758366,-71.47401
"03063","Nashua","NH","Market Basket","375 Amherst St","03063",42.784739936346845,-71.50550356998946
"03063","Nashua","NH","Whole Foods Market","255 Amherst Street","03063",42.779473895825305,-71.49640240406848
"03063","Nashua","NH","Aldi food market","260 Amherst St","03063",42.778304,-71.497916
"03063","Nashua","NH","Aldi","270 Amherst St","03063",42.77725520238769,-71.49833522949984
"03070","New Boston","NH","Dodges Store","7 Central Sq","03070",42.97641924929585,-71.69167899082495
"03076","Pelham","NH","Michael's Market","8 Stiles Rd","03079",42.774761181898796,-71.25044183858286
"03077","Raymond","NH","Downtown Convenience Store","62 Main St","03077",43.0360109,-71.18264325
"03079","Salem","NH","Market Basket","69 Center Street","03079",42.778854,-71.22982
"03079","Salem","NH","Walmart Supercenter","326 N Broadway","03079",42.801542336776585,-71.23891480064657
"03079","Salem","NH","Market Basket","265 S Broadway","03079",42.762067240959404,-71.21317419883341
"03079","Salem","NH","Market Basket","167 S Broadway","03079",42.767415506579674,-71.21738216206994
"03079","Salem","NH","McKinnon's Market & Super Butcher Shop","236 N Broadway","03079",42.79143258798715,-71.23449689401136
"03079","Salem","NH","Aldi","541 S Broadway","03079",42.7418563,-71.1971652
"03079","Salem","NH","Kev's Country Store","not_available","03079",42.80676773,-71.200477
"03079","Salem","NH","Happy Daze, LLC","224 N Broadway Suite D13","03079",42.7897962,-71.2337316
"03087","Windham","NH","Shaw's","43 Indian Rock Rd","03087",42.807965763276485,-71.29014106110844
"03087","Windham","NH","A Simply Wholesome Life","33 Indian Rock Rd","03087",42.80684280395508,-71.29386138916016
"03101","Manchester","NH","Market Basket","460 Elm St","03101",42.98411642309233,-71.46417945915388
"03101","Manchester","NH","Himalayas General Store","359 Elm Street","03101",42.9832159,-71.4628577
"03101","Manchester","NH","WIC","Chestnut st","03103",42.978128000000005,-71.459728
"03101","Manchester","NH","R&P Convenience","63 Merrimack St","03101",42.98933845,-71.46113655
"03101","Manchester","NH","Himalayas","not_available","03101",42.983258,-71.462857
"03102","Manchester","NH","Market Basket","539 Donald St","03110",42.970024559587614,-71.5079452362599
"03102","Manchester","NH","Walmart Supercenter","3 Commerce Dr","03106",43.04087980289125,-71.47463680988666
"03102","Manchester","NH","Bartlett Street Superette","316 Bartlett St","03102",42.989988,-71.482733
"03103","Manchester","NH","Walmart Supercenter","725 Gold St","03103",42.950581117781475,-71.43861800879543
"03103","Manchester","NH","Aldi Food Market","1111 S Willow St","03103",42.9601994,-71.4395446
"03103","Manchester","NH","Price Rite","Valley st","03103",42.98353530792729,-71.44950168458718
"03103","Manchester","NH","East West Foods","2626 Brown Ave, Manchester, NH 03103","03103",42.937632076332825,-71.45436127786373
"03103","Manchester","NH","Hanafords Supermarket","201 John E Devine Dr","03103",42.95772933959961,-71.44180297851562
"03103","Manchester","NH","Tedeschi Food Shops","245 Maple St","03103",42.981876373291016,-71.45221710205078
"03103","Manchester","NH","A Market","125 Loring St","03103",42.966892760472916,-71.4517797230388
"03103","Manchester","NH","Price Rite of Manchester","365 Lincoln Street","03103",42.9834941,-71.4497876
"03103","Manchester","NH","Gosselin's Superette","706 Somerville St","03103",42.97664,-71.44475
"03103","Manchester","NH","somerville street market","912 Somerville St","03103",42.97600507736206,-71.44107699394226
"03103","Manchester","NH","Saigon Asian Market","476 Union St.","03103",42.990333,-71.458186
"03103","Manchester","NH","Stop N Shop","south willow st","03103",42.96341825728402,-71.44008533732979
"03104","Manchester","NH","Bunny's Superette","75 Webster St","03104",43.00651183649931,-71.46146319465568
"03104","Manchester","NH","Hannafords","Rockingham Recreational Trail","03109",42.989655685016835,-71.40935055968194
"03106","Hooksett","NH","Market Basket","30 Market Dr","03106",43.044319884895955,-71.4681894546731
"03106","Hooksett","NH","Shaw's","1328 Hooksett Rd","03106",43.0557221563623,-71.4426809853831
"03106","Hooksett","NH","Sully ' s","39 Allenstown Rd","03275",43.12287730170167,-71.44170130779621
"03106","Hooksett","NH","Natural Choice Market","303-353 Londonderry Turnpike","03106",43.045204,-71.42825
"03110","Bedford","NH","Whole Foods Market","121 South River Rd","03110",42.95460342113837,-71.4766034870583
"03110","Bedford","NH","Trader Joe’s","not_available","03110",42.95353624297597,-71.47749152303254
"03110","Bedford","NH","Ice Cream Aisle","4 Jenkins Rd","03110",42.92178726196289,-71.53604888916016
"03110","Bedford","NH","Trader Joe's","2 Market Street","03110",42.953668,-71.477427
"03218","Barnstead","NH","White Buffalo Trading Post","S Barnstead Rd","03225",43.342350557393736,-71.24393810718925
"03218","Barnstead","NH","Danis","Water Street","03263",43.30569684505463,-71.33165895938873
"03220","Belmont","NH","Shaw's","96 Daniel Webster Hwy","03220",43.515189,-71.4926969
"03220","Belmont","NH","Country Kitchen Thrift Store","not_available","03220",43.520902750478186,-71.47680212560171
"03220","Belmont","NH","Vista Foods","376 S Main St","03246",43.52404160044034,-71.46783610178271
"03222","Bristol","NH","Hannaford Supermarket","505 Pleasant St","03222",43.58441664442223,-71.74998700618738
"03222","Bristol","NH","Shackett's Store","256 W Shore Rd","03222",43.627681732177734,-71.75431823730469
"03222","Bristol","NH","Bristol Shop N' Save","Rt. 104","03222",43.58465040227544,-71.75021490125162
"03222","Bristol","NH","Newfound Grocery","Bridgewater, NH","03222",43.644000943455666,-71.73466735343285
"03223","Campton","NH","Campton Cupboard","1513 NH Rte. 175","03223",43.86363269722833,-71.63488589095111
"03224","Canterbury","NH","XtraMart","1 Whitney Rd","03301",43.28850173950195,-71.57939147949219
"03226","Center Harbor","NH","EM Heath's Supermarket","not_available","03226",43.710461610206565,-71.46098303935452
"03226","Center Harbor","NH","Stop & Shop","not_available","03217",43.680457,-71.57139
"03229","Contoocook","NH","Colonial Village","54 Park Ave","03229",43.22465845946259,-71.71439328771525
"03229","Contoocook","NH","River Hill Market","189 Carter Hill Rd","03303",43.24899,-71.619504
"03235","Franklin","NH","Hannaford Supermarket","952 Central St","03235",43.44909073021282,-71.62390172481531
"03241","Hebron","NH","Walmart Supercenter","683 Tenney Mountain Hwy","03264",43.769074174906116,-71.74205991007732
"03244","Hillsborough","NH","Shaw's","276 W Main St","03244",43.1099891,-71.915553
"03244","Hillsborough","NH","Kat's Corner","not_available","03440",43.111267,-71.954858
"03244","Hillsborough","NH","JD  Foods","192 W Main St","03244",43.11056368333333,-71.908441
"03246","Laconia","NH","Walmart Supercenter","1458 Lake Shore Rd","03249",43.56642765907814,-71.43926554890011
"03246","Laconia","NH","Shaw's","1400 Lakeshore Dr","03249",43.564417742697046,-71.44743385943002
"03251","Lincoln","NH","Price Chopper","10 Lumber Yard Dr","03251",44.041286,-71.669996
"03253","Meredith","NH","Hannaford Supermarket","38 NH Route 25 Unit 5","03253",43.6608296,-71.4977145
"03254","Moultonborough","NH","General Store Tuftonboro","not_available","03816",43.653194427490234,-71.2470474243164
"03257","New London","NH","Cricentifords","not_available","03257",43.4232512659787,-72.00308480191414
"03264","Plymouth","NH","Market Basket","34 Ridge View Ln","03264",43.771879,-71.723893
"03264","Plymouth","NH","Peppercorn Natural Foods","not_available","03264",43.755469,-71.687391
"03275","Suncook","NH","Walmart Supercenter","344 Loudon Rd","03301",43.22739621230331,-71.4809044138558
"03275","Suncook","NH","Shaw's","20 D'amante Dr","03301",43.22221992546618,-71.4898711383421
"03275","Suncook","NH","ALDI","289 Loudon Rd","03301",43.22618189248058,-71.48741260957581
"03275","Suncook","NH","Shop N' Go","188","not_available",43.187169,-71.498205
"03275","Suncook","NH","Alltown","1516 Route 3A","03304",43.1508915,-71.4972349
"03276","Tilton","NH","Market Basket","29 E Main St.","03276",43.45479250190392,-71.57466323003362
"03276","Tilton","NH","Walmart Supercenter","33 Sherwood Drive","03276",43.45413307213964,-71.5762945019826
"03278","Warner","NH","Market Basket","30 New Hampshire 103","03278",43.29094190188555,-71.83384109748452
"03281","Weare","NH","Lanctot's Grocers","425 S Stark Hwy","03281",43.04341679829705,-71.68121661486205
"03290","Nottingham","NH","Liar's Paradise","118 Stage Rd","03290",43.113913000000004,-71.098873
"03301","Concord","NH","Market Basket","108 Fort Eddy Rd","03301",43.2149722177972,-71.53005541445003
"03301","Concord","NH","Shaw's","20 Fort Eddy Rd","03301",43.21075174032018,-71.53048308226062
"03301","Concord","NH","Market Basket","80 Storrs St","03301",43.2034282951903,-71.53272988116066
"03301","Concord","NH","Sam's","Village St","03303",43.2749440827471,-71.60736190958026
"03301","Concord","NH","Concord Cooperative Market","24 S Main St","03301",43.20322746487449,-71.53546504237904
"03301","Concord","NH","Granite State Natural Foods","164 N State St","03301",43.218744739547056,-71.54878788465969
"03301","Concord","NH","Tedeschi Food Shops","201 S Main St","03301",43.196719,-71.530509
"03301","Concord","NH","Shaws Osco","not_available","03106",43.21703290959232,-71.50523361385403
"03301","Concord","NH","Tedeschi Food Shops","9 Village St","03303",43.266752613139246,-71.5873832267358
"03301","Concord","NH","Go Food Basket","72 Washington St","03301",43.209042,-71.543511
"03431","Keene","NH","Walmart Photo Center","350 Winchester St","03431",42.92389525325043,-72.28712920877781
"03431","Keene","NH","Market Basket","11 W Swanzey Rd","03446",42.91006516683633,-72.29615108722744
"03431","Keene","NH","Price Chopper","16 Ash Brook Rd","03431",42.926342,-72.306885
"03431","Keene","NH","Aldi","West Street","03431",42.93243542500382,-72.29611592005514
"03431","Keene","NH","Jai Food Mart","151-155 Main St","03455",42.90522105,-72.20992339
"03431","Keene","NH","Blueberry Fields","not_available","03431",42.930566,-72.27993199999999
"03431","Keene","NH","Jake's 5 Star Convenience","65 Roxbury St","03431",42.93380237385457,-72.27580872545337
"03431","Keene","NH","Romy's Market","89 Marlboro St","03431",42.927695,-72.274785
"03440","Antrim","NH","Antrim Marketplace","68-78 Main St","03440",43.030791878700256,-71.9384765625
"03442","Bennington","NH","Bennington Country Store","6 Main St","03442",43.00124252785818,-71.92370756464925
"03444","Dublin","NH","Dublin General Store","1257 Main St.","03444",42.905615218540525,-72.04793048363356
"03451","Hinsdale","NH","Walmart Supercenter","724 Brattleboro Rd","03451",42.812953486086414,-72.5308783516573
"03452","Jaffrey","NH","Coll's Farm","Colls Farm Rd.","03452",42.82331547333373,-71.99324688541675
"03456","Marlow","NH","Marlow Grocery","689 Route 10","03456",43.115959012732084,-72.19656944274902
"03458","Peterborough","NH","Shaw's","135 Dublin Rd","03458",42.876114,-71.962499
"03458","Peterborough","NH","Nature's Green Grocer","374 Union St","03458",42.88666445396676,-71.98345641636261
"03458","Peterborough","NH","Monadnock Oil and Vinegar Company","43 Grove St","03458",42.87512,-71.95147
"03458","Peterborough","NH","Roy's Market","20 Main St","03458",42.877235714027286,-71.94933861729564
"03458","Peterborough","NH","Maggie's Market Place","14 Main St","03458",42.877262,-71.94905
"03458","Peterborough","NH","Alltown","113 Grove St","03458",42.8685586,-71.9535872
"03461","Rindge","NH","Market Basket","497 U.S. 202","03461",42.75719213870959,-72.03791215815511
"03461","Rindge","NH","Walmart","750 Us Hwy 202","03461",42.74240862699343,-72.0391818323894
"03466","West Chesterfield","NH","Riverside Grocery","913 Gulf Rd","03466",42.883697509765625,-72.54972076416016
"03470","Winchester","NH","Kulick's Market","30 Warwick Rd","03470",42.76588834064002,-72.38643411612868
"03470","Winchester","NH","Mr G's","not_available","03470",42.772259161414816,-72.38442426105242
"03561","Littleton","NH","Shaw's","625 Meadow St","03561",44.3032938,-71.8017307
"03561","Littleton","NH","Littleton Food Co-op","43 Bethlehem Rd","03561",44.298678804597145,-71.76723867518093
"03561","Littleton","NH","Porfido's Market","84 Main St","03561",44.304684152583405,-71.77023147568943
"03561","Littleton","NH","Walmart","615 Meadow St","03561",44.30416497003372,-71.79890070343461
"03570","Berlin","NH","Berlin IGA Foodliner","16 Pleasant St","03570",44.46620178222656,-71.18561553955078
"03570","Berlin","NH","Rudy's Market","not_available","03570",44.474966932562616,-71.18863771036308
"03574","Bethlehem","NH","Twin Mtn Country Store","Rt 3","not_available",44.274416260646106,-71.54025864019648
"03574","Bethlehem","NH","Macs Market","287 Main St","03580",44.22776264020042,-71.74831030701695
"03576","Colebrook","NH","Solomon's","not_available","03597",44.995548248291016,-71.533935546875
"03576","Colebrook","NH","Laperele's IGA","Hughes Rd","03576",44.90915423916463,-71.49014728143554
"03581","Gorham","NH","Walmart Supercenter","561 Main St","03581",44.42659175313368,-71.19403968152066
"03581","Gorham","NH","Save-A-Lot","491 Main St","03581",44.416803722244225,-71.19463393299787
"03583","Jefferson","NH","Hometown Market And Grill","not_available","03583",44.4197215,-71.47503618
"03584","Lancaster","NH","Shaw's","199 Main St","03584",44.496398333009,-71.57349900172449
"03585","Lisbon","NH","P&D Quick Stop Sunoco","60 N Main St # US-302","03585",44.214115142822266,-71.90824890136719
"03598","Whitefield","NH","Mac's Whitefield Market","21 Jefferson Rd","03598",44.37323637144156,-71.60948317778201
"03602","Alstead","NH","Shaw's","32 Ames Plaza Ln #441","03608",43.10558023705643,-72.42607670702364
"03602","Alstead","NH","Walpole Village Market","Westminister St.","not_available",43.07926591402736,-72.42611217175636
"03608","Walpole","NH","Lisai's Market","128 Atkinson St","05101",43.137876,-72.453057
"03740","Bath","NH","Walmart Supercenter","4901 Dartmouth College Hwy","03785",44.140908342882874,-72.02615846866179
"03740","Bath","NH","Shaw's","15 Forest St","03785",44.1442929,-72.0294215
"03741","Canaan","NH","George’s Deli","66 Main St","03748",43.64129613835049,-72.14735463492559
"03743","Claremont","NH","Market Basket","345 Washington St Ste 8","03743",43.36383211766285,-72.31905194216984
"03743","Claremont","NH","Walmart Supercenter","14 Bowen St","03743",43.377710289538165,-72.32846265613168
"03743","Claremont","NH","Leo's One-Stop Market","130 Main St","03743",43.37514060318638,-72.3445046841468
"03745","Cornish","NH","Price Chopper","2741 US Rte 5 N","05089",43.486212,-72.384753
"03745","Cornish","NH","12% Solution","994 Town House Rd","03745",43.46818161010742,-72.38326263427734
"03748","Enfield","NH","Rum Brook Market","Route 10","03753",43.504045263541336,-72.13275913573432
"03755","Hanover","NH","Lebanon Co-op","12 Centerra Pkwy","03766",43.67637064813318,-72.26060321713699
"03755","Hanover","NH","Hanover Co-op","45 S Park St","03755",43.69804656505611,-72.28054027749296
"03755","Hanover","NH","Topside","West Wheelock St","03755",43.703218823580755,-72.28990572959512
"03755","Hanover","NH","Jaybar, Inc","2 Allen St","03755",43.7014876,-72.2914464
"03755","Hanover","NH","Collis Market","2 N Main St","03755",43.702698,-72.289911
"03766","Lebanon","NH","Price Chopper","370 Miracle Mile Rd","03784",43.637028,-72.288223
"03766","Lebanon","NH","Asoan Superstore","24 Hanover St","03766",43.64265441894531,-72.25363159179688
"03766","Lebanon","NH","Lebanon Village Pizza","47 Hanover St","not_available",43.64297545950291,-72.25377983950968
"03766","Lebanon","NH","BJ's","Plainfield Road","03784",43.64827528975735,-72.29011100783396
"03773","Newport","NH","Shaw's","48 John Stark Hwy","03773",43.35781,-72.1758021
"03773","Newport","NH","Coronis Market","81 Sunapee St","03773",43.36549338333333,-72.16873923
"03774","North Haverhill","NH","Aldrich General Store","3039 Dartmouth College Hwy","03774",44.097727493076775,-72.02535850854765
"03777","Orford","NH","Patterson's","not_available","03777",43.905432756904005,-72.13744080165077
"03784","West Lebanon","NH","Coop Food Stores","209 Maple St","05001",43.65227289341396,-72.3182841228826
"03784","West Lebanon","NH","Walmart","285 Plainfield Rd","03784",43.62500387312125,-72.32276456201234
"03784","West Lebanon","NH","Shaw's","10 Benning Dr","03784",43.63202952714352,-72.31557905673986
"03784","West Lebanon","NH","White River Co-op","Pine St","05001",43.65216445011343,-72.31827146803484
"03784","West Lebanon","NH","Upper Valley Food Co-Op","193 N Main St","05001",43.650193510560506,-72.32185432793713
"03784","West Lebanon","NH","Yipings Asian Market","not_available","03784",43.647029876708984,-72.31047058105469
"03784","West Lebanon","NH","Sterns Quality Produce","83 Pine St","05001",43.65293484798463,-72.31716207165401
"03784","West Lebanon","NH","Shaw's","250 Plainfield Rd","03784",43.63045224636976,-72.32244817443066
"03801","Portsmouth","NH","Walmart Supercenter","2460 Lafayette Rd","03801",43.033518813287934,-70.78834806054549
"03801","Portsmouth","NH","Market Basket","1500 Lafayette Rd","03801",43.0449557718916,-70.77360804880232
"03801","Portsmouth","NH","Walmart","2200 Woodbury Ave","03801",43.10119900338779,-70.80946936876389
"03801","Portsmouth","NH","Market Basket","1465 Woodbury Ave","03801",43.08740089814562,-70.78736577017764
"03801","Portsmouth","NH","Trader Joe's","45 Gosling Rd","03801",43.09374203808143,-70.8013301156611
"03801","Portsmouth","NH","McKinnon's Market & Super Butcher Shop","2454 Lafayette Rd","03801",43.034725635242125,-70.78385642528204
"03801","Portsmouth","NH","Pic N Pay","800 Islington St","03801",43.06836048183258,-70.77096829002764
"03801","Portsmouth","NH","Portsmouth Health Food Center","151 Congress St","03801",43.07591687327961,-70.76064613808445
"03801","Portsmouth","NH","Portsmouth NSY Commissary","167 Beaumont St","03804",43.08049138060584,-70.73373889869902
"03801","Portsmouth","NH","ALDI","2024 Woodbury Ave","03801",43.09541350604413,-70.79659892477038
"03801","Portsmouth","NH","Philbrick's Fresh Market","755 Lafayette Rd","03801",43.05232339850599,-70.76946031083496
"03801","Portsmouth","NH","Suds N Soda Sports","365 Portsmouth Ave # ROUTE33","03840",43.04061439148311,-70.8273695949825
"03801","Portsmouth","NH","Tedeschi Food Shops","642 Islington St","03801",43.07002058655115,-70.7719651017817
"03801","Portsmouth","NH","Stop & Shop","Portsmouth Avenue","03857",43.07306060340899,-70.78575071347147
"03801","Portsmouth","NH","Taj Mahal Groceries","2800 Lafayette Rd - Heritage Commons","not_available",43.02915954589844,-70.79061126708984
"03801","Portsmouth","NH","Groceries on the go","167 State Rd","03904",43.099484620298774,-70.74490369183303
"03801","Portsmouth","NH","Rising Tide Natural Foods","165 State Rd","03904",43.09918499984941,-70.74487586041151
"03809","Alton","NH","Hannaford Supermarket","80 Wolfeboro Hwy","03809",43.453847663698426,-71.21105879545212
"03809","Alton","NH","Fiddlehead Farms Marketplace","77 Main Street","03809",43.453496892752284,-71.21923499392125
"03810","Alton Bay","NH","Hunter's IGA","N Main St","not_available",43.58486274783894,-71.21128259311531
"03810","Alton Bay","NH","Hunter's Shop 'n Save","60 South Main Street","03894",43.58494186401367,-71.21138000488281
"03812","Bartlett","NH","Grant's Shop n' Save","9 US Route 302","03838",44.110021,-71.18014267
"03813","Center Conway","NH","Walmart Supercenter","46 N South Rd","03860",44.01740932443969,-71.10702522958287
"03814","Center Ossipee","NH","Valuland","not_available","03814",43.770931243896484,-71.15657806396484
"03814","Center Ossipee","NH","Value Land Food Stores","266-276 New Hampshire 16B","03814",43.770960819568,-71.15672859694045
"03818","Conway","NH","Shaw's","1150 Eastman Rd","03813",44.015118,-71.111365
"03818","Conway","NH","Conway Shurfine","234 Mountain Highway","03860",43.985272037399916,-71.11261492461347
"03820","Dover","NH","Walmart Supercenter","59 Waltons Way","03878",43.23466054681791,-70.87947139635392
"03820","Dover","NH","Market Basket","60 Tri City Rd.","03878",43.227414620229105,-70.88184568890667
"03820","Dover","NH","Shaw's","851 Central Ave","03820",43.2180734,-70.8794895
"03820","Dover","NH","Tedeschi Food Shops","2 Back River Rd","03820",43.17920307521529,-70.8775903453816
"03820","Dover","NH","Janetos Superette","77 Main St","03820",43.19768530887449,-70.87264574050575
"03820","Dover","NH","ALDI Grocery Delivery","828 Central Ave","03820",43.21557562577815,-70.88045092879514
"03820","Dover","NH","Happy Market","6 Jenkins Court","03824",43.1346549987793,-70.9261474609375
"03820","Dover","NH","tedeschi","not_available","03820",43.199963,-70.87844465999999
"03820","Dover","NH","Tedeschi Food Shops","530 Central Ave","03820",43.19972505240158,-70.87547102906974
"03820","Dover","NH","Campus Convenience","26 Main St","03824",43.134146,-70.925341
"03820","Dover","NH","Dover Natural Marketplace & Cafe","7 Chestnut St","03820",43.20069670560551,-70.87667979260476
"03824","Durham","NH","Newberry Farms Market","72 Main St","03857",43.080816,-70.935637
"03825","Barrington","NH","Market Basket","54 Calef Hwy","03861",43.15326062657948,-71.00681353645052
"03825","Barrington","NH","Lee Circle Grocery On Wheels","not_available","03824",43.151920087656286,-71.00546761870766
"03830","East Wakefield","NH","Country Goods & Groceries","3400 Province Lake Rd.","03830",43.642642974853516,-70.97946166992188
"03833","Exeter","NH","Market Basket","27 Portsmouth Ave","03885",42.99896293112211,-70.92381597038684
"03833","Exeter","NH","On The Vine Marketplace","75 Portsmouth Ave","03833",42.98559471612293,-70.93631948278471
"03833","Exeter","NH","Shaw's","100 Shaws Ln","03885",42.9969004,-70.9272839
"03835","Farmington","NH","Walmart Supercenter","116 Farmington Rd","03867",43.334579677796256,-71.01268149309574
"03835","Farmington","NH","Market Basket","Milton Rd.","03867",43.304846768759184,-71.01201402043822
"03842","Hampton","NH","Walmart Supercenter","700 Lafayette Road Unit #1","03874",42.89450493765635,-70.86665414843827
"03842","Hampton","NH","Market Basket","838 Lafayette Rd","03874",42.8999518263628,-70.86858060159433
"03842","Hampton","NH","Shaw's","33 Lafayette Rd Unit 4","03862",42.96772491382337,-70.8331248318064
"03842","Hampton","NH","Hampton Natural Foods","845 Lafayette Rd","03842",42.95241928100586,-70.83186340332031
"03845","Intervale","NH","The Local Grocer","3358 White Mountain Hwy","03860",44.0678749,-71.1436495
"03845","Intervale","NH","Vista Bev & Market","Hurricane Mountain Rd","03845",44.076528974737386,-71.13831627336032
"03856","Newfields","NH","Stop and Shop","not_available","03103",43.04212117308133,-70.9305279866508
"03857","Newmarket","NH","Newmarket Mini Mart","44 Exeter Rd","03857",43.07538986206055,-70.93877410888672
"03858","Newton","NH","Merrimac Town Market","2-28 School St # 2-288","01860",42.833951,-71.002593
"03862","North Hampton","NH","Philbrick's Fresh Market","69 Lafayette Rd","03862",42.97339198550119,-70.83472137287035
"03865","Plaistow","NH","Market Basket","34 Plaistow Rd","03865",42.82262096207091,-71.10591914190191
"03865","Plaistow","NH","Shaw's","4 Plaistow Rd","03865",42.8159773,-71.105884
"03865","Plaistow","NH","Walmart","58 Plaistow Rd","03865",42.8254604321049,-71.11056586909805
"03865","Plaistow","NH","Aldi","9 Plaistow Rd","03865",42.81751491765137,-71.10050618648529
"03865","Plaistow","NH","Gluten Free For You and Me","322 Groveland St","01830",42.816035732718035,-71.10352314970402
"03867","Rochester","NH","Arthur's Market","1-11 Hancock St # 1-111-11","03867",43.296899994479894,-70.97116139523244
"03867","Rochester","NH","Market Basket","96 Milton Rd","03868",43.34133823742122,-70.9753014952484
"03874","Seabrook","NH","Market Basket","380 Lafayette Rd","03874",42.886565398571264,-70.86881991752418
