"zip","city","state","name","address","postalCode","lat","lon"
"66002","Atchison","KS","Van Dykes Grocery","not_available","not_available",39.56471530137369,-95.11770256879083
"66002","Atchison","KS","Alps","404 Commercial St","66002",39.56198230341068,-95.11798749779042
"66002","Atchison","KS","Walmart Supercenter","1920 Highway 73","66002",39.540336955011206,-95.12944443400241
"66002","Atchison","KS","Country Mart","2016 Highway 59","66002",39.554802839285834,-95.14880374832642
"66006","Baldwin City","KS","Baldwin City Market","112 8th St","66006",38.78276607823606,-95.1883125254412
"66007","Basehor","KS","krogers","us 24","46804",39.115362,-94.99265
"66012","Bonner Springs","KS","Walmart Supercenter","5701 Silverheel Street","66226",39.025083747269015,-94.8500599336955
"66012","Bonner Springs","KS","Cosentino's Price Chopper","22210 W 66th St","66226",39.009866987336615,-94.84376576630258
"66012","Bonner Springs","KS","Walmart Supercenter","12801 Kansas Ave","66012",39.08581217280864,-94.87787408574113
"66012","Bonner Springs","KS","Price Chopper","501 Commercial Dr","66012",39.08867299992975,-94.88273536495952
"66012","Bonner Springs","KS","Thriftway","112 Oak St","66012",39.055445140868486,-94.8822907512029
"66012","Bonner Springs","KS","CBD American Shaman Monticello","22354 W 66th St","66226",39.00902,-94.843573
"66018","De Soto","KS","Harp's Foods","34040 Commerce Dr","66018",38.963253038439674,-94.97977491303307
"66018","De Soto","KS","Price chopper","1960","66061",38.97097615923263,-94.98280808283295
"66021","Edgerton","KS","Berts Travel Plaza","1021 Poplar St","66092",38.708158,-95.074148
"66025","Eudora","KS","Gene's Heartland Foods","1402 Church St","66025",38.93545639652837,-95.09530680813822
"66027","Fort Leavenworth","KS","Fort Leavenworth Commissary","310 Kansas Ave Bldg 691","66027",39.339726041982075,-94.92262978725672
"66030","Gardner","KS","Walmart Supercenter","1725 E Santa Fe St","66030",38.80920162010072,-94.89244530412847
"66030","Gardner","KS","Price Chopper","830 E Main St","66030",38.81252435552471,-94.91019996021497
"66032","Garnett","KS","Country Mart","425 N Maple St","66032",38.28769327405557,-95.2500503396184
"66035","Highland","KS","Fresh Connect KC LLC","1713 Eminence Rd","66035",39.86112976074219,-95.2097396850586
"66035","Highland","KS","prices grocery","not_available","66035",39.84395980834961,-95.25732421875
"66040","La Cygne","KS","Sam's Club","not_available","66040",38.275866,-94.799465
"66043","Lansing","KS","Walmart Supercenter","5000 10th Ave","66048",39.26895875993403,-94.93007531534003
"66043","Lansing","KS","Dillons","720 Eisenhower Rd","66048",39.2679287,-94.9200724
"66043","Lansing","KS","ALDI","1217 N Main St","66043",39.26817217996306,-94.90085977805853
"66044","Lawrence","KS","Dillons","1740 Massachusetts St","66044",38.95185272699355,-95.23529872300975
"66044","Lawrence","KS","Dillons","3000 W 6th St","66049",38.972621410012685,-95.27170479297638
"66044","Lawrence","KS","The Merc Co-op","901 Iowa St","66044",38.967569592471264,-95.26083380718234
"66044","Lawrence","KS","Au Marché","931 Massachusetts St","66044",38.96640367850683,-95.23598126205475
"66044","Lawrence","KS","F MART","530 Colorado St","66044",38.973901,-95.255497
"66044","Lawrence","KS","9 Mile Farm","17638 246th Street","66086",39.09603203,-95.1537564
"66046","Lawrence","KS","Dillons","1015 W 23rd St","66046",38.942058,-95.2485529
"66046","Lawrence","KS","Walmart Supercenter","3300 Iowa St","66046",38.92370553213163,-95.25719737542691
"66046","Lawrence","KS","Hy-Vee","3504 Clinton Pkwy","66047",38.944397,-95.280626
"66046","Lawrence","KS","Checkers","2300 Louisiana St","66046",38.94217302253192,-95.24105026302676
"66046","Lawrence","KS","Aldi","3025 Iowa St","66046",38.92902727388575,-95.26117696174285
"66046","Lawrence","KS","Natural Grocers","1301 W 23rd St","66046",38.94230893172257,-95.25072187034704
"66046","Lawrence","KS","La Estrella Latina","2449 Iowa St Ste D","66046",38.93944142856376,-95.26104960506458
"66046","Lawrence","KS","Oriental Market","711 W 23rd St","66046",38.9409,-95.243335
"66048","Leavenworth","KS","Price Chopper","2107 S 4th St","66048",39.2956331095129,-94.90773297649669
"66049","Lawrence","KS","Dillons","4701 W 6th St","66049",38.9704677,-95.3041532
"66049","Lawrence","KS","Sprouts Farmers Market","4740 Bauer Farm Dr","66049",38.97345399439346,-95.30449721223704
"66049","Lawrence","KS","Walmart Supercenter","550 Congressional Dr","66049",38.97316618334512,-95.30970948257085
"66053","Louisburg","KS","Price Chopper","1400 W Amity St","66053",38.62179234310931,-94.6910984744797
"66054","Mc Louth","KS","McLouth Apple Market","not_available","66054",39.195335,-95.208732
"66061","Olathe","KS","Hy-Vee","18101 W 119th St","66061",38.911035,-94.795148
"66061","Olathe","KS","Walmart Supercenter","395 N K 7 Hwy","66061",38.88662352,-94.83690262
"66061","Olathe","KS","Walmart Neighborhood Market","18555 W. 151st St","66062",38.85316692004015,-94.79965699811012
"66061","Olathe","KS","Target","20255 W 154th St","66062",38.84877344724273,-94.81942686499573
"66061","Olathe","KS","ALDI","20250 W 154th St","66062",38.8504127,-94.8195042
"66061","Olathe","KS","Price Chopper","19601 W 101st St","66220",38.943657008895904,-94.8135045079446
"66061","Olathe","KS","Price Chopper","175 S Parker St","66061",38.8825067129626,-94.8357708286424
"66061","Olathe","KS","Price Chopper","15970 S Mur Len Rd","66062",38.83921869580561,-94.781424187101
"66061","Olathe","KS","ALDI","600 N Millridge St","66061",38.8889148,-94.8363632
"66061","Olathe","KS","Pricechopper","not_available","66083",38.8175040262183,-94.82993614871063
"66061","Olathe","KS","Power Sales and Advertising Inc","801 N Meadowbrook Dr","66062",38.8925,-94.78623
"66061","Olathe","KS","Super Mercado San Nicolas","964 S Harrison St","66061",38.869412,-94.815392
"66061","Olathe","KS","Asian food market","108 N Chester St","66061",38.882919,-94.793707
"66062","Olathe","KS","Hy-Vee","14955 151st Street","66062",38.85237689,-94.75917089
"66062","Olathe","KS","Walmart Supercenter","13600 S Alden St","66062",38.881218690359255,-94.75771721862826
"66062","Olathe","KS","Hy-Vee","8900 W 135th St","66221",38.885408,-94.68847
"66062","Olathe","KS","Whole Foods Market","14615 W. 119th Street","66062",38.91140244391572,-94.75673879318363
"66062","Olathe","KS","ALDI","15290 W 119th St","66062",38.91497740307743,-94.7630701485777
"66062","Olathe","KS","Price Chopper","11700 W 135th St","66221",38.88611497597982,-94.72183730947845
"66062","Olathe","KS","Hen House Market","13600 S Blackbob Rd","66062",38.88218279540969,-94.7639950009738
"66062","Olathe","KS","888 International Market","10118 W 119th St","66213",38.91446617351802,-94.70220280943067
"66062","Olathe","KS","Natural Grocers","14921 W 119th St","66062",38.91141949044506,-94.75853107353713
"66062","Olathe","KS","TT Asian Grocery","10154 W 119th St","66213",38.914516,-94.7027
"66062","Olathe","KS","Taj Grocers","11830 Quivira Rd","66210",38.9139172052459,-94.7240772055642
"66062","Olathe","KS","The Emporium Brazil","not_available","66062",38.884141,-94.747804
"66062","Olathe","KS","Eat Fit Go","15153 W 119th St","66062",38.9121208190918,-94.76261138916016
"66062","Olathe","KS","Price Chopper","not_available","66223",38.908076,-94.728595
"66064","Osawatomie","KS","Moon's IGA","6th st","66064",38.49673339208695,-94.94983744968796
"66066","Oskaloosa","KS","Oskaloosa Thriftway","507 Walnut St.","66066",39.21543502807617,-95.3101577758789
"66067","Ottawa","KS","Walmart Supercenter","2101 S Princeton St","66067",38.58140063102474,-95.264875361915
"66067","Ottawa","KS","Queen's Price Chopper","2142 S Princeton Cir Dr","66067",38.5858883638445,-95.26897175566847
"66067","Ottawa","KS","Wray's Bulk Foods","221 S Main St","66067",38.615033,-95.268391
"66071","Paola","KS","Price Chopper","1101-1143 Baptiste Dr","66071",38.573528213218566,-94.86335485972835
"66071","Paola","KS","Walmart Grocery Pickup and Delivery","310 Hedge Ln","66071",38.573584,-94.857276
"66073","Perry","KS","Perry Lecompton Thriftway","not_available","66073",39.079321795157014,-95.39069171757325
"66075","Pleasanton","KS","Baker's Thriftway","922 Main St","66075",38.175295,-94.70973599999999
"66083","Spring Hill","KS","Price Chopper","22350 S Harrison St","66083",38.72259791652635,-94.83096372271612
"66085","Stilwell","KS","Walmart Supercenter","15700 Metcalf Ave","66223",38.842590001048116,-94.66931884838807
"66085","Stilwell","KS","Cosentino's Market","8051 W 160th St","66223",38.83827204539738,-94.6845518402519
"66085","Stilwell","KS","ALDI","15891 Metcalf Ave.","66223",38.840507,-94.66716199999999
"66086","Tonganoxie","KS","B&J country Mart Tonganoxie","319 Ridge St","66086",39.11566015158132,-95.07578501840163
"66101","Kansas City","KS","Strawberry Hill Apple Market","1-81 S 10th St","66102",39.09992741,-94.63502042
"66101","Kansas City","KS","Green Acres","not_available","66101",39.1146240234375,-94.6145248413086
"66101","Kansas City","KS","El Rio Bravo Supermarket","11 S 10th St","66102",39.099611,-94.634982
"66101","Kansas City","KS","7th street apple market","1000-1098 Allis Ct","66101",39.116517,-94.627617
"66101","Kansas City","KS","Zack's Mercato","613 N 6th St","66101",39.112449,-94.62374
"66102","Kansas City","KS","ALDI","4805 State Ave","66102",39.11570658795625,-94.689901471138
"66102","Kansas City","KS","Chas Ball Sun Fresh","241 S 18th St","66102",39.097807289481004,-94.6480378991982
"66102","Kansas City","KS","Kaw Fresh Market","6700 Kaw Dr","66111",39.092075414202384,-94.73589045474228
"66102","Kansas City","KS","St. Paul's Food Pantry","1300 N 18th St","66102",39.11904525756836,-94.6499252319336
"66102","Kansas City","KS","Wild Woody's Grocery","not_available","66102",39.100080854956424,-94.67486086489247
"66102","Kansas City","KS","Save A Lot","2815 State Ave","66102",39.116454,-94.660484
"66103","Kansas City","KS","Carniceria y Tortilleria San Antonio","830 Kansas Ave","66105",39.08754442344793,-94.63134629396126
"66105","Kansas City","KS","Walmart Neighborhood Market","2300 Metropolitan Avenue","66106",39.074418965375926,-94.65601869795468
"66105","Kansas City","KS","Save A Lot","2102 Metropolitan Ave","66103",39.073762,-94.652055
"66105","Kansas City","KS","Walmart Grocery Pickup & Delivery","2300 Metropolitan Ave","66106",39.074353,-94.656321
"66106","Kansas City","KS","Sun Fresh Market","2803 S 47th St","66106",39.05090769224596,-94.68569008716881
"66106","Kansas City","KS","Associated Wholesale Grocers","5000 Kansas Ave","66106",39.09015796768623,-94.68969789728058
"66106","Kansas City","KS","Shawnee Apple Market","2815 S 47th St","66106",39.05141830444336,-94.685791015625
"66106","Kansas City","KS","La Bendicion # 2 Latino Matket","not_available","66106",39.052362,-94.686085
"66106","Kansas City","KS","Integrity Services KC","2521 S 49th Ter","66106",39.05582104,-94.69233411
"66109","Kansas City","KS","Walmart Supercenter","10824 Parallel Pkwy","66109",39.13196633942328,-94.82989631239573
"66109","Kansas City","KS","Price Chopper","7734 State Ave","66112",39.11742344705827,-94.7568080444845
"66109","Kansas City","KS","Hen House Market","8120 Parallel Pkwy","66112",39.129195866679595,-94.76710427083094
"66109","Kansas City","KS","Kroger","Haskell & 75","66109",39.1333357,-94.7524176
"66109","Kansas City","KS","Food Mart","7375-7403 Leavenworth Rd","66109",39.14298,-94.7503
"66111","Kansas City","KS","Save A Lot","8115 State Ave","66112",39.11544856943902,-94.76823996144817
"66202","Mission","KS","Target","6100 Broadmoor St","66202",39.017891516804966,-94.66464667442779
"66202","Mission","KS","Hy-Vee","6655 Martway St","66202",39.0190868,-94.6622371
"66202","Mission","KS","Natural Grocers","6819 Johnson Dr","66202",39.02193391707081,-94.66481574659734
"66202","Mission","KS","Hy-Vee Senior Citizen Parking Spot","not_available","66202",39.01962624737582,-94.66208377205164
"66202","Mission","KS","Sandra Mexican Store","5622 Johnson Dr","66202",39.0224806,-94.650977
"66202","Mission","KS","CBD American Shaman","6514 West 49th Street","66202",39.0399984,-94.660283
"66202","Mission","KS","Joong-Ang Oriental Groceries","7800 Shawnee Mission Pkwy","66202",39.01536860112768,-94.67545648847826
"66202","Mission","KS","Henhouse","not_available","66112",39.01067849795633,-94.66763313709362
"66203","Shawnee","KS","Walmart Neighborhood Market","11010 W 74th Ter","66203",38.99432098398403,-94.71341060382247
"66203","Shawnee","KS","Price Chopper","7000 W 75th St","66204",38.99356700777965,-94.66566845757276
"66203","Shawnee","KS","Mi Pueblito​ Meat Market","not_available","66216",38.993377,-94.722448
"66203","Shawnee","KS","ALDI","67th Street","66217",39.026745381217125,-94.71410007473905
"66204","Overland Park","KS","Walmart","7701 Frontage Rd","66204",38.989339178689484,-94.69886227892005
"66204","Overland Park","KS","La Mexicanita","7620 Metcalf Ave","66204",38.990435,-94.66830999999999
"66205","Mission","KS","Walmart","5150 Roe Blvd","66205",39.03597228683602,-94.6411717877646
"66205","Mission","KS","Walmart Neighborhood Market","4701 Mission Rd","66205",39.04370823818935,-94.61974339460156
"66205","Mission","KS","Price Chopper","4950 Roe Blvd","66205",39.03984458970227,-94.6419532054618
"66205","Mission","KS","Hen House Market","2724 W 53rd St","66205",39.0337074525342,-94.61766335164991
"66205","Mission","KS","ALDI","4801 Roe Lane","66205",39.04054501421429,-94.63905441100417
"66206","Leawood","KS","Eat Fit Go","4165 Somerset Dr","66208",38.9806,-94.632921
"66206","Leawood","KS","Cosentino's HQ","not_available","66207",38.97820094856368,-94.63090362624683
"66207","Overland Park","KS","Sprouts Farmers Market","9628 Nall Avenue","66207",38.9547448,-94.6497187
"66207","Overland Park","KS","Pricechopper","Roe ave","66207",38.9661244018136,-94.64216202101937
"66208","Prairie Village","KS","Hy-Vee","7620 State Line Rd","66208",38.98984661760336,-94.60963246571055
"66208","Prairie Village","KS","Hen House Market","4050 W 83rd St","66208",38.97996871874344,-94.63315414579729
"66208","Prairie Village","KS","Hen House Market","6950 Mission Ln","66208",39.0027403836174,-94.63067364037339
"66209","Leawood","KS","Walmart Supercenter","11701 Metcalf Ave","66210",38.91505081027995,-94.66435599850882
"66209","Leawood","KS","Trader Joe's","4201 W 119th St","66209",38.912581026260156,-94.63596171360763
"66209","Leawood","KS","Price Chopper","13351 Mission Rd","66209",38.885168259920015,-94.62828608041234
"66209","Leawood","KS","Whole Foods Market","6621 W. 119th St.","66209",38.911589154404574,-94.66238234942084
"66209","Leawood","KS","Hen House Market","11721 Roe Ave","66211",38.91487150032935,-94.63790692529729
"66209","Leawood","KS","Hen House Market","6900 W 135th St","66223",38.885365332532885,-94.6655430860973
"66209","Leawood","KS","henhouse","not_available","66213",38.915333424239776,-94.63808108838282
"66210","Overland Park","KS","Hen House Market","11930 College Blvd","66210",38.928355974099404,-94.72582560733603
"66210","Overland Park","KS","Price Chopper","7418 W 119th St","66213",38.914362163094864,-94.67241865077101
"66210","Overland Park","KS","Our Place Indian Grocery","11172 Antioch Rd.","66210",38.92538065337583,-94.68711788525576
"66212","Overland Park","KS","Hy-Vee","8501 W 95th St","66212",38.95564791,-94.68359948
"66212","Overland Park","KS","Walmart Neighborhood Market","9000 Metcalf Ave","66212",38.9654276677023,-94.66879119476265
"66212","Overland Park","KS","Walmart Neighborhood Market","10303 Metcalf Ave","66212",38.940724643750926,-94.6657429577354
"66212","Overland Park","KS","Price Chopper","8686 Antioch Rd","66212",38.97202827187736,-94.68722101260066
"66212","Overland Park","KS","Aldi","8333 W 95th St","66212",38.9564235,-94.682187
"66212","Overland Park","KS","Oriental Super Market","10336 Metcalf Ave","66212",38.9403024480507,-94.67038817496616
"66212","Overland Park","KS","European Delights","8841 W 95th St","66212",38.955764,-94.688167
"66212","Overland Park","KS","Save A Lot","9850 W. 87th St","66212",38.9726753234863,-94.6998138427734
"66212","Overland Park","KS","Ambica Foods","9055 Metcalf Ave","66212",38.96488591431652,-94.67153521788099
"66212","Overland Park","KS","Natural Grocers","9108 Metcalf Ave","66212",38.96247386663415,-94.66858238858072
"66212","Overland Park","KS","Desi Fresh","7275 W 105th St","66212",38.937538146972656,-94.66992950439453
"66212","Overland Park","KS","G.O.T. Systems","7171 W 95th St","66212",38.95552062988281,-94.67017364501953
"66212","Overland Park","KS","India Emporium","10458 Metcalf Ave","66212",38.939101,-94.669706
"66212","Overland Park","KS","Namaste India","10563 Metcalf Ave","66212",38.93692433245564,-94.66666122332907
"66212","Overland Park","KS","7-11","not_available","66204",38.94865262074668,-94.69279298858464
"66212","Overland Park","KS","Latino Y Punto","10452 Metcalf Ave","66212",38.939101,-94.669706
"66213","Overland Park","KS","ALDI","8640 W 135th St","66223",38.88451496223434,-94.68557349066032
"66214","Overland Park","KS","Target","11501 W 97th St","66214",38.950387978631376,-94.71899418850413
"66215","Lenexa","KS","Hy-Vee","13400 W 87th Street Pkwy","66216",38.972123,-94.741172
"66215","Lenexa","KS","Hen House Market","15000 W 87th Street Pkwy","66215",38.97204036107005,-94.75987030653387
"66215","Lenexa","KS","Ho's Oriental Market","9500 Marshall Dr","66215",38.95551300048828,-94.73550415039062
"66215","Lenexa","KS","Jack's Discount Liquor","12220 W 95th St","66215",38.95770043521158,-94.72765265219522
"66215","Lenexa","KS","Pak Halal","not_available","66215",38.97041338683556,-94.72766436477772
"66215","Lenexa","KS","Al Habashi Halal Meats","9776 Quivira Rd","66215",38.950559000000005,-94.72410500000001
"66216","Shawnee","KS","Hy-Vee","13550 W 63rd St","66216",39.015937,-94.743475
"66216","Shawnee","KS","Price Chopper","12010 Shawnee Mission Pkwy","66216",39.015925411892354,-94.72560897696974
"66216","Shawnee","KS","Natural Grocers","13335 Shawnee Mission Pkwy","66216",39.013957756160465,-94.74093297137253
"66216","Shawnee","KS","CBD American Shaman of Shawnee","13213 Shawnee Mission Pkwy","66216",39.01335906982422,-94.73818969726562
"66217","Shawnee","KS","Walmart Supercenter","16100 W 65th St","66217",39.0118313,-94.77298021
"66217","Shawnee","KS","ALDI","15105 W 67th St","66217",39.00678123312981,-94.76182119688013
"66219","Lenexa","KS","Sprouts Farmers Market","8550 Maurer Rd","66219",38.97320619669748,-94.77276295423508
"66219","Lenexa","KS","Mckeever’s Market & Eatery","8000 Maurer Blvd","66219",38.968716,-94.77433
"66219","Lenexa","KS","Aldi","15751 W 87th Street Pkwy","66219",38.969698784514975,-94.76896562062848
"66223","Overland Park","KS","Price Chopper","7201 W 151st St","66223",38.853517058363565,-94.66958320227624
"66223","Overland Park","KS","Sprouts Farmers Market","6821 W 135th St","66223",38.88203602030521,-94.66534106745917
"66402","Auburn","KS","Auburn Apple Market","1431 Washington St","66402",38.913174210769995,-95.8162619768923
"66411","Blue Rapids","KS","Hometown Foods","not_available","66411",39.68306142145547,-96.66139241441753
"66414","Carbondale","KS","Skip's Thriftway","515 Main St","66414",38.81881875831736,-95.68600848800968
"66415","Centralia","KS","Haverkamp Grocery","not_available","66415",39.726276,-96.12559
"66416","Circleville","KS","Circleville Marketplace","201 Lincoln St","66416",39.507859,-95.85948
"66427","Frankfort","KS","Azteca Market","not_available","66427",39.610372,-96.455129
"66434","Hiawatha","KS","Walmart Supercenter","701 Hopi St","66434",39.84646960618196,-95.56022571542287
"66434","Hiawatha","KS","Hiawatha Thriftway","not_available","66434",39.859287,-95.526638
"66436","Holton","KS","Walmart Supercenter","427 S Arizona Ave","66436",39.45648769807838,-95.75010879290532
"66436","Holton","KS","Holton Country Mart","112 South 75 Highway","66436",39.45915597,-95.7464378
"66439","Horton","KS","Jim's Horton Thriftway","240 E 15th St","66439",39.667649,-95.524547
"66441","Junction City","KS","Dillons","618 W 6th St","66441",39.0290082,-96.840135
"66441","Junction City","KS","Walmart Supercenter","521 E Chestnut St","66441",39.019303071029704,-96.82067867083258
"66441","Junction City","KS","Fort Riley Commissary","2310 Trooper Dr","66442",39.064120688901866,-96.82666863861138
"66441","Junction City","KS","Walmart Neighborhood Market","not_available","66441",39.0182491446807,-96.86170790824579
"66441","Junction City","KS","ALDI","520 E Chestnut St","66441",39.022469,-96.821432
"66441","Junction City","KS","Seoul Restaurant and Supermarket","204 Grant Ave","66442",39.04275894165039,-96.82737731933594
"66441","Junction City","KS","Walmart Grocery Pickup","1723 McFarland Road","66441",39.01896286010742,-96.86128234863281
"66441","Junction City","KS","Hospital Shopette","not_available","66442",39.077114933361536,-96.77063382648926
"66441","Junction City","KS","Ogden Grocery Market","301 Riley","66502",39.092604,-96.69103
"66502","Manhattan","KS","Dillons","1101 Westloop Pl","66502",39.1911659,-96.6108061
"66502","Manhattan","KS","Hy-Vee","601 North 3rd Place","66502",39.18503388,-96.56062548
"66502","Manhattan","KS","Walmart Supercenter","101 Bluemont Ave","66502",39.18822654268857,-96.5562666242041
"66502","Manhattan","KS","Dillons","130 Sarber Ln","66502",39.1829552,-96.5559713
"66502","Manhattan","KS","Dillons ClickList","not_available","66502",39.183189,-96.555878
"66502","Manhattan","KS","Yi's Oriental Market","1030 Colorado St","66502",39.176516,-96.573178
"66502","Manhattan","KS","Aldi's","140 E Poyntz Ave","66502",39.17981751817166,-96.55454532941803
"66502","Manhattan","KS","Dillions","not_available","66503",39.19593091193367,-96.60039251447603
"66502","Manhattan","KS","Asian Market","2304 Stagg Hill Rd Ste D","66502",39.168041,-96.596262
"66507","Maple Hill","KS","Ray's Apple Market","Jesuit Ln","66536",39.18770138080328,-96.05677953700392
"66508","Marysville","KS","Walmart Supercenter","1174 Pony Express Hwy","66508",39.84315534119553,-96.6051530182485
"66508","Marysville","KS","Crome's Market","505 Broadway","66508",39.841429999999995,-96.651335
"66508","Marysville","KS","Dank's Broadway Market","not_available","66508",39.84161074514893,-96.65132350808987
"66520","Olsburg","KS","Olsburg Grocery Inc","500-598 2nd St","66520",39.431803822517395,-96.61497116088867
"66523","Osage City","KS","HEALTH AND WELLNESS","105 Walnut St","66868",38.51932907104492,-95.9638900756836
"66524","Overbrook","KS","O'Bryhim's Thriftway","205 Maple","66524",38.776812749643724,-95.55677021684964
"66534","Sabetha","KS","Garrett""s Country Mart","707 S. Old 75 Hwy","66534",39.89790809507359,-95.7885347559235
"66538","Seneca","KS","Ray's Apple Market","302 Castle St","66538",39.83502960205078,-96.0604476928711
"66538","Seneca","KS","Big B Thriftway","6 E North St","66538",39.84111022949219,-96.05712127685547
"66547","Wamego","KS","Gene's Heartland Foods","1003 U.S. 24","66547",39.19726177945463,-96.3089503922085
"66547","Wamego","KS","Dyer's IGA","1003 W US Highway 24","66547",39.20975076,-96.30893111228943
"66604","Topeka","KS","Walmart Supercenter","1501 Sw Wanamaker Rd","66604",39.03972776652441,-95.76409718691802
"66604","Topeka","KS","Dillons","5311 SW 22nd Pl","66614",39.026648668920664,-95.74478048088622
"66604","Topeka","KS","Dillons","4015 SW 10th Ave","66604",39.0506095,-95.727082
"66604","Topeka","KS","Aldi","1530 SW Arvonia Pl","66615",39.03920270350569,-95.76641600672856
"66604","Topeka","KS","Natural Grocers","5836 SW 21st St","66604",39.02951853140956,-95.75771985784858
"66604","Topeka","KS","Mabuhay Asian & Oriental Food Mart","4014 SW Huntoon St","66604",39.044496,-95.726528
"66604","Topeka","KS","Seabrook Apple Market","1945 SW Gage Blvd","66604",39.03163100583705,-95.72550819385829
"66604","Topeka","KS","Dillons","1400 SW Huntoon St","66604",39.04453067723324,-95.69635693991114
"66605","Topeka","KS","Dillons","2010 SE 29th St","66605",39.0166208,-95.6504979
"66605","Topeka","KS","Walmart","2650 SE California Ave","66605",39.02028800170623,-95.648465333542
"66605","Topeka","KS","Aldi","105 SW 29th St","66611",39.01401974493581,-95.68274394438959
"66605","Topeka","KS","U-Market","not_available","66605",39.02949552777171,-95.66486591229838
"66605","Topeka","KS","Walmart Grocery Pickup","2630 Se California Ave","66605",39.01995,-95.6513
"66606","Topeka","KS","Walmart Neighborhood Market","335 Sw Macvicar Avenue","66606",39.06008891783523,-95.70813224560833
"66606","Topeka","KS","John's (Pauline Food Center)","not_available","66619",39.055968959908824,-95.75709956932879
"66606","Topeka","KS","Topeka Natural Food Co-op","503 SW Washburn Ave","66606",39.058471999999995,-95.692779
"66606","Topeka","KS","Tilton's Westside","1100 SW 6th Ave","66606",39.055845,-95.687718
"66607","Topeka","KS","EL Rodeo","1706 SE 6th Ave","66607",39.046617,-95.653048
"66607","Topeka","KS","Tilton's","326 NE Twiss Ave","66616",39.058253,-95.645579
"66608","Topeka","KS","Walmart Supercenter","2600 Nw Rochester Rd","66617",39.09362430810148,-95.67195439293705
"66608","Topeka","KS","Dillons","800 NW 25th St","66618",39.0932808,-95.6742071
"66608","Topeka","KS","Dolly Madison Bread Store","1729 NW Topeka Blvd","66608",39.080527,-95.6676499
"66608","Topeka","KS","mike's iga","2620 NE Sardou Ave","66616",39.066525,-95.63774699999999
"66608","Topeka","KS","ALDI","2320 NW Clay St","66618",39.091778,-95.67786699999999
"66609","Topeka","KS","Walmart Supercenter","1301 Sw 37th St","66611",38.99855712570177,-95.6935917371064
"66609","Topeka","KS","Dillons","2815 SW 29th St","66614",39.01412587773876,-95.71319371461868
"66609","Topeka","KS","Akin's Natural Foods","2913 SW 29th Street","66614",39.014362170508356,-95.7150522245107
"66614","Topeka","KS","Hy-Vee","2951 SW Wanamaker Rd","66614",39.01222817,-95.76394278
"66614","Topeka","KS","Dillons","6829 SW 29th St","66614",39.0134651,-95.7825043
"66701","Fort Scott","KS","Walmart Supercenter","2500 S Main St","66701",37.80800336691651,-94.70849670265989
"66701","Fort Scott","KS","Gene's Heartland Foods","911 E 6th St","66701",37.836391,-94.696826
"66701","Fort Scott","KS","Price Chopper","not_available","66701",37.81166458129883,-94.70621490478516
"66713","Baxter Springs","KS","Marvins","Military Ave, Baxter Springs, 66713","66713",37.02109696371275,-94.73543061004177
"66713","Baxter Springs","KS","Save a Lot","12th & Grant","66713",37.02399444580078,-94.74368286132812
"66720","Chanute","KS","Walmart Supercenter","2700 S Santa Fe Ave","66720",37.65427282,-95.45129869
"66720","Chanute","KS","G&W Foods","517 W Main St","66720",37.681554592056706,-95.46031165124829
"66725","Columbus","KS","Apple Market","103 N East Ave","66725",37.17129924617896,-94.83222417207925
"66733","Erie","KS","Stubs Market","525 W State St","66733",37.57209983469063,-95.25015592575072
"66733","Erie","KS","St Paul Supermarket","514 Washington St","66771",37.51459205856496,-95.16312104106582
"66743","Girard","KS","G & W Family Super Store","501 W Saint John St","66743",37.51328973908502,-94.85007096422433
"66749","Iola","KS","Walmart Supercenter","2200 N State St","66749",37.942746880109006,-95.41144126257764
"66762","Pittsburg","KS","Walmart Supercenter","2710 N Broadway St","66762",37.43388021757442,-94.70268150145726
"66762","Pittsburg","KS","Dillons","2600 N Broadway St","66762",37.43211,-94.70395
"66762","Pittsburg","KS","Walmart Neighborhood Market","1011 East Centennial Drive","66762",37.382924182047105,-94.68753239025565
"66762","Pittsburg","KS","Ron's Supermarket","310 E Centennial Dr","66762",37.38119208924543,-94.70147826755652
"66762","Pittsburg","KS","ALDI","3109 N Broadway St","66762",37.439709975335624,-94.70622271299356
"66776","Thayer","KS","MaMa C's Grocery","220 Galveston St","66776",37.52025169225758,-95.47100003395424
"66783","Yates Center","KS","Hobbs Seasoning","201 E Mary St","66783",37.87963,-95.73092
"66801","Emporia","KS","Walmart Supercenter","2301 Industrial Rd","66801",38.42544,-96.21965
"66801","Emporia","KS","Reeble's Country Mart North","1020 Merchant St","66801",38.41034193230537,-96.18110539546117
"66801","Emporia","KS","Dillons","902 E 12th Ave","66801",38.4129257,-96.1675426
"66801","Emporia","KS","Braum's Ice Cream & Burger Restaurant","2120 Industrial Rd","66801",38.42416912,-96.21647531
"66801","Emporia","KS","Price Chopper","2701 W Us Highway 50","66801",38.406333923339844,-96.21499633789062
"66801","Emporia","KS","ALDI","2331 Industrial Rd","66801",38.426467519089684,-96.21751014172406
"66801","Emporia","KS","Huong Viet Oriental Food Market","203 Commercial St","66801",38.400249,-96.18053499999999
"66839","Burlington","KS","Hoovers Thriftway","314 Cross St","66839",38.20667871370153,-95.73778562625931
"66839","Burlington","KS","Shopko","not_available","66839",38.206162891867386,-95.73904045640393
"66845","Cottonwood Falls","KS","Dollar General","not_available","66845",38.369117,-96.538753
"66846","Council Grove","KS","Rays Apple Market","115 E Main St","66846",38.661173,-96.48527
"66861","Marion","KS","Carlson's Grocery","1121 E Main St","66861",38.347807,-97.00911500000001
"66866","Peabody","KS","Peabody Market","208 N Walnut St","66866",38.166603088378906,-97.10646057128906
"66901","Concordia","KS","Walmart Supercenter","140 E College Dr","66901",39.55090897960985,-97.65986297865948
"66901","Concordia","KS","Rod's Thriftway Foodstore","not_available","66901",39.57912198249863,-97.65768000215365
"66935","Belleville","KS","FOODMART","M ST","66935",39.81960777500873,-97.63085933053961
"66951","Kensington","KS","Kensington Community Store","128 S Main St","66951",39.765815,-99.031603
"66952","Lebanon","KS","LaDow's Supermarket","not_available","66952",39.807718076653906,-98.557753335059
"66953","Linn","KS","Jack's Food Market","not_available","66953",39.679595,-97.085151
"66968","Washington","KS","Schoen's Food Store","101-159 E 3rd St","66968",39.81744174,-97.05034991
"67002","Andover","KS","Dillons Marketplace","225 E Cloud Ave","67002",37.6773781,-97.1332167
"67002","Andover","KS","Braum's Ice Cream & Dairy Stores","401 S Andover Rd","67002",37.68107276713351,-97.13579735455082
"67003","Anthony","KS","Gene's Heartland Foods","321 W Main St","67003",37.152530670166016,-98.0337142944336
"67003","Anthony","KS","Larry's Hometown Market","103 E Main St","67003",37.152374,-98.02982
"67005","Arkansas City","KS","Walmart Supercenter","2701 N Summit St","67005",37.090002720960655,-97.04221188012572
"67005","Arkansas City","KS","Dillons","425 N Summit St","67005",37.0665139,-97.0398667
"67010","Augusta","KS","Walmart Supercenter","719 W 7th Ave","67010",37.678112628284616,-96.98771649944523
"67010","Augusta","KS","Dillons","1510 Ohio St","67010",37.6908296,-96.97036089999999
"67013","Belle Plaine","KS","M&M Market","440 N Merchant St","67013",37.39335023143495,-97.28081575392844
"67020","Burrton","KS","Haven Foodliner","Kansas","67543",37.9004854025769,-97.77796141666055
"67022","Caldwell","KS","Moores Venture Foods","1 N Main St","67022",37.032535975098256,-97.60706022808711
"67025","Cheney","KS","Jim's Foodliner","400-498 N Main St","67025",37.630496,-97.781217
"67029","Coldwater","KS","Venture Food Mart","307 S Central St","67029",37.267099672829794,-99.3276855436139
"67030","Colwich","KS","Kraus Foods","219 E Chicago Ave","67030",37.778366999999996,-97.534548
"67031","Conway Springs","KS","Hired Man's Grocery and Grill","424 N 5th St","67031",37.39687459203228,-97.64225721359253
"67037","Derby","KS","Dillons","1624 N Rock Rd","67037",37.563678027102114,-97.24123567353672
"67037","Derby","KS","Target","2024 N Rock Rd","67037",37.568922,-97.241693
"67037","Derby","KS","Walmart Supercenter","2020 N Nelson Dr","67037",37.56881801026995,-97.27548327325849
"67037","Derby","KS","Walmart Neighborhood Market","1106 S. Rock Rd","67037",37.5329370475618,-97.2427045603401
"67037","Derby","KS","McConnell AFB Commissary","53327 Derby Ct","67221",37.629833232722675,-97.24745370094162
"67037","Derby","KS","Dillons","200 W Greenway St","67037",37.5578445,-97.2720278
"67037","Derby","KS","ALDI","1719 N Rock Rd","67037",37.564698504377816,-97.24524544907376
"67037","Derby","KS","Xom Market","3363 E 47th St S","67216",37.60576921397477,-97.29627810693202
"67039","Douglass","KS","Apple Market","not_available","67133",37.57369049161569,-97.13439497949362
"67042","El Dorado","KS","Walmart Supercenter","301 S Village Rd","67042",37.81490538794663,-96.89188613597798
"67042","El Dorado","KS","Dillons","700 N Main St","67042",37.8253306,-96.8486936
"67042","El Dorado","KS","Lowry's nutrition center","614 Main St","67042",37.823356,-96.84885
"67045","Eureka","KS","G&W Foods","Main St.","67045",37.82197952270508,-96.29370880126953
"67052","Goddard","KS","Walmart Supercenter","18631 W Kellogg Dr","67052",37.66077614,-97.55451167
"67052","Goddard","KS","White's Foodliner","19846 W Kellogg Dr","67052",37.66497039794922,-97.5647964477539
"67052","Goddard","KS","Kroger West","not_available","67052",37.660875622718386,-97.59141671941018
"67054","Greensburg","KS","Dillons","225 E Kansas Ave","67054",37.60594616390537,-99.29471225547925
"67056","Halstead","KS","Halstead market","145 Main St","67056",38.00457886939214,-97.50612526920965
"67058","Harper","KS","SPK Grocery","406 E 14th St","67058",37.28343200683594,-98.02180480957031
"67060","Haysville","KS","Homeland Stores","201 N Main St","67060",37.566204188821374,-97.35332112631377
"67060","Haysville","KS","Cash Saver","201 N Main St","67202",37.56618114102482,-97.35296487808228
"67061","Hazelton","KS","Hometown Market","140 S 6th St","67070",37.01613998413086,-98.48633575439453
"67062","Hesston","KS","Hesston Food Market","115 W Smith St","67062",38.13844524,-97.43237082
"67104","Medicine Lodge","KS","White's Foodliner","225 S Iliff St","67104",37.278056934199036,-98.58708589748737
"67107","Moundridge","KS","Moundridge Food Market","101 S Avenue A","67107",38.20211244583812,-97.50923037528992
"67110","Mulvane","KS","Dillons","1203 N 2nd Ave","67110",37.4866166,-97.24504
"67114","Newton","KS","Walmart Supercenter","1701 S Kansas Rd","67114",38.02338234,-97.33825081
"67114","Newton","KS","Dillons","1216 N Main St","67114",38.05642573594795,-97.34286101194812
"67114","Newton","KS","Dillons","1410 S Kansas Ave","67114",38.0276717,-97.3343212
"67114","Newton","KS","Prairie Harvest Market & Deli","601 N Main St","67114",38.04876772121844,-97.34523292484546
"67114","Newton","KS","Puff's Newton","206 S Kansas Ave Ste B","67114",38.0415008,-97.33662070000001
"67124","Pratt","KS","Walmart Supercenter","2003 E 1st St","67124",37.6447796,-98.71360217
"67124","Pratt","KS","Dillons Grocery Pickup and Delivery","1108 E 1st St","67124",37.64643478393555,-98.72769927978516
"67147","Valley Center","KS","Leeker's Family Foods","6223 N Broadway Ave","67219",37.797171999999996,-97.337328
"67152","Wellington","KS","Dillons","1111 W 8th St","67152",37.2683799,-97.4115399
"67152","Wellington","KS","Walmart Supercenter","2022 E 16th St","67152",37.27400018,-97.37353721
"67156","Winfield","KS","Walmart Supercenter","2202 Pike Rd","67156",37.22707513,-96.99360279
"67156","Winfield","KS","Dillons","2310 Main St","67156",37.2259979,-96.9938964
"67156","Winfield","KS","Kevin’s Asian Market","1301 Main St","67156",37.236005,-96.997594
"67156","Winfield","KS","Mini-Max","1906 E 9th Ave","67156",37.2427978515625,-96.97380828857422
"67203","Wichita","KS","Dillons","3932 W 13th St N","67203",37.709494,-97.3885377
"67203","Wichita","KS","Dillons","640 N West St","67203",37.694239,-97.388511
"67203","Wichita","KS","Walmart Neighborhood Market","2111 N Amidon Ave","67203",37.72145946481238,-97.36439195774797
"67203","Wichita","KS","Dillons","1910 W 21st St N","67203",37.7234206,-97.36153069999999
"67203","Wichita","KS","Whole Foods","2315 W 21st St N","not_available",37.722522,-97.368984
"67203","Wichita","KS","ALDI","2323 N Amidon Ave","67204",37.7253232,-97.3637025
"67203","Wichita","KS","Thai Binh Supermarket","1530 W 21st St N","67203",37.72343184884231,-97.35515004888391
"67203","Wichita","KS","El Guero Meats And Grocery","524-598 W 21st St N","67203",37.72272468333333,-97.34355288333333
"67203","Wichita","KS","Tianguis Carniceria","3020 W 13th St N","67203",37.709168,-97.377573
"67203","Wichita","KS","Carniceria El Guero","2920 W Central Ave","67203",37.69463348388672,-97.37565612792969
"67204","Wichita","KS","Walmart Supercenter","5475 N Meridian Ave","67204",37.78376738,-97.37381159
"67204","Wichita","KS","Nomar International Market","204 E 21st St N","67214",37.722908000000004,-97.336646
"67204","Wichita","KS","Farmers Market","2901 N Broadway Ave","67219",37.735946000000006,-97.33673
"67205","Wichita","KS","Target","2727 N Maize Rd","67205",37.732454340250804,-97.4649116063299
"67205","Wichita","KS","Walmart Supercenter","10600 W 21st St N","67205",37.72463828945637,-97.46548615553128
"67205","Wichita","KS","Dillons","10222 W 21st St N","67205",37.7235508,-97.4610856
"67205","Wichita","KS","GreenAcres Market","10555 W 21st St N","67205",37.722131,-97.46514300000001
"67206","Wichita","KS","Dillons Marketplace","7707 E Central Ave","67206",37.692111,-97.2458528
"67206","Wichita","KS","Target","10800 E 21st St N","67206",37.724216,-97.211489
"67206","Wichita","KS","Trader Joe's","1800 N. Rock Road","67206",37.7166082608827,-97.2434929110158
"67206","Wichita","KS","Whole Foods Market","1423 N. Webb Road","67206",37.70911153862838,-97.22789054808001
"67206","Wichita","KS","Dillons","2244 N Rock Rd","67226",37.72461357162852,-97.24243372678751
"67206","Wichita","KS","Aldi","6835 E 21st St N","67206",37.7220034,-97.2582165
"67206","Wichita","KS","Sprouts Farmers Market","7728 E Central Ave","67206",37.69486386048054,-97.24688619375229
"67206","Wichita","KS","Natural Grocers","1715 N Rock Rd","67206",37.71439512789071,-97.24538355681348
"67206","Wichita","KS","GreenAcres Market","6574 E Central Ave","67206",37.69475272419527,-97.26039968829468
"67206","Wichita","KS","The Seafood Shop","6470 E Central Ave","67206",37.69493218503923,-97.26104026394265
"67207","Wichita","KS","Walmart Supercenter","11411 E Kellogg Dr","67207",37.67677837575512,-97.20432549036367
"67207","Wichita","KS","Dillons","9450 E Harry St","67207",37.6659051,-97.2273518
"67207","Wichita","KS","N&J Cafe & Bakery","5600 E Lincoln St","67218",37.672177062854146,-97.27084356983902
"67207","Wichita","KS","ALDI","8011 E Kellogg Dr","67207",37.67781246520955,-97.24313632484262
"67207","Wichita","KS","Dong Huong Asian Market","10939 E Harry St","67207",37.66391531542333,-97.20985293388367
"67207","Wichita","KS","Lucky Asian Market","East Harry Street","67207",37.66505664995641,-97.2541733569258
"67207","Wichita","KS","Super Del Centro","808 S Woodlawn Blvd","67218",37.67310814612771,-97.26153641939163
"67208","Wichita","KS","Asia Bazaar","6100 E 21st St N #300","67208",37.72395503549888,-97.26532865969904
"67208","Wichita","KS","Walmart Neighborhood Market","4794 E 13th St N","67208",37.709197851397406,-97.28136904920511
"67208","Wichita","KS","Asian Groceries","6249 E 21st St N #100","67208",37.72274873025454,-97.26415157318115
"67209","Wichita","KS","Target","7575 W Maple St","67209",37.67808213834473,-97.43121860810741
"67209","Wichita","KS","Walmart Supercenter","6110 W Kellogg Dr","67209",37.67476354,-97.41303909
"67209","Wichita","KS","Sysco Warehouse","4649-4799 W Irving St","67209",37.67160914,-97.39744901
"67210","Wichita","KS","Save A Lot","2404 George Washington Blvd","67218",37.649791726560096,-97.28730842228579
"67211","Wichita","KS","Walmart Supercenter","501 E Pawnee St","67211",37.6479656342693,-97.33260795380713
"67211","Wichita","KS","La Michoacana","2310 S Southeast Blvd","67211",37.651862,-97.315939
"67211","Wichita","KS","Super Del Centro","2425 S Hillside St","67216",37.649106,-97.299278
"67211","Wichita","KS","Mercadito Salvadoreno","1660 S George Washington Blvd","67211",37.663269841731505,-97.29955673217773
"67211","Wichita","KS","Dillons","1640 S Broadway St","67211",37.6634735400748,-97.3352306165765
"67211","Wichita","KS","Checker's","not_available","67216",37.64915499842986,-97.31377052284529
"67211","Wichita","KS","Kim Son Asian Food Market","960 E Pawnee St","67211",37.650211,-97.326691
"67211","Wichita","KS","Save-A-Lot","1640 S Broadway","67211",37.6632881164551,-97.3351440429688
"67212","Wichita","KS","Dillons","10515 W Central Ave","67212",37.6926812,-97.4641914
"67212","Wichita","KS","Dillons","8828 W 13th St N","67212",37.7097059,-97.4457861
"67212","Wichita","KS","Walmart Neighborhood Market","10550 W Central Ave","67212",37.69520158608983,-97.46450012744133
"67212","Wichita","KS","Natural Grocers","10520 W 13th St","67212",37.70868,-97.463236
"67212","Wichita","KS","ALDI","765 N Maize Rd","67212",37.69625628147232,-97.46354297564721
"67212","Wichita","KS","Dillons","10304 W 13th St N","67212",37.70858876593858,-97.46220044689422
"67213","Wichita","KS","Harry Grocery & Smoke Shop","324 W Harry St","67213",37.664543,-97.34159100000001
"67213","Wichita","KS","La Tapatia","1955 S Seneca St","67213",37.658987,-97.352851
"67214","Wichita","KS","Dillons","3020 E Douglas Ave","67214",37.6870026,-97.3002967
"67214","Wichita","KS","Save-A-Lot","2402 E 13th St","67214",37.70843271261941,-97.30770586193304
"67214","Wichita","KS","Thien An Supermarket","1336 N Broadway Ave","67214",37.707173,-97.33509000000001
"67214","Wichita","KS","La Tienda Del Ahorro","1770 N Broadway Ave","67214",37.721812383992756,-97.33557698910609
"67216","Wichita","KS","Dillons Grocery Pickup and Delivery","4747 S Broadway Ave","67216",37.60898971557617,-97.33524322509766
"67216","Wichita","KS","Lao Food Market","3141 S Hillside St","67216",37.636091,-97.299378
"67217","Wichita","KS","Walmart Neighborhood Market","3137 S Seneca St","67217",37.638056665963205,-97.35401227877314
"67217","Wichita","KS","Dillons","3211 S Seneca St","67217",37.636051,-97.353753
"67217","Wichita","KS","ALDI","2826 S Seneca St","67217",37.64325,-97.35171
"67218","Wichita","KS","Dillons","5500 E Harry St","67218",37.6656408,-97.2726324
"67218","Wichita","KS","Grace Korean, Japanese & Asian Market","1030 S Oliver St","67218",37.66851021117339,-97.27966175262105
"67218","Wichita","KS","La Tienda Del Ahorro","1770 S Broadway","67214",37.651433,-97.279693
"67219","Wichita","KS","Kice Supermart","not_available","67219",37.783325,-97.32117
"67220","Wichita","KS","Dillons","3707 N Woodlawn Blvd","67220",37.750907,-97.263648
"67226","Wichita","KS","Walmart Supercenter","3030 N Rock Rd","67226",37.73840598958218,-97.24208199631046
"67226","Wichita","KS","Tortilleria Los 3","306 E 29 St N","67204",37.740397453308105,-97.23782300949097
"67226","Wichita","KS","India Emporium","3743 N Rock Rd","67226",37.750989000000004,-97.24531800000001
"67235","Wichita","KS","Dillons","13415 W Maple St","67235",37.6769684,-97.4967344
"67301","Independence","KS","Walmart Supercenter","121 Peter Pan Rd","67301",37.22325869,-95.743376
"67301","Independence","KS","Save A Lot","903 E 8th St","67337",37.0353628,-95.6015299
"67301","Independence","KS","Country Mart","1000 Hall St","67337",37.034072334682406,-95.64009837728966
"67301","Independence","KS","Marvins Food Saver","not_available","67301",37.22318228523635,-95.73039089456782
"67330","Altamont","KS","Altamont Grocery","not_available","67330",37.192665,-95.297074
"67333","Caney","KS","Casey's General Store","101 N Mcgee St","67333",37.0118899,-95.9287297
"67333","Caney","KS","Floyd's","not_available","67333",37.013154,-95.933642
"67335","Cherryvale","KS","G&W Foods","216 N Liberty St","67335",37.27063751220703,-95.55640411376953
"67336","Chetopa","KS","chetopa foods","S 4th St, Chetopa, KS 67336","67336",37.03617586807707,-95.0875540035136
"67336","Chetopa","KS","G & W Foods","1007 S Commercial St","67356",37.1603201864219,-95.10976675837559
"67337","Coffeyville","KS","Walmart Supercenter","1863 Cr 5300","67337",37.04255027,-95.57943288
"67344","Elk City","KS","Longton Grocery","419 Kansas","67352",37.378222854602484,-96.08085751533508
"67349","Howard","KS","Elk County General Store","132 S Wabash","67349",37.468284606933594,-96.26399230957031
"67349","Howard","KS","Family Market","102 N Wabash","67349",37.46917724609375,-96.2640151977539
"67357","Parsons","KS","Walmart Supercenter","3201 No 16th St","67357",37.372060386556036,-95.2558339352524
"67357","Parsons","KS","Country Mart","2020 Main St","67357",37.33994312175038,-95.26743400082941
"67357","Parsons","KS","Save-A-Lot","324 E Main St","67357",37.338941,-95.237152
"67401","Salina","KS","Walmart Supercenter","2900 S 9th St","67401",38.7857716,-97.61421483
"67401","Salina","KS","Dillons","2350 Planet Ave","67401",38.7995035,-97.6145195
"67401","Salina","KS","Dillons","1235 E Cloud St","67401",38.813382,-97.592547
"67401","Salina","KS","Dillons","1201 W Crawford St","67401",38.82601410572705,-97.62369366006163
"67401","Salina","KS","Prairieland Market","305 E Walnut St","67401",38.8384322,-97.606487
"67401","Salina","KS","ALDI","2660 Planet Ave","67401",38.797474,-97.6122265
"67401","Salina","KS","Save-A-Lot","511 E Iron Ave","67401",38.84090042,-97.6038208
"67410","Abilene","KS","West's Country Mart","1900 N Buckeye Ave","67410",38.93594414694118,-97.21493659931208
"67410","Abilene","KS","Zey's Market","1020 W 1st St","67410",38.915618896484375,-97.22991943359375
"67418","Barnard","KS","Lincoln Grocery Store","123 S 4th St","67455",39.03959094793708,-98.14763624282773
"67420","Beloit","KS","Apple Market","1004 N Independence Ave","67420",39.4689948238118,-98.11578431249843
"67428","Canton","KS","Canton Grocery","main","67428",38.38743591308594,-97.42770385742188
"67432","Clay Center","KS","Kiers","909 5th St","67432",39.378674,-97.127271
"67432","Clay Center","KS","Ray's Apple Market","722 W Crawford St","67432",39.38026349996089,-97.14714060700284
"67439","Ellsworth","KS","Heartland Foods","745 Odonnell Dr","67439",38.74250793457031,-98.21652221679688
"67449","Herington","KS","Barnes Heartland Foods","not_available","67449",38.67206838889475,-96.94411193170964
"67452","Hunter","KS","Tipton Grocery","not_available","67485",39.34099578857422,-98.47120666503906
"67456","Lindsborg","KS","Scott's Hometown Foods","215 N Harrison St","67456",38.575909424895336,-97.66713762335921
"67460","Mcpherson","KS","Dillons","1320 N Main St","67460",38.3831856,-97.6659794
"67460","Mcpherson","KS","Walmart Supercenter","205 S Centennial Dr","67460",38.36767039,-97.62813807
"67464","Marquette","KS","Piper's Fine Foods","102 S Washington St","67464",38.553015,-97.83436999999999
"67467","Minneapolis","KS","Gene's Heartland Foods","318 W 3rd","67467",39.12341862978216,-97.70790038090924
"67490","Wilson","KS","Wilson Family Food","2546 Avenue E","67490",38.82585525512695,-98.47412109375
"67501","Hutchinson","KS","Walmart Supercenter","1905 E 17th Ave","67501",38.06981019336573,-97.89179893610303
"67501","Hutchinson","KS","Dillons Marketplace","3200 Plaza East Dr","67502",38.0893153,-97.895803
"67501","Hutchinson","KS","Smith's Market","211 S Main St","67501",38.04927193599926,-97.93193913735924
"67501","Hutchinson","KS","ALDI","1610-1668 E 17th Ave","67501",38.07384226045751,-97.89775199414855
"67501","Hutchinson","KS","Yoder Bulk Foods","not_available","67543",37.94067009,-97.86997609
"67501","Hutchinson","KS","Dillons","725 E 4th Ave","67501",38.056844,-97.916
"67501","Hutchinson","KS","Dillons","206 W 5th Ave","67501",38.0592742,-97.9364294
"67501","Hutchinson","KS","Dillons","1321 N Main St","67501",38.06802139983342,-97.93229788541794
"67516","Bazine","KS","Broulims","3160 E 17th St Ste 164","83406",43.481421,-111.971295
"67526","Ellinwood","KS","Ellinwood Grocery","not_available","67526",38.35488071264687,-98.57876839878882
"67530","Great Bend","KS","Walmart Supercenter","3503 10th St","67530",38.359281409479806,-98.78718766514503
"67530","Great Bend","KS","Dillons","4107 10th St","67530",38.3605045,-98.7938394
"67530","Great Bend","KS","Dillons","1811 Main St","67530",38.3701835,-98.765411
"67544","Hoisington","KS","Town & Country Supermarket","818 N Elm St","67544",38.520995,-98.77479699999999
"67546","Inman","KS","Hometown Foods","main st","67546",38.23000698827294,-97.77589153108445
"67547","Kinsley","KS","Food Pride","615 Niles Ave","67547",37.922364,-99.409566
"67548","La Crosse","KS","Rush County Grocery","518 Main St","67548",38.528701,-99.30924499999999
"67550","Larned","KS","Dillons","423 Main St","67550",38.17813470831797,-99.10055816173553
"67554","Lyons","KS","Lyons Foodliner","ks 14","67554",38.34668523923934,-98.20251605722801
"67554","Lyons","KS","Doug's","not_available","67554",38.347564859713025,-98.21382463009364
"67560","Ness City","KS","Whole Foods Market","6300 S Robert Kingery Hwy","60527",38.262681434607714,-100.23768603801727
"67560","Ness City","KS","Ralph's Supermarket","115 N Iowa Ave","67560",38.45466232299805,-99.90409088134766
"67561","Nickerson","KS","berridges","not_available","67561",38.148121786142106,-98.08130701993025
"67576","St John","KS","Dillons","109 E 4th Ave","67576",38.002767999999996,-98.760878
"67579","Sterling","KS","Dillons","212 S Broadway Ave","67579",38.2079481,-98.2065982
"67601","Hays","KS","Walmart Supercenter","4301 Vine St","67601",38.903108146489956,-99.32102102937765
"67601","Hays","KS","Dillons","517 W 27th St.","67601",38.886061458126036,-99.33551995298936
"67601","Hays","KS","Dillons","1902 Vine St","67601",38.8755294,-99.31649589999999
"67601","Hays","KS","Rick's Food Store","1104 Main Street","67671",38.849033111084914,-99.1461181640625
"67622","Almena","KS","Almena Market","517 Main St","67622",39.89249301192069,-99.70659255981445
"67637","Ellis","KS","Hometown IGA","1106 Washington St","67637",38.935481,-99.56066700000001
"67642","Hill City","KS","Hill City Heartland Foods","113 E Main St","67642",39.36420440673828,-99.8412857055664
"67654","Norton","KS","Shop and Save","not_available","67654",39.82944869995117,-99.8929214477539
"67654","Norton","KS","Jamboree Foods","117 N 2nd Ave","67654",39.829388,-99.89165200000001
"67661","Phillipsburg","KS","White's Foodliner","934 3rd St","67661",39.758451,-99.32376500000001
"67665","Russell","KS","Klemas Apple Market","Fossil st","67665",38.88340759277344,-98.85547637939453
"67672","Wakeeney","KS","Heartland Foods","not_available","67672",39.02543280097964,-99.88516490027496
"67701","Colby","KS","Walmart Supercenter","115 W Willow St","67701",39.36695208841302,-101.0474775539905
"67701","Colby","KS","Dillons","1605 S Range Ave","67701",39.3740848,-101.0537205
"67735","Goodland","KS","Walmart Supercenter","2160 C0mmerce Road","67735",39.33445084333379,-101.72790684287924
"67740","Hoxie","KS","Joslyn's Food Center","1201 Oak Ave","67740",39.35797882080078,-100.43905639648438
"67748","Oakley","KS","Heartland Foods","127 Converse Ave","67748",39.126182556152344,-100.8551254272461
"67756","Saint Francis","KS","Hilltop General Store","707 S Benton St","67756",39.767669677734375,-101.8004379272461
"67801","Dodge City","KS","Walmart Supercenter","1905 N 14th Ave","67801",37.7685142,-100.0346195
"67801","Dodge City","KS","Dillons","1700 N 14th Ave","67801",37.764819,-100.032037
"67801","Dodge City","KS","Tianguis Carniceria","512 S 2nd Ave","67801",37.74134857692046,-100.0192648520147
"67831","Ashland","KS","Venture Foods","803 Main St","67831",37.185443045910134,-99.76818724979232
"67835","Cimarron","KS","White's Foodliner","18309 US 50","67835",37.80642725870027,-100.3351392364515
"67844","Fowler","KS","Thriftway","110 S Springlake St","67864",37.285104,-100.340902
"67846","Garden City","KS","Dillons","1211 Buffalo Jones Ave","67846",37.976554,-100.884686
"67846","Garden City","KS","Walmart Supercenter","3101 E Kansas Ave","67846",37.985936004637395,-100.83650743295814
"67846","Garden City","KS","Walmart Neighborhood Market","2424 N Taylor Ave","67846",37.986779763581225,-100.8820469141667
"67846","Garden City","KS","Dillons Grocery Pickup and Delivery","1305 E Kansas Ave","67846",37.97645153872756,-100.85720822804036
"67846","Garden City","KS","Savan Market","713 E Fulton St","67846",37.964434999999995,-100.865849
"67846","Garden City","KS","Ron’s Market","106 E Jones Ave","67851",37.989202,-100.989435
"67854","Jetmore","KS","Jetmore Food Center","not_available","67854",38.085819244384766,-99.8934097290039
"67855","Johnson","KS","Panderia y Pasteleria Lucero's","not_available","67855",37.570307,-101.756105
"67859","Kismet","KS","Walmart Supercenter","250 E Tucker Rd","67901",37.06698795754009,-100.91715821527528
"67859","Kismet","KS","Braum's Ice Cream & Dairy Stores","1500 N Kansas Ave","67901",37.05458311785236,-100.9229281471221
"67859","Kismet","KS","Dillons","1417 N Kansas Ave","67901",37.05358451935963,-100.92036724090576
"67859","Kismet","KS","KC's General Store","306 Main St","67859",37.199581,-100.699904
"67871","Scott City","KS","Heartland Foods","1314 S Main St","67871",38.482798,-100.905306
"67871","Scott City","KS","Jerkylicious","1319 S Main St","67871",38.471991,-100.907239
"67876","Spearville","KS","Spearville Merchantile Co Inc","301 S Main St","67876",37.84529113769531,-99.75508880615234
"67878","Syracuse","KS","Venture Food Store","not_available","67878",37.98059316981414,-101.75269412831139
"67879","Tribune","KS","Gooch's Foods","503 Broadway Ave","67879",38.470125737694914,-101.7522547104633
"67901","Liberal","KS","Walmart Neighborhood Market","712 N. Western Ave.","67901",37.0457878112793,-100.94140625
"67901","Liberal","KS","The Best Market","910 S Kansas Ave","67901",37.024258816764544,-100.92387356956527
"67901","Liberal","KS","Tienda Los Catrachos","8 S Lincoln Ave","67901",37.043819427490234,-100.9225082397461
"67950","Elkhart","KS","Moore's Food Pride","445 E Colorado St","67950",37.003238677978516,-101.89783477783203
"67950","Elkhart","KS","Gem Dandy Superette","521 S Sid St","67950",37.00272750854492,-101.89959716796875
"67951","Hugoton","KS","Carter's Country Supercenter","910 E 11th St","67951",37.170753479003906,-101.32884979248047
