"zip","city","state","name","address","postalCode","lat","lon"
"68003","Ashland","NE","No Frills Supermarket","2301 Silver St","68003",41.03862657325565,-96.37978434562683
"68003","Ashland","NE","Camp Ashland PX","220 Co. Rd A","68003",41.068845102876544,-96.3339196906281
"68005","Bellevue","NE","Walmart Supercenter","10504 S 15th St","68123",41.15572205746231,-95.93644706085007
"68005","Bellevue","NE","Offutt AFB Commissary","101 Meyer Ave","68113",41.11837645586421,-95.92243786889004
"68005","Bellevue","NE","Baker's Grocery Pickup and Delivery","801 Galvin Rd S","68005",41.15305709838867,-95.91618347167969
"68005","Bellevue","NE","Mison's Oriental Food Mart","1414 Harlan Dr","68005",41.141465203559854,-95.91201662806458
"68005","Bellevue","NE","Family Fare Supermarket","1510 Harlan Drive","68005-3650",41.141772375399874,-95.91345548629761
"68008","Blair","NE","Walmart Supercenter","1882 Holly St","68008",41.52591306,-96.1414243
"68008","Blair","NE","Blair Superfoods","208 N 19th St","68008",41.544800430056206,-96.14026181013365
"68008","Blair","NE","Family Fare Supermarket","238 South 8th Street","68008",41.542224,-96.12379089999999
"68022","Elkhorn","NE","Walmart Supercenter","18201 Wright St","68130",41.23174114090084,-96.198862541287
"68025","Fremont","NE","Walmart Supercenter","3010 E 23rd St","68025",41.45274258149687,-96.45709445693618
"68025","Fremont","NE","Hy-Vee","840 E 23rd St","68025",41.45294989,-96.4871451
"68025","Fremont","NE","Tienda Mexicana Guerrero","350 N D St","68025",41.43244934082031,-96.49466705322266
"68025","Fremont","NE","ALDI","3650 Elk Ln","68025",41.450679779052734,-96.45076751708984
"68025","Fremont","NE","Dick's Valley Market","102 N Spruce St","68064",41.312338,-96.346113
"68025","Fremont","NE","Old Home Bakery Outlet","not_available","68025",41.45338821411133,-96.50572204589844
"68025","Fremont","NE","Baker's Grocery Pickup and Delivery","1531 N Bell St","68025",41.443334334512976,-96.48530243500996
"68025","Fremont","NE","Doña Marina","315 N Main St","68025",41.43218283,-96.4961235
"68025","Fremont","NE","Brady's Meats & Foods","S Broad St","68025",41.42658303,-96.49903731666667
"68028","Gretna","NE","Walmart Supercenter","11350 Wickersham Blvd","68028",41.14328293720125,-96.16558807952731
"68028","Gretna","NE","McKinney's Food Center","215 Enterprise Dr","68028",41.146329175744725,-96.23611450195312
"68028","Gretna","NE","Fareway","17070 Audrey St","68136",41.19000594253849,-96.18108207410992
"68031","Hooper","NE","City Meat Market","118 N Main St","68031",41.611430267441996,-96.54763657486687
"68036","Linwood","NE","Didier's Grocery","not_available","68661",41.45287322998047,-97.05995178222656
"68036","Linwood","NE","Didier's Grocery Store","not_available","not_available",41.45295486224736,-97.06007724198489
"68039","Macy","NE","Jumps Food Barn","not_available","68039",42.11143112182617,-96.35518646240234
"68046","Papillion","NE","Hy-Vee","11650 S 73rd St","68046",41.135228,-96.026734
"68046","Papillion","NE","Walmart Supercenter","8525 S 71st Plz","68133",41.174266290408355,-96.0205332735466
"68046","Papillion","NE","Fareway","1325 Jersey St","68046",41.17524141335256,-96.02631984363768
"68048","Plattsmouth","NE","Hy-Vee","16418 Westside Dr","68048",41.01178221,-95.91046058
"68048","Plattsmouth","NE","Steube's Thriftway","624 Avenue A","68048",41.0125033229504,-95.88709043723148
"68048","Plattsmouth","NE","No Frills Supermarket","2400 8th Ave","68048",41.003341478674386,-95.90805141491258
"68057","Scribner","NE","Snyder Mini Mart","306 W 4th St","68664",41.70709991455078,-96.78662872314453
"68061","Tekamah","NE","save more market","not_available","68061",41.7748693023006,-96.22138005363375
"68065","Valparaiso","NE","Gerdes Farms Creations","not_available","68065",41.03992,-96.77471
"68066","Wahoo","NE","Wahoo Super","247 E 5th St","68066",41.20992126209845,-96.6183338776112
"68066","Wahoo","NE","Sun Mart Foods","1036 N Chestnut St","68066",41.21189394183587,-96.63088266279473
"68073","Yutan","NE","vine street market","not_available","68073",41.239022821294014,-96.39693502440899
"68102","Omaha","NE","Safari Foods","1299 Farnam St Ste 300","68102",41.25756069307126,-95.93154430389404
"68104","Omaha","NE","Walmart Supercenter","5018 Ames Ave","68104",41.30186934494549,-95.99154862206895
"68104","Omaha","NE","Baker's Grocery Pickup and Delivery","4405 N 72nd St","68134",41.29846954345703,-96.02233123779297
"68104","Omaha","NE","Global Foods Imported Grocery","1533 N Saddle Creek Rd","68104",41.273425,-95.989467
"68104","Omaha","NE","Asian Family Market","1510 NW Radial Hwy","68104",41.273707,-95.98414100000001
"68105","Omaha","NE","Super Mercadito","1052 Park Ave","68105",41.249244689941406,-95.95629119873047
"68105","Omaha","NE","Supermercado Nuestra Familia","2900 Leavenworth St","68105",41.25295178068711,-95.95556616783142
"68106","Omaha","NE","Hy-Vee","5150 Center St","68106",41.24248127167231,-95.99451184272766
"68106","Omaha","NE","ALDI","885 S 72nd St","68114",41.2520003,-96.02252329999999
"68106","Omaha","NE","Baker's Grocery Pickup and Delivery","888 S Saddle Creek Rd","68106",41.251068115234375,-95.9867935180664
"68107","Omaha","NE","Supermercado Nuestra Familia","3548 Q St","not_available",41.206098,-95.96643900000001
"68107","Omaha","NE","Jacobo's Grocery","4621 S 24th St","68107",41.21274653098378,-95.94672560691833
"68107","Omaha","NE","Super Carniceria El Pueblito","5116 S 24th St","68107",41.206423,-95.947509
"68107","Omaha","NE","New Asia Supermarket","4615 S 26th St","68107",41.212942,-95.949578
"68107","Omaha","NE","ALDI","4525 Dahlman Ave","68107",41.2144739,-95.9579418
"68107","Omaha","NE","Heartland Hope Mission","2021 U St","68107",41.201805,-95.942441
"68107","Omaha","NE","Los Compayes","3302 Q St","68107",41.205605,-95.96345254
"68107","Omaha","NE","El Quetzal","not_available","68108",41.231065,-95.941574
"68108","Omaha","NE","Supermercado Nuestra Familia","1826 Vinton St","68108",41.232493198218876,-95.94170451164246
"68108","Omaha","NE","La Mexicana","1603 Vinton St","68108",41.234072,-95.93758100000001
"68110","Omaha","NE","Chubb Foods","2905 N 16th St","68110",41.28543712166896,-95.9368999430256
"68110","Omaha","NE","Dollar General","3000 N 13th St","51510",41.28552289990514,-95.91389188670696
"68111","Omaha","NE","Phil's  Foodway","3030 Ames Ave","68111",41.29962016047016,-95.96719355790584
"68111","Omaha","NE","ALDI","4801 N 30th St","68111",41.30243176006516,-95.9559953212738
"68112","Omaha","NE","Family Fare Supermarket","7402 North 30th Street","68112",41.32722091674805,-95.95960235595703
"68114","Omaha","NE","Hy-Vee","7910 Cass St","68114",41.26577994,-96.0393474
"68114","Omaha","NE","Whole Foods Market","10020 Regency Circle","68114",41.261996356047966,-96.06853276491165
"68114","Omaha","NE","Trader Joe's","10305 Pacific St","68114",41.24825749867715,-96.0740684525458
"68114","Omaha","NE","Asian Market","321 N 76th St","68114",41.26200142125583,-96.0309968970626
"68114","Omaha","NE","Natural Grocers","7831 Dodge St","68114",41.25849698027942,-96.036239772161
"68114","Omaha","NE","Mediterranean & European Grocery","8601 Blondo St","68134",41.277549,-96.047822
"68116","Omaha","NE","Hy-Vee","3410 N 156th St","68116",41.28974252,-96.16038155
"68116","Omaha","NE","Walmart Supercenter","16960 W Maple Rd","68116",41.294530993698494,-96.17983613011785
"68116","Omaha","NE","ALDI","17240 Evans St","68116",41.291479275602214,-96.1853560429916
"68116","Omaha","NE","Fresh Thyme Market","14949 Evans Plaza","68116",41.290028727646266,-96.14780813455582
"68117","Omaha","NE","Walmart Neighborhood Market","5051 L St","68117",41.211819455798,-95.99285126987924
"68118","Omaha","NE","Wal mart","Irvington","68022",41.25926194181563,-96.17726568637613
"68122","Omaha","NE","Walmart Supercenter","6304 N 99th St","68134",41.315478553895,-96.06867424351333
"68122","Omaha","NE","Target","6636 N 73rd Plz","68122",41.318745,-96.02692
"68123","Bellevue","NE","Walmart Neighborhood Market","2109 Towne Center Dr","68123",41.11652262504654,-95.94288189618077
"68123","Bellevue","NE","Target","3808 Twin Creek Dr","68123",41.142082,-95.97031
"68123","Bellevue","NE","ALDI","2112 Cornhusker Rd","68123",41.159977420116746,-95.94357030233368
"68124","Omaha","NE","Walmart Supercenter","1606 S 72nd St","68124",41.244264691103304,-96.02527117754792
"68124","Omaha","NE","Hy-Vee","8809 W Center Rd","68124",41.23293238,-96.05157909
"68124","Omaha","NE","Fareway Meat Market","8900 W Center Rd Ste 106","68124",41.23497862240992,-96.05211694393769
"68124","Omaha","NE","Akin's Natural Foods","8409 West Center Road","68124",41.233462,-96.043982
"68124","Omaha","NE","Maresco's Italian Market","2821 S 108th St","68144",41.232875,-96.081067
"68124","Omaha","NE","Midwest Oriental Foods","2920 S 84th St","68124",41.231163,-96.045778
"68124","Omaha","NE","Indian Grocery and Video","3029 S 83rd Plz","68124",41.23096016008849,-96.04153633117676
"68127","Omaha","NE","Hy-Vee","9707 Q St","68127",41.203673,-96.063445
"68127","Omaha","NE","Omaha Oriental Food & Gifts","10737 Mockingbird Dr","68127",41.207184999999996,-96.080202
"68127","Omaha","NE","CBD American Shaman","4721 S 96Th St","68127",41.211183,-96.061243
"68128","La Vista","NE","Walmart Neighborhood Market","9460 Giles Road","68128",41.177671,-96.059923
"68130","Omaha","NE","Natural Grocers","17602 Wright St","68130",41.2336147138704,-96.19050085544586
"68130","Omaha","NE","Baker's Grocery Pickup and Delivery","17370 Lakeside Hills Plz","68130",41.23560333251953,-96.18612670898438
"68131","Omaha","NE","Walmart Neighborhood Market","360 North Saddlecreek Road","68131",41.262840829032456,-95.98130779081595
"68131","Omaha","NE","Wohlner's Neighborhood Grocery & Deli","3253 Dodge St","68131",41.259423148264624,-95.96143366944229
"68131","Omaha","NE","Gurung Brothers Retails","822 N 40th St","68131",41.26765169999999,-95.9730676
"68134","Omaha","NE","Walmart Neighborhood Market","2451 North 90th Street","68134",41.28085957853266,-96.05171981280681
"68134","Omaha","NE","African Farms","2319 N 90th St","68134",41.28007888793945,-96.05194091796875
"68134","Omaha","NE","Gurung Brothers Supermarket","9010 Fort St","68134",41.3071048,-96.05363729999999
"68134","Omaha","NE","Self Checkout at Baker's","5555 N 90th St","68122",41.308868,-96.050713
"68134","Omaha","NE","Omaha Tropical Market","not_available","68104",41.28018,-96.024534
"68134","Omaha","NE","Subzi Mundi International Market","2320 N 72nd St","68134",41.28018,-96.024534
"68134","Omaha","NE","ALDI","3433 N 90th St","68134",41.2908878,-96.051888
"68135","Omaha","NE","Hy-Vee","17810 Welch Plaza","68135",41.20717196,-96.19385514
"68135","Omaha","NE","Walmart Neighborhood Market","6710 S 167th St","68135",41.191788416547155,-96.17626663926623
"68137","Omaha","NE","Hy-Vee","14591 Stony Brook Boulevard","68137",41.19724271,-96.14222905
"68137","Omaha","NE","Walmart Supercenter","12850 L St","68137",41.21433180448724,-96.11398126189688
"68137","Omaha","NE","Super Saver","5710 S 144th St","68137",41.201023389949526,-96.14109573901506
"68137","Omaha","NE","Salaam Namaste Grocery","13826 P St","68137",41.20707321166992,-96.13074493408203
"68137","Omaha","NE","India Mart","3720 S 132nd St","68144",41.223323,-96.120476
"68144","Omaha","NE","Fresh Thyme Market","13215 W Center Rd","68144",41.23264696931583,-96.12080864142627
"68144","Omaha","NE","ALDI","2502 S 133rd Plz Ste 105","68144",41.2358212,-96.1228618
"68144","Omaha","NE","Tulsi Indian Groceries","2455 S 132nd St","68144",41.236343,-96.118593
"68144","Omaha","NE","Konark Grocers","14128 Arbor St","68144",41.236241,-96.136178
"68144","Omaha","NE","Baker's Grocery Pickup and Delivery","12025 W Center Rd","68144",41.2326175,-96.10209669999999
"68154","Omaha","NE","Baker's","505 N 155th Plz","68154",41.2637562,-96.1549326
"68154","Omaha","NE","Hy-Vee","747 N 132nd St","68154",41.26624156,-96.11810869
"68154","Omaha","NE","Maharaja Indian Cuisine & Namaste Plaza Indian Supermarket","617 N 114th St","68154",41.26451053847524,-96.09082548229846
"68154","Omaha","NE","Namaste","617 114th Street","not_available",41.26432166078273,-96.0902489474819
"68164","Omaha","NE","Hy-Vee","10808 Fort Street","68164",41.30822003,-96.08253032
"68164","Omaha","NE","Walmart Neighborhood Market","13105 Birch Dr","68164",41.291203306671,-96.11753337653278
"68301","Adams","NE","Sadies General Store","305 Nemaha","68358",40.53293792754963,-96.6064997985308
"68301","Adams","NE","Jack and Jill","217 Locust St","68372",40.620166,-96.632795
"68305","Auburn","NE","Sun Mart Foods","2428 Dahlke Ave","68305",40.37969625672631,-95.83790654859106
"68305","Auburn","NE","Glenns Corner Market","1017 13th St","68305",40.391319854427856,-95.8396979469731
"68310","Beatrice","NE","Sun Mart","1401-1811 Court St","68310",40.26542989,-96.72862202
"68310","Beatrice","NE","Walmart Supercenter","3620 N 6th St","68310",40.30342872,-96.74524631
"68310","Beatrice","NE","Sun Mart Foods","1815 Court St","68310",40.26543558342452,-96.72844903751707
"68310","Beatrice","NE","Beatrice IGA","2-98 N 13th St","68310",40.266358,-96.73671126365662
"68310","Beatrice","NE","Russ’s Market – Beatrice","1300 Court St","68310",40.2665561,-96.73674299999999
"68310","Beatrice","NE","Heartland Foods","not_available","68310",40.26612950636626,-96.73655445683848
"68325","Byron","NE","Arend's Family Food","641 4th St","68340",40.089297,-97.671218
"68333","Crete","NE","Walmart Supercenter","1800 E 29th St","68333",40.64043846294076,-96.93985857486021
"68333","Crete","NE","Sunmart","Main St.","68333",40.626805555555556,-96.96520833333334
"68333","Crete","NE","Sunmart","1025 Main Ave","68333",40.62287521362305,-96.96209716796875
"68336","Davey","NE","Super Saver","840 Fallbrook Blvd","68521",40.8781437,-96.7351211
"68347","Eagle","NE","Lou's Eagle Grocery","545 S 4th St","68347",40.815611893076614,-96.43061452021435
"68348","Elk Creek","NE","Scotty's Grocery","not_available","68348",40.286556243896484,-96.1289291381836
"68352","Fairbury","NE","Walmart Supercenter","2831 Highway 15","68352",40.1627583451069,-97.17490361534657
"68352","Fairbury","NE","Rays Apple Market","1001-1099 U.S. 136","68352",40.14734204904291,-97.17250472976059
"68354","Fairmont","NE","Family Market","549 6th Ave","68354",40.63551248213803,-97.58556890420175
"68355","Falls City","NE","Sun Mart Foods","1900 Harlan St","68355",40.06431863901453,-95.60112914773427
"68366","Greenwood","NE","Lovegrove's","Waverly Plaza","68462",40.91339533888285,-96.53131660176227
"68366","Greenwood","NE","Russ’s Market Express – Waverly","13901 Guildford St","68462",40.9133314,-96.53128699999999
"68371","Henderson","NE","Henderson Food Mart","not_available","68371",40.78014770000315,-97.81232505705927
"68402","Malcolm","NE","Toni's General Store","5700 W Raymond Rd","68428",40.959228,-96.796502
"68405","Milford","NE","Dollar General","921 5th St","68405",40.769878999999996,-97.05773
"68410","Nebraska City","NE","Walmart Supercenter","2101 S 11th St","68410",40.65814857727551,-95.85621713538931
"68410","Nebraska City","NE","Fareway","1738 S 11th St","68410",40.66070120092171,-95.86083054542542
"68410","Nebraska City","NE","Central Appple Market","701 Central Ave","68410",40.67631530761719,-95.85395812988281
"68415","Odell","NE","Odell Market","not_available","68415",40.04896545410156,-96.80208587646484
"68420","Pawnee City","NE","Nider's Thriftway","535 F Street","68420",40.1078987121582,-96.15476989746094
"68430","Roca","NE","ALDI","8701 S 28th St","68516",40.72397393626433,-96.6817045211792
"68434","Seward","NE","Walmart Supercenter","1326 280th","68434",40.87673979471847,-97.09949283392534
"68434","Seward","NE","Pac n' Save","not_available","68434",40.90377485979677,-97.10930534436052
"68446","Syracuse","NE","Terry's Family Foods","not_available","68446",40.672202,-96.172908
"68462","Waverly","NE","Walmart","not_available","68517",40.89749006046723,-96.57903465300903
"68463","Weeping Water","NE","Weeping Water Family Foods","not_available","68463",40.869692,-96.140687
"68467","York","NE","Walmart Supercenter","101 E David Dr","68467",40.8278612240214,-97.59363625895638
"68467","York","NE","Grand Central","311 N Lincoln Avenue","68467",40.86431395182004,-97.59326607543808
"68467","York","NE","Super Valu","not_available","68467",40.864305,-97.5934
"68467","York","NE","Bag N Save","614 S Lincoln Ave","68467",40.85627746582031,-97.59474182128906
"68502","Lincoln","NE","Russ's Market","1709 Washington St","68502",40.7977902,-96.6959419
"68502","Lincoln","NE","Leon's Gourmet Grocer","2200 Winthrop Rd","68502",40.79041357508117,-96.6752822238517
"68502","Lincoln","NE","Open Harvest","1618 South St","68502",40.79207116882003,-96.69784456135044
"68502","Lincoln","NE","Heartland Gourmet, LLC","5220 S 19th St","68512",40.761566,-96.693488
"68503","Lincoln","NE","Super Saver","233 N 48th St","68504",40.8150315,-96.65544869999997
"68503","Lincoln","NE","alfourat grocery","not_available","68503",40.82826232910156,-96.68185424804688
"68503","Lincoln","NE","An-Nahrian Grocery","23 & R St","68503",40.816969276059865,-96.6891801341446
"68503","Lincoln","NE","Abel/Sandoz C-Store","860 N 17th St","68508",40.8219514461089,-96.69585753680634
"68503","Lincoln","NE","Oriental Market","612 N 27th St","68503",40.819422365547915,-96.68220447705461
"68503","Lincoln","NE","Save Best Foods","1101 N 27th St","68503",40.824541266881695,-96.6825004823164
"68503","Lincoln","NE","Nguyen Market","648 N 27th St","68503",40.820353999999995,-96.682008
"68503","Lincoln","NE","homeland market","not_available","68510",40.813921,-96.686973
"68503","Lincoln","NE","Viet Hao Market","2416 O St","68510",40.813790000000004,-96.686012
"68504","Lincoln","NE","Hy-Vee","5010 O St","68510",40.814882,-96.650463
"68504","Lincoln","NE","Walmart Supercenter","4700 N 27th St","68521",40.858580954434466,-96.67830797238508
"68504","Lincoln","NE","Hy-Vee","5020 N 27th St","68521",40.86127862,-96.67791053
"68504","Lincoln","NE","Fresh Thyme Farmers Market","5220 O St","68510",40.8140863,-96.6482801
"68504","Lincoln","NE","Natural Grocers","212 N 48th St","68504",40.81470093812866,-96.65263127606067
"68504","Lincoln","NE","Heartland Pantry","2613 N 43rd St","68504",40.838542,-96.66044000000001
"68505","Lincoln","NE","Hy-Vee","1601 N 84th St","68505",40.82936085,-96.60830772
"68505","Lincoln","NE","Russ's Market","130 N 66th St","68505",40.8144007,-96.6282399
"68505","Lincoln","NE","ALDI","8350 O St","68510",40.814052,-96.6066918
"68506","Lincoln","NE","Hy-Vee","7151 Stacy Ln","68516",40.767669,-96.622523
"68506","Lincoln","NE","Russ's Market","4400 S 33rd Ct","68516",40.7674487,-96.6712233
"68506","Lincoln","NE","Fareway Meat Market","not_available","68506",40.781546,-96.606378
"68506","Lincoln","NE","Sun Mart","2600 S 48th St #8","68506",40.78512954711914,-96.65303039550781
"68507","Lincoln","NE","Walmart Supercenter","3400 N 85th St","68507",40.848799254598234,-96.60200694423847
"68507","Lincoln","NE","Russ's Market","6300 Havelock Ave","68507",40.8578628,-96.6335828
"68508","Lincoln","NE","Canopy Street Market","not_available","68508",40.812998,-96.711863
"68508","Lincoln","NE","Eurasia Russian Store","809 P St Ste 102","68508",40.814432000000004,-96.709548
"68508","Lincoln","NE","Guerrero's Market","815 S 11th St","68508",40.80451313418423,-96.70484407989423
"68508","Lincoln","NE","La Tapatia","1037 L St","68508",40.80998182296753,-96.70606848
"68510","Lincoln","NE","A Street Market","3308 A St","68510",40.799182932217754,-96.67238788324804
"68510","Lincoln","NE","Whole Foods Market","6055 O Street","68510",40.81284430123625,-96.63917549021605
"68510","Lincoln","NE","Eagle Delivery Service Inc","3754 H St","68510",40.80736,-96.66674
"68512","Lincoln","NE","Walmart Supercenter","2500 Jamie Ln","68512",40.72939080037659,-96.68487444850741
"68512","Lincoln","NE","Super Saver","2525 Pine Lake Rd","68512",40.738331,-96.68506889999999
"68516","Lincoln","NE","Super Saver","5440 S 56th St","68516",40.7582491,-96.64020909999999
"68516","Lincoln","NE","Hy-Vee","6001 Village Dr","68516",40.752408,-96.666707
"68516","Lincoln","NE","Trader Joe's","3120 Pine Lake Rd","68516",40.742235645857235,-96.67497331325224
"68516","Lincoln","NE","Walmart Grocery Pickup and Delivery","8700 Andermatt Dr","68526",40.735829,-96.599334
"68516","Lincoln","NE","Red Clover Market","5500 Old Cheney Rd","68516",40.75654,-96.647138
"68516","Lincoln","NE","Nebraska Grocery Industry Association","5935 S 56th St Ste B","68516",40.75109332751699,-96.6418147087097
"68516","Lincoln","NE","Akins","not_available","68516",40.741615295410156,-96.63676452636719
"68521","Lincoln","NE","Super Saver","2662 Cornhusker Hwy","68521",40.84341671473075,-96.683342554427
"68521","Lincoln","NE","Lincoln Poultry/ A SYSCO Company","800 Cattail Rd.","68521",40.85331640658111,-96.73432810882457
"68521","Lincoln","NE","North 40 Premium Beef","5620 N 18th St","68521",40.869162,-96.694498
"68522","Lincoln","NE","Russ's Market","1550 S Coddington Ave","68522",40.7980369,-96.74755929999999
"68528","Lincoln","NE","SunMart Foods","1340 W O St","68528",40.8143832887905,-96.74140330067871
"68528","Lincoln","NE","Schmick's Market","not_available","68528",40.814625,-96.74111
"68601","Columbus","NE","Walmart Supercenter","818 E 23rd St","68601",41.441006215131864,-97.31686676205551
"68601","Columbus","NE","Hy-Vee","3010 23rd St","68601",41.44034172,-97.36412511
"68601","Columbus","NE","Save-A-Lot","2540 Eastbrook Plaza","47201",41.44229889,-97.32871246
"68601","Columbus","NE","Super Saver","3318 23rd St","68601",41.4396388,-97.3690443
"68620","Albion","NE","Thrifty Way","334 W Main St","68620",41.693209,-98.00081999999999
"68629","Clarkson","NE","M&M market","246 Pine St, Clarkson, NE 68629","68629",41.721423497432525,-97.12316954351955
"68632","David City","NE","Dale's Food Pride","634 E St","68632",41.254535,-97.126632
"68632","David City","NE","Didiers","not_available","68632",41.252843748299426,-97.13099258791924
"68636","Elgin","NE","Thriftway Market","not_available","68781",42.046956652234286,-98.03062044427159
"68640","Genoa","NE","Werts' GW","214 Beaver St","68660",41.56994129819863,-97.86598856645301
"68644","Lindsay","NE","Lindsay Cooperative Market","not_available","68644",41.700450988002984,-97.69389336098344
"68651","Osceola","NE","Osceola Food Mart","441 N State St","68651",41.181253999999996,-97.547454
"68662","Shelby","NE","Shelby Food Mart","not_available","68662",41.1942121439413,-97.4258646920089
"68666","Stromsburg","NE","Economy Food Store","not_available","68666",41.113636,-97.596725
"68666","Stromsburg","NE","Economy Hometown Foods","313 Commercial St","68666",41.11362693457477,-97.59687765681767
"68701","Norfolk","NE","Hy-Vee","120 E Norfolk Ave","68701",42.031322,-97.404843
"68701","Norfolk","NE","Walmart Supercenter","2400 W Pasewalk Ave","68701",42.02454696371952,-97.44494120405858
"68701","Norfolk","NE","Hy-Vee","2107 Taylor Ave","68701",42.026603,-97.440861
"68701","Norfolk","NE","Lou's Thrifty Way","807 S 13th St","68701",42.02395147541848,-97.4258509980869
"68701","Norfolk","NE","Hy-vee","not_available","68701",42.03810888,-97.41507208
"68701","Norfolk","NE","Tienda Leon Grocery Store & Mexican Restaurant","116 W Norfolk Ave","68701",42.03263889999999,-97.407794
"68701","Norfolk","NE","Hometown Market","not_available","68767",42.1365496,-97.4351023
"68713","Atkinson","NE","Braun's","Main St.","68713",42.53064451765823,-98.97826070532996
"68714","Bassett","NE","G&V’s Market","not_available","68714",42.585618,-99.538802
"68716","Beemer","NE","ARVIDS FOODTOWN","901 Avenue E","68791",41.986595153808594,-96.91342163085938
"68726","Clearwater","NE","Clearwater Market","401 Highway 275","68726",42.172062,-98.188501
"68729","Creighton","NE","Mitch's Food Center","103-165 Maple St","68769",42.350155661658874,-97.79226651317073
"68731","Dakota City","NE","Hy-Vee","2501 Cornhusker Dr","68776",42.4659673,-96.4290619
"68731","Dakota City","NE","El Mexicano Tienda y Carniceria","605 W 29th St","68776",42.46275,-96.41966
"68731","Dakota City","NE","La Guadalupana","not_available","68776",42.465594,-96.413487
"68733","Emerson","NE","mikes food town","not_available","68733",42.27737045288086,-96.72634887695312
"68735","Ewing","NE","andys market","not_available","68735",42.252017974853516,-98.34019470214844
"68739","Hartington","NE","Foodtown","not_available","68739",42.62084695054551,-97.26576258930446
"68758","Newman Grove","NE","Barnes Mini Mart","508 Hale Ave","68758",41.746917724609375,-97.77713012695312
"68760","Niobrara","NE","dougs food center","not_available","57062",42.85535826339478,-97.89401938636563
"68770","Ponca","NE","Trading Post","117 N Union St","68770",42.56325900074297,-96.7057164422618
"68776","South Sioux City","NE","Walmart Supercenter","1601 Cornhusker Dr","68776",42.473232,-96.429985
"68776","South Sioux City","NE","Seoul Oriental Food Store","1230 Dakota Ave","68776",42.477761208883514,-96.41288074793769
"68777","Spencer","NE","Drickey's Market","not_available","68777",42.874315,-98.701443
"68779","Stanton","NE","Emmett's Foodtown","911 Ivy St","68779",41.950103000000006,-97.223115
"68784","Wakefield","NE","The Fair Store","not_available","68784",42.26866012399597,-96.86572981673659
"68784","Wakefield","NE","Tienda Guerrero","218 Main St","68784",42.269689,-96.865198
"68787","Wayne","NE","Pac N Save","1115 W 7th St","68787",42.23476515550184,-97.03295238613677
"68787","Wayne","NE","Quality Foods Center","517 Dearborn St","68787",42.234408425656405,-97.00950959489164
"68788","West Point","NE","Lincoln Street Market","1314 N Lincoln St","68788",41.85143385496716,-96.7103082927179
"68788","West Point","NE","Graybeal's Foods","338 S Main St","68788",41.83738925,-96.71188658333334
"68801","Grand Island","NE","Walmart Supercenter","3501 S Locust St","68801",40.88542814906006,-98.3364925523553
"68801","Grand Island","NE","Super Saver","1602 W 2nd St","68801",40.9187654,-98.3556519
"68801","Grand Island","NE","Super Acapulco","not_available","68801",40.92031280927859,-98.33968678603804
"68801","Grand Island","NE","Vientiane Food Market","not_available","68803",40.928986600807576,-98.36281317472269
"68801","Grand Island","NE","Oriental Market","N. Locust","68801",40.9161799181616,-98.35322579096662
"68803","Grand Island","NE","Hy-Vee","115 Wilmar Avenue","68803",40.917718,-98.379492
"68803","Grand Island","NE","Walmart Supercenter","2250 N Diers Ave","68803",40.94249961,-98.38608742
"68803","Grand Island","NE","GROW Nebraska","3404 W 13th St","68803",40.93428142222844,-98.38054060935973
"68803","Grand Island","NE","Fresh Thyme Farmers Market","3535 W 13th Street","68803",40.930516,-98.38596072023779
"68815","Arcadia","NE","Hrubys Market","not_available","68815",41.42363739013672,-99.12581634521484
"68818","Aurora","NE","Hamilton County Food Pantry","1118 N St","68818",40.869269,-98.003613
"68822","Broken Bow","NE","The Grocery Kart","937 E South E St","68822",41.40200816,-99.62082032
"68823","Burwell","NE","Mr. J's Foods","440 Grand Ave","68823",41.7815055847168,-99.13427734375
"68826","Central City","NE","CC Mall","1414 16th St","68826",41.11571756083938,-97.99846287088592
"68836","Elm Creek","NE","Foster Family Foods","130 N Tyler St","68836",40.717891693115234,-99.37295532226562
"68845","Kearney","NE","Hy-Vee","5212 3rd Ave","68845",40.7256179,-99.0870284
"68845","Kearney","NE","Boogaarts","1615 2nd Ave","68847",40.69063607527423,-99.08413994211199
"68845","Kearney","NE","Boggarts","not_available","68845",40.677278,-99.092319
"68845","Kearney","NE","Family Fresh Market","3920 2nd Ave","68847",40.714945632726554,-99.08461791946459
"68847","Kearney","NE","Walmart Supercenter","5411 2nd Ave","68847",40.72641092298917,-99.08148746336384
"68847","Kearney","NE","GROW Nebraska","4917 2nd Ave #2","68847",40.72311204776949,-99.08197045326231
"68847","Kearney","NE","Herbal Wonder","1816 Central Ave #203","68847",40.693145751953125,-99.0820083618164
"68847","Kearney","NE","Grand Central Apple Market","7 WEST 25TH","68847",40.7011632,-99.08233569999999
"68847","Kearney","NE","Bob's Superstore","600-656 E 25th St","68847",40.700493857664306,-99.07273148170246
"68847","Kearney","NE","Andrew's Garden","4623 2nd Ave","68847",40.72045135498047,-99.08308410644531
"68850","Lexington","NE","Walmart Supercenter","200 Frontier St","68850",40.744988031874634,-99.74227210998059
"68850","Lexington","NE","Plum Creek Market Place","1411 Plum Creek Pkwy","not_available",40.76150131225586,-99.74159240722656
"68862","Ord","NE","Apple Market","922 N 28th St","not_available",41.61176300048828,-98.9429702758789
"68862","Ord","NE","Speed's Apple Market","not_available","68862",41.61168291263008,-98.94353346338572
"68862","Ord","NE","Grocery  Kart","136 N 15th St","68862",41.603648647344514,-98.927550068851
"68883","Wood River","NE","Mr B's","not_available","68883",40.81968307495117,-98.6057357788086
"68901","Hastings","NE","Walmart Supercenter","3803 Osborne Dr W","68901",40.624349856939354,-98.38554534083696
"68901","Hastings","NE","Asia Market","not_available","68901",40.58417,-98.392081
"68901","Hastings","NE","Food Cupboard","901 S Burlington","68901",40.57902014096309,-98.37437152862549
"68901","Hastings","NE","Russ's Market","611 N Burlington Ave","68901",40.58939881547069,-98.39287696976425
"68922","Arapahoe","NE","Wagner's","Nebraska","68922",40.30430905030803,-99.89789956927494
"68927","Bertrand","NE","Country Side Market","522 Minor Ave, Bertrand, NE 68927","68927",40.526534000000005,-99.633499
"68930","Blue Hill","NE","Thramer's food center","not_available","68930",40.33259837824512,-98.44991037996348
"68949","Holdrege","NE","Sun Mart Foods","214 W 4th Ave","68949",40.43712952826588,-99.38207578424908
"68959","Minden","NE","5th Street IGA","125 east 5th steet","not_available",40.49370157280357,-98.95268286893177
"68959","Minden","NE","Mason's Market","700-798 N Brown Ave","68959",40.49368963294013,-98.95267918865078
"68970","Red Cloud","NE","Coop Grocery Store","N Webster","68970",40.08898311086951,-98.52504653980097
"68979","Sutton","NE","Brown's Thrift Store","not_available","68979",40.60565869416663,-97.85942492619732
"69001","Mc Cook","NE","Walmart Supercenter","1902 W B St","69001",40.198941880156326,-100.65184093397998
"69001","Mc Cook","NE","Casey's General Store","810 E B St","69001",40.19797158277959,-100.61534461072733
"69001","Mc Cook","NE","Schmick's Market","212 Westview Plz","69001",40.20210678095894,-100.64560036097387
"69022","Cambridge","NE","Cambridge Supermarket","421 Nelson St","69022",40.283119201660156,-100.16600036621094
"69029","Farnam","NE","Peterson's","not_available","69138",40.92826911666667,-100.16298356666667
"69033","Imperial","NE","Hills family Foods","not_available","69033",40.51569967755803,-101.64203049234933
"69045","Wauneta","NE","Walgrens Supermarket","124 N Tecumseh","69045",40.418194,-101.371645
"69101","North Platte","NE","Walmart Supercenter","1401 S Dewey St","69101",41.12072823251649,-100.75818626942342
"69101","North Platte","NE","Gary's Super Foods","1648-1700 E 4th St","69101",41.133592977422325,-100.74404866398784
"69101","North Platte","NE","cash wa","not_available","69101",41.13861846923828,-100.75752258300781
"69121","Arthur","NE","Wolf Den Market","not_available","69121",41.571099,-101.691757
"69127","Brule","NE","Vans Lakeview Bait shop","#1 Lakeview Rd","69127",41.23559072249707,-101.84810244341375
"69128","Bushnell","NE","Whole Foods","not_available","69145",41.26460647583008,-103.72859954833984
"69129","Chappell","NE","Chapell Super Foods","734 2nd St","not_available",41.092796325683594,-102.47187042236328
"69143","Hershey","NE","Maline's Super Foods","100 W County Rd","69165",41.156366524492825,-101.13720367519875
"69149","Lodgepole","NE","Bsf Enterprises, LLC","1041 Orchard St","69149",41.1491553,-102.630582
"69150","Madrid","NE","Madrid General Store","not_available","69150",40.847976,-101.543951
"69153","Ogallala","NE","Walmart Supercenter","201 Pony Express Lane","69153",41.113216938716704,-101.7190948439402
"69153","Ogallala","NE","Safeway","611 N Spruce St","69153",41.12995472923336,-101.71972292668215
"69154","Oshkosh","NE","Superette","101 Ave A,","not_available",41.402757,-102.344154
"69155","Paxton","NE","Hehnke's","100 N Oak St","69155",41.124431127963064,-101.35650720761143
"69162","Sidney","NE","Walmart Supercenter","3001 Silverberg Dr","69162",41.11690333459499,-102.94577039785118
"69162","Sidney","NE","Safeway","1944 Illinois St","69162",41.14492783175925,-102.98935809734758
"69201","Valentine","NE","Scotty's Ranchland Food","108 Hwy 20","not_available",42.86817661176223,-100.5514630986468
"69210","Ainsworth","NE","Red And White","611 E 4th St","69210",42.549471999999994,-99.854722
"69210","Ainsworth","NE","H & R Food Center","213 N Woodward St","69210",42.54709243774414,-99.86426544189453
"69301","Alliance","NE","Safeway","500 E 3rd St","69301",42.0977929,-102.8643795
"69301","Alliance","NE","Grocery Kart","207 E 3rd St","69301",42.096612095716786,-102.86891259225189
"69301","Alliance","NE","Bayard Grocery","305 Main St","69334",41.75383333141963,-103.3243797189791
"69301","Alliance","NE","King Soopers","1331 speer","not_available",42.33178,-103.0863
"69334","Bayard","NE","Sonny's Super Foods","310 Main St, Bridgeport, NE 69336","69334",41.673152923583984,-103.09878540039062
"69337","Chadron","NE","Walmart Supercenter","510 Linden St","69337",42.826839949083116,-103.02149121981174
"69337","Chadron","NE","Safeway","230 Morehead St","69337",42.830457144718736,-103.00273509355975
"69337","Chadron","NE","Natural Foods Co-op","249 Main St","69337",42.830246,-103.00083599999999
"69337","Chadron","NE","D & S Market","202 Main St","69339",42.686729,-103.413125
"69341","Gering","NE","Main Street Market","401 S Beltline Hwy W","69361",41.854588757561004,-103.6672829013947
"69341","Gering","NE","Safeway","601 Broadway","69361",41.8542631,-103.6612489
"69341","Gering","NE","Fresh Foods","1270 10th St","69341",41.82105742597758,-103.65954687963172
"69343","Gordon","NE","Ideal Grocery","710 E 2nd Street","69360",42.71882247924805,-102.45252227783203
"69343","Gordon","NE","Grocery Mart","not_available","69343",42.805770664424756,-102.20357343121594
"69352","Lyman","NE","Village Foods","122 W Webster St","69358",41.96319185428908,-103.92733812332153
"69357","Mitchell","NE","Walmart Supercenter","3322 Avenue I","69361",41.879467462294485,-103.6785849466799
"69357","Mitchell","NE","Nutters","not_available","69341",41.8793541796188,-103.67854585962392
