"zip","city","state","name","address","postalCode","lat","lon"
"96701","Aiea","HI","Times Supermarket","98-1264 Kaahumanu St","96782",21.389787318089024,-157.95386492813634
"96701","Aiea","HI","Times Supermarket","99-115 Aiea Heights Dr","96701",21.378838734644955,-157.93007798010296
"96701","Aiea","HI","Down To Earth Organic & Natural","98-211 Pali Momi St #950","96701",21.382305,-157.937702
"96701","Aiea","HI","Sack N Save","4561 Salt Lake Blvd","96818",21.36545438491541,-157.92985845310608
"96701","Aiea","HI","Safeway","98-1277 Kaahumanu St","96701",21.39031115959129,-157.95163303613663
"96701","Aiea","HI","Palama Market","98-020 Kamehameha Hwy","96701",21.385608571521775,-157.95048869916758
"96701","Aiea","HI","Sullivan Family Kitchen","not_available","not_available",21.365793228149414,-157.92909240722656
"96703","Anahola","HI","Healthy Hut","4480 Hookui Rd","not_available",22.203126122668834,-159.407746438418
"96704","Captain Cook","HI","KTA Express","not_available","96750",19.51452,-155.920192
"96704","Captain Cook","HI","Ocean View Market","92-8676 Lotus Blossom Ln","96737",19.084505807382527,-155.77379373689968
"96704","Captain Cook","HI","Malama Market","92-8701 Hawaii Belt Road","not_available",19.084386183093322,-155.77699316507685
"96704","Captain Cook","HI","Choicemart","not_available","96704",19.48768863832594,-155.90652220415916
"96705","Eleele","HI","Big Save Market","4416 Waialo Rd","96705",21.904930774369507,-159.58532854647976
"96705","Eleele","HI","Salt Pond Country Store","1-3443 Kaumaulii Hwy","96716",21.908075929612988,-159.5954931748295
"96706","Ewa Beach","HI","Seafood City Supermarket","94-050 Farrington Hwy","96797",21.37828616854204,-158.02617731093673
"96706","Ewa Beach","HI","Foodland","91-1401 Fort Weaver Rd","96706",21.33455740023642,-158.02464954187212
"96706","Ewa Beach","HI","Safeway","91-1119 Keaunui Dr","96706",21.3271601,-158.019825
"96706","Ewa Beach","HI","Don Quijote","94-144 Farrington Hwy","96797",21.379128679619154,-158.0223525108197
"96706","Ewa Beach","HI","Pacific Super Market","94-300 Farrington Hwy","96797",21.38151374958112,-158.0194018479788
"96706","Ewa Beach","HI","Foodland Farms","not_available","96707",21.336199,-158.054481
"96706","Ewa Beach","HI","D.A.S.H","94-265 Leowahine St","96797",21.382813,-158.020414
"96707","Kapolei","HI","Walmart","91-600 Farrington Hwy","96707",21.34213697980068,-158.07497858082354
"96707","Kapolei","HI","Down to Earth Organic & Natural","4460 Kapolei Pkwy Ste 320","96707",21.329598315235405,-158.09056554186355
"96707","Kapolei","HI","Safeway","590 Farrington Hwy Unit 400","96707",21.3390519,-158.0793691
"96707","Kapolei","HI","Walmart","94-595 Kupuohi St","96797",21.391023585996695,-158.03451059744287
"96707","Kapolei","HI","Foodland","4850 Kapolei Pkwy #A","96707",21.329834187723115,-158.078511800282
"96707","Kapolei","HI","Island Country Markets","92-1049 Olani St. #4-101","96707",21.341951528716017,-158.12330124970202
"96707","Kapolei","HI","Times Supermarket","94-615 Kupuohi St","96797",21.389701432236556,-158.0340964999466
"96707","Kapolei","HI","Malama Market","92-585 Makakilo Dr #A","96707",21.34773247949198,-158.08125059114656
"96707","Kapolei","HI","NEX Mini Mart","1928 Saratoga Ave.","96707",21.321125409644857,-158.06878572012064
"96707","Kapolei","HI","Palama Holdings LLC","2029 Lauwiliwili St","96707",21.32384490966797,-158.09109497070312
"96707","Kapolei","HI","Tamura's Market","91-1051 Enterprise Ave","96707",21.314449073753945,-158.0693291678311
"96708","Haiku","HI","Haiku Grocery Store","810 Haiku Rd #143","96708",20.913610260541862,-156.3224638515912
"96708","Haiku","HI","Foodland","55 Pukalani St","96768",20.83779108791676,-156.3424182134986
"96708","Haiku","HI","Pukalani Superette","15 Makawao Ave","96768",20.83422,-156.33343
"96708","Haiku","HI","Hanzawa's Variety Store","1833 Kaupakalua Rd","96708",20.887241956919034,-156.29544169727455
"96708","Haiku","HI","Pauwela Store","375 W Kuiaha Rd","96708",20.920098,-156.307975
"96708","Haiku","HI","Morihara Store","4581 Lower Kula Rd","96790",20.75961854953278,-156.32726026355434
"96708","Haiku","HI","Foodland","not_available","96768",20.826494,-156.353924
"96708","Haiku","HI","Rodeo General Store","3661 Baldwin Ave","96768",20.854508754204055,-156.31075446837235
"96712","Haleiwa","HI","Foodland","59-720 Kamehameha Hwy.","96712",21.64835159856104,-158.0617886011117
"96712","Haleiwa","HI","Matsumoto General Store","66-087 Kamehameha Hwy.","not_available",21.591018212452465,-158.1028903944798
"96712","Haleiwa","HI","Paalaa Kai Mini-Mart","66-945 Kaukonahua Rd","96791",21.568581351106477,-158.10956133277855
"96712","Haleiwa","HI","Malama Market","66-190 Kamehameha Hwy","96712",21.588349026883243,-158.1026888697156
"96712","Haleiwa","HI","Celestial Natural Foods","66-443 Kamehameha Hwy","96712-1424",21.581527422465683,-158.10507026584625
"96712","Haleiwa","HI","Waialua Fresh grocery store","67-071 Nauahi Street","96791",21.573505,-158.121645
"96712","Haleiwa","HI","Malama's","not_available","96712",21.648123,-158.062504
"96713","Hana","HI","Hasegawa General Store","Hana Hwy","not_available",20.750402362987412,-155.98666628226047
"96714","Hanalei","HI","Foodland","5-4280 Kuhio Hwy","96722",22.213642190284737,-159.47487615501328
"96714","Hanalei","HI","Harvest Market Cafe & Deli Hanalei","5-5161 Kuhio Hwy. #F","96714",22.20295831316886,-159.49649710180114
"96714","Hanalei","HI","Big Save Market","5-5172 Kuhio Hwy","96714",22.20306809647766,-159.4969595089042
"96716","Hanapepe","HI","Ishihara Market","9894 Kaumualii Hwy","96796",21.95455720470214,-159.66704758064998
"96716","Hanapepe","HI","Big Save Market","9861 Waimea Rd","96796",21.955120375365304,-159.6677038004828
"96716","Hanapepe","HI","Salty Wahine Gourmet Hawaiian Sea Salts","4460 Ikena Pl, Apt 49","96741",21.9164439,-159.520644
"96717","Hauula","HI","Tamura's Market","54-316 Kamehameha Hwy","96717",21.61961403678156,-157.91596439631545
"96719","Hawi","HI","Takata Store","54-3627 Akone Pule Hwy","96755",20.236661911010742,-155.8169708251953
"96719","Hawi","HI","Nakahara Grocery Store","not_available","96719",20.236985,-155.830393
"96720","Hilo","HI","KTA Superstores","50 E Puainako St","96720",19.693641469895756,-155.06662869529276
"96720","Hilo","HI","Walmart","325 E Makaala St","96720",19.700433319505787,-155.0623884790244
"96720","Hilo","HI","Safeway","381 E Makaala St","96720",19.7007792,-155.0607109
"96720","Hilo","HI","Sack N Save","250 Kinoole St","96720",19.72304493098942,-155.088246783541
"96720","Hilo","HI","KTA Super Stores","321 Keawe St","96720",19.723134839159986,-155.08578007902932
"96720","Hilo","HI","Foodland","not_available","96749",19.622103445882086,-155.04061693532816
"96720","Hilo","HI","Sack N Save","2100 Kanoelehua Ave","96720",19.691786877876464,-155.06668030303032
"96720","Hilo","HI","Island Naturals","1221 Kilauea Ave","96720",19.710909016363637,-155.0760185426907
"96720","Hilo","HI","Kīlauea Market","1178 Kilauea Ave","96720",19.71163953231114,-155.07719425186423
"96720","Hilo","HI","J. Hara Store","17-343 Volcano Rd","96760",19.593523,-155.057166
"96720","Hilo","HI","Down To Earth","303 E Makaala St","96720",19.700510025024414,-155.06381225585938
"96720","Hilo","HI","TNT Seafood Imports & Asian Grocery","212 Kamehameha Ave","96720",19.72492,-155.08626
"96720","Hilo","HI","Arirang Mini Mart","165 E Kawili St","96720",19.70596694946289,-155.06959533691406
"96720","Hilo","HI","Mt View Mini Mart","18-1314 hwy 11","96771",19.551495208227553,-155.10693686613942
"96720","Hilo","HI","Abundant Life Natural Foods","292 Kamehameha Ave","96720",19.72413416657997,-155.085355926162
"96720","Hilo","HI","Hilo Rice Mill Co Ltd","67 Pookela St","96720",19.703707,-155.065199
"96720","Hilo","HI","Kea'au Natural Foods","16-586 Old Town Rd","not_available",19.622298788758005,-155.04027427692722
"96725","Holualoa","HI","KTA Super Stores","78-6831 Alii Dr","96740",19.570134540310107,-155.96197135632903
"96725","Holualoa","HI","Paul's Place","not_available","96725",19.619262,-155.948748
"96727","Honokaa","HI","Malama Market","not_available","96727",20.079392048243598,-155.4697956636126
"96727","Honokaa","HI","KTA - Waimea","65-1158 Mamalahoa Hwy","96743",20.022209773630724,-155.6675066744261
"96727","Honokaa","HI","Foodland","67-1185 Mamalahoa Hwy","96743",20.020722989168178,-155.6672369390321
"96727","Honokaa","HI","Natural Foods and Deli - Healthways II","67-1185 Mamalahoa Hwy # F137","not_available",20.019597091376898,-155.66776462408492
"96727","Honokaa","HI","Honokaa Country Market","Honokaa Waipio Rd","96727",20.080326,-155.472825
"96729","Hoolehua","HI","Kualapuu Market","Uwao St","96748",21.155055366666666,-157.03808641666666
"96731","Kahuku","HI","Kahuku Superette","56-505 Kamehameha Hwy","96731",21.67673565818252,-157.94740473495727
"96731","Kahuku","HI","Foodland","55-510 Kamehameha Hwy","96762",21.64720389045739,-157.92228912910548
"96732","Kahului","HI","Whole Foods Market","70 East Kaahumanu Avenue","96732",20.89163381042253,-156.4645018393047
"96732","Kahului","HI","Walmart","101 Pakaula St","96732",20.87832350560945,-156.45540344842772
"96732","Kahului","HI","Safeway","1090 Hookele St","96732",20.879587,-156.444809
"96732","Kahului","HI","Safeway","58 Maui Lani Pkwy Ste 5000","96793",20.88743214801068,-156.49307170716833
"96732","Kahului","HI","Sack 'n Save","790 Eha St","96793",20.906114925115762,-156.48794586078535
"96732","Kahului","HI","Foodland","90 Kane St","96732",20.8868997910332,-156.47243854324995
"96732","Kahului","HI","VIP Cash-n-Carry","221-699 Amala Pl","96732",20.89473641387826,-156.4599990291951
"96732","Kahului","HI","TJ's Warehouse Outlet","875 Alua St","96793",20.903012869191034,-156.48901251990378
"96732","Kahului","HI","Ah Fooks","65 W Kaahumanu Ave","96732",20.889934539794922,-156.46908569335938
"96732","Kahului","HI","ohana mini mart","not_available","96793",20.895828,-156.49245
"96732","Kahului","HI","Safeway","170 E Kamehameha Ave","96732",20.888338,-156.4635
"96732","Kahului","HI","Alive & Well Natural Health","340 Hana Hwy","96732",20.88750253529858,-156.45649194717407
"96734","Kailua","HI","Whole Foods Market","629 Kailua Road, Suite 100","96734",21.393793042508463,-157.74283544911302
"96734","Kailua","HI","Foodland","108 Hekili St","96734",21.39260901551954,-157.74408698428402
"96734","Kailua","HI","Safeway","1060 Keolu Dr","96734",21.377204130098026,-157.72928779179438
"96734","Kailua","HI","Safeway","200 Hamakua Dr","96734",21.3907171,-157.7399337
"96734","Kailua","HI","Kaneohe Bay MCBH Commissary","Mokapu Mall - MCBH","96863-3080",21.443604623691492,-157.74515860275636
"96734","Kailua","HI","Marine Mart MCB Hawaii","M C B H Kaneohe Bay, HI 96863","96863",21.439077841136168,-157.7562243851571
"96734","Kailua","HI","Safeway","25 Kaneohe Bay Dr","96734",21.4230801,-157.7480709
"96734","Kailua","HI","Down to Earth Organic & Natural","201 Hamakua Dr","96734",21.38987513361025,-157.74031782410805
"96734","Kailua","HI","Times Supermarket","590 Kailua Rd","96734",21.393879,-157.740369
"96734","Kailua","HI","Mana Foods","not_available","96734",21.380716,-157.776403
"96734","Kailua","HI","Bellows Shoppette","449-475 Tinker Rd","96795",21.372402767449433,-157.70862794224564
"96734","Kailua","HI","Shima's Supermarket","41-1606 Kalanianaole Hwy","96795",21.34783958713696,-157.7226232438981
"96738","Waikoloa","HI","Island Gourmet Market","69-201 Waikoloa Beach Dr #B1","96738",19.913990281278632,-155.8808784136871
"96738","Waikoloa","HI","Filipino Store","Waikoloa Road","96738",19.927255353868393,-155.78743636608124
"96738","Waikoloa","HI","Foodland","Mauna Lani","not_available",19.941061120828312,-155.857200432115
"96738","Waikoloa","HI","Puako General Store","07 Puako Beach Drive","96743",19.972042339430015,-155.8398658009892
"96738","Waikoloa","HI","Waikoloa Village Market","68-3916 Paniolo Ave.","96738",19.927828841472675,-155.78726128543644
"96740","Kailua Kona","HI","Safeway","75-1027 Henry St","96740",19.6467661,-155.9898659
"96740","Kailua Kona","HI","Walmart","75-1015 Henry St","96740",19.645981812379166,-155.99031270554175
"96740","Kailua Kona","HI","Island Naturals Kona","74-5487 Kaiwi St","96740",19.647001522415632,-155.99987180283355
"96740","Kailua Kona","HI","Bahaykubo Asian Store","not_available","96740",19.648017,-155.999206
"96740","Kailua Kona","HI","KTA Super Stores","74-5594 Palani Rd","96740",19.64451263439129,-155.99521907783077
"96740","Kailua Kona","HI","Matsuyama Food Mart","73-4354 Mamalahoa Hwy, Ste B","96740",19.716138636876703,-155.9775708062444
"96741","Kalaheo","HI","Sueoka Market","not_available","96756",21.904046575278056,-159.46539499463083
"96741","Kalaheo","HI","Big Save Market","5516 Koloa Rd","96756",21.904948025449773,-159.46296702866957
"96741","Kalaheo","HI","Sueoka's Snack Shack","5392 Koloa Rd","96756",21.90397967524525,-159.4655370324712
"96743","Kamuela","HI","Kaupo General Store","Hana highway","not_available",20.02224517244821,-155.7628802952416
"96744","Kaneohe","HI","Foodland","45-480 Kaneohe Bay Dr","96744",21.4016244725323,-157.79870669102345
"96744","Kaneohe","HI","Safeway","46-065 Kamehameha Hwy","96744",21.4220984,-157.8029945
"96744","Kaneohe","HI","Times Supermarket","45-934 Kamehameha Hwy","96744",21.413886779339858,-157.80111758156673
"96744","Kaneohe","HI","Times Supermarket","47-388 Hui Iwa St","96744",21.436445705646605,-157.82616517875266
"96744","Kaneohe","HI","Family Grocery Store","45-1127 Kamehameha Hwy, H","96744",21.417672,-157.801387
"96746","Kapaa","HI","Safeway","4-831 Kuhio Hwy","96746",22.062245911888283,-159.3218494356006
"96746","Kapaa","HI","Hoku Foods Market","not_available","96746",22.076724060839712,-159.31907160106508
"96746","Kapaa","HI","Papaya's Natural Foods","4-831 Kuhio Hwy, #330","96746",22.063357862925496,-159.32100918893954
"96746","Kapaa","HI","Kauai Food Delivery","4-1176 Kuhio Highway, Suite 2","96746",22.0707009,-159.3191386
"96746","Kapaa","HI","Kojima Store","1543 Kuhio Hwy","96746",22.079448954237606,-159.31470364068647
"96746","Kapaa","HI","Foodland","4-771 Kuhio Hwy","96746",22.060937114143258,-159.32240424816985
"96746","Kapaa","HI","Sunshine Farmers Market","Kapaa Ball Park","96746",22.077655562733487,-159.320331642595
"96746","Kapaa","HI","Big Save Market","1105 F Kuhio Hwy","96746",22.069162478163783,-159.32014201476184
"96746","Kapaa","HI","Hoku Whole Foods","951 Kipuni Way","96746",22.06517219543457,-159.32081604003906
"96748","Kaunakakai","HI","Outpost Natural Foods","not_available","96748",21.089099884033203,-157.02218627929688
"96752","Kekaha","HI","Thrifty Mini-Mart","8240 Kekaha Rd","96752",21.970727545602948,-159.71347095480317
"96752","Kekaha","HI","PMRF Navy Exchange","Tarter Drive","96752",21.999157678427004,-159.76527590497292
"96753","Kihei","HI","Safeway","277 Piikea Ave","96753",20.752825870172224,-156.44852713511682
"96753","Kihei","HI","Foodland","1881 S Kihei Rd","96753",20.732997717156838,-156.45188101922147
"96753","Kihei","HI","Hawaiian Moons Natural Foods","2411 S Kihei Rd.","96753",20.719549488590346,-156.446615850786
"96753","Kihei","HI","Times Supermarket","1310 South Kihei Rd","96753",20.748167273918423,-156.45568764955112
"96753","Kihei","HI","Whalers General Store","3750 Wailea Alanui Dr Ste B12","96753",20.686778341947665,-156.44071784214128
"96753","Kihei","HI","Whalers General Store","2463 S Kihei Rd, #A11","96753",20.71863566958587,-156.44637679838226
"96753","Kihei","HI","Maui Market Delivery","PO Box 532444","96753",20.759284113635278,-156.45739316940308
"96754","Kilauea","HI","Kilauea Town Market & Deli","not_available","96754",22.211886188223172,-159.40666881879648
"96756","Koloa","HI","Living Foods Market","2829 Ala Kalani Kaumaka St","96756",21.884664500973653,-159.46954183167873
"96761","Lahaina","HI","Foodland","not_available","96761",20.877207084801558,-156.6794689337187
"96761","Lahaina","HI","Foodland","345 Keawe St","96761",20.88530316002176,-156.68036476357057
"96761","Lahaina","HI","Safeway","1221 Honoapiilani Hwy","96761",20.887005482154365,-156.68408130919266
"96761","Lahaina","HI","Times Supermarket","3350 Lower Honoapiilani Rd","96761",20.947264149705997,-156.6877411556168
"96761","Lahaina","HI","Napili Market","5095 Napilihau St #113","96761",20.98525212462377,-156.66707350095876
"96761","Lahaina","HI","Farmers Market Maui & Deli","3636 Lower Honoapiilani Rd","96761",20.953504,-156.685935
"96761","Lahaina","HI","Comercial Mexicana","840 Wainee St Ste 509","96761",20.877988815307617,-156.6785125732422
"96761","Lahaina","HI","Ilocandio Filipino Store","840 Wainee St","96761",20.877625,-156.678265
"96761","Lahaina","HI","ABC Store","2435 Kaanapali Pkwy","96761",20.92174042706645,-156.6940417320092
"96763","Lanai City","HI","Richards Market","434 8th St","96763",20.825100732171816,-156.91899371970214
"96763","Lanai City","HI","Pine Isle Market","356 8th St","96763",20.825011550697283,-156.9196530307068
"96766","Lihue","HI","Walmart","3-3300 Kuhio Hwy","96766",21.982666184262985,-159.365439906667
"96766","Lihue","HI","Safeway","4454 Nuhou St #301","96766",21.96867570501419,-159.38570000025481
"96766","Lihue","HI","Times Supermarket","3-2600 Kaumualii Hwy","96766",21.96934425895007,-159.37994070093177
"96766","Lihue","HI","TJ Variety Store","not_available","96766",21.982203053795136,-159.3680026902801
"96766","Lihue","HI","KOA Trading Co","2975 Aukele St","96766",21.965305505989843,-159.35616374015808
"96772","Naalehu","HI","Island Market","95-5657 Mamalahoa Highway","96772",19.060239479518906,-155.586544
"96778","Pahoa","HI","Malama Market","15-2664 Pahoa Village Rd","96778",19.50477853144086,-154.95817593305674
"96778","Pahoa","HI","Kilauea General Store","Old Volcano Ed","96785",19.429851071025485,-155.232407567261
"96779","Paia","HI","Kū‘au Store","701 Hana Hwy","96779",20.926306997998772,-156.36813534303062
"96779","Paia","HI","Mana Foods","49 Baldwin Ave","96779",20.91549365272504,-156.38038931098103
"96782","Pearl City","HI","Walmart","1131 Kuala St","96782",21.39750922194186,-157.97454818373618
"96782","Pearl City","HI","Don Quijote","850 Kamehameha Hwy","96782",21.394999210104295,-157.96805571422084
"96782","Pearl City","HI","Foodland Farms","1150 Kuala St","96782",21.400575326144637,-157.97496557235718
"96782","Pearl City","HI","Foodland","1089 Waimano Home Rd","96782",21.39538275980126,-157.9687837494068
"96785","Volcano","HI","KMC General Store","not_available","96785",19.43350223677668,-155.27356505115517
"96786","Wahiawa","HI","Foodland","95-221 Kipapa Dr","96789",21.457784695692293,-158.0161294399322
"96786","Wahiawa","HI","Schofield Barracks Commissary","698 Trimble Rd","96786-3699",21.49225982268991,-158.0579400609664
"96786","Wahiawa","HI","Foodland","823 California Ave","96786",21.496576599407,-158.02570420751786
"96786","Wahiawa","HI","Tamura's Wahiawa","440 Kilani Ave","96786",21.498337399965262,-158.030307044104
"96786","Wahiawa","HI","Maharaja's Foods","410 California Ave","96786",21.49598005686816,-158.02992939949036
"96786","Wahiawa","HI","Kolekole Shopette","not_available","96786",21.492472693319552,-158.07782992716042
"96786","Wahiawa","HI","Elite Market","573 California Ave","96786",21.49613,-158.028593
"96789","Mililani","HI","Walmart","95-550 Lanikuhana Ave","96789",21.45046552304386,-158.00534146745875
"96789","Mililani","HI","Safeway","94-780B Meheula Pkwy","96789",21.442219,-158.0226713
"96789","Mililani","HI","Foodland","94-1040 Waipio Uka St","96797",21.412099677142983,-157.99853408892562
"96789","Mililani","HI","Times Supermarket","95-1249 Meheula Pkwy","96789",21.454109823795566,-158.00671061172392
"96792","Waianae","HI","Sack N Save","87-2070 Farrington Hwy.","96792",21.38724962147843,-158.15108590553126
"96792","Waianae","HI","The Waianae Store","85-867 Farrington Hwy","96792",21.445193168536296,-158.18823629175716
"96792","Waianae","HI","Tamura Super Market","86-032 Farrington Hwy","96792",21.44013714258147,-158.18568415811208
"96792","Waianae","HI","SackNSave","not_available","96792",21.387245542618697,-158.1511248617015
"96792","Waianae","HI","HI Lyfe Vaporz LLC","85-993 Farrington Hwy Ste 206","96792",21.441892623901367,-158.18701171875
"96793","Wailuku","HI","Foodland","370 Kehalani Village Dr","96793",20.87246983550688,-156.50250793521556
"96793","Wailuku","HI","Takamiya Market","359 N Market St","96793",20.891792594636218,-156.5062850061502
"96797","Waipahu","HI","Safeway","Lumiaina St","96797",21.398786,-158.008286
"96797","Waipahu","HI","Hickam AFB Commissary","20 Hickam Ct","96853",21.341087556016568,-157.95115618266203
"96797","Waipahu","HI","Times Supermarket","94-766 Farrington Hwy","96797",21.38431278365005,-158.0055433601492
"96797","Waipahu","HI","Safeway","848 Ala Lilikoi St","96818",21.3445029,-157.9138825
"96797","Waipahu","HI","Nii Superette","94-1013 Waipahu St","96797",21.388664,-158.004434
"96813","Honolulu","HI","Don Quijote","801 Kaheka St","96814",21.293021859985917,-157.83851571565899
"96813","Honolulu","HI","Whole Foods Market","388 Kamakee Street","96814",21.294350413254037,-157.85226332514395
"96813","Honolulu","HI","Walmart","700 Keeaumoku St","96814",21.29471826469092,-157.8425262464718
"96813","Honolulu","HI","Safeway","1234 S Beretania St","96814",21.3018228,-157.8421185
"96813","Honolulu","HI","Walmart","1032 Fort Street Mall","96813",21.30943633352072,-157.86198019981384
"96813","Honolulu","HI","Times Supermarket","1425 Liliha St","96817",21.319681273723628,-157.86142454485793
"96813","Honolulu","HI","Foodland Farms","1450 Ala Moana Blvd","96814",21.29209385893672,-157.84669257080546
"96813","Honolulu","HI","Foodland","2939 Harding Ave","96816",21.28817137978372,-157.8142461529522
"96813","Honolulu","HI","H Mart Kaka’ako","458 Keawe St","96813",21.299999237060547,-157.8604278564453
"96813","Honolulu","HI","Safeway","2855 East Manoa Rd","96822",21.309004,-157.8103032
"96813","Honolulu","HI","Times Supermarket","1772 South King St","96826",21.296134644151063,-157.83263953520998
"96813","Honolulu","HI","Safeway","1360 Pali Hwy","96813",21.313344636359,-157.85783802325113
"96813","Honolulu","HI","Food Pantry","438 Hobron Ln.","96815",21.286901771748855,-157.83586734878622
"96813","Honolulu","HI","Nijiya Market","1009 University Ave #101","96826",21.29231993288044,-157.82171079708382
"96813","Honolulu","HI","Times Supermarket","1290 South Beretania St","96814",21.301509184436224,-157.84137337784716
"96813","Honolulu","HI","Gon & Ti","1020 Kekaulike St","96817",21.312731,-157.863879
"96813","Honolulu","HI","Times Supermarket","3221 Waialae Ave","96816",21.28673372120928,-157.80771416380216
"96813","Honolulu","HI","Times Supermarket","1620 North School St","96817",21.336697668940513,-157.86853447101564
"96813","Honolulu","HI","Foodland","414 N School St","96817",21.321231411694193,-157.85942663477832
"96813","Honolulu","HI","Palama Supermarket","1670 Makaloa St","96814",21.292980690315947,-157.8373165634827
"96813","Honolulu","HI","Nijiya Market","451 Piikoi St","96814",21.293554792653513,-157.84657535904228
"96813","Honolulu","HI","Keeaumoku Produce","905 Keeaumoku St","96814",21.297079505843676,-157.84038970407966
"96813","Honolulu","HI","Village Market","1249 Wilder Ave #4","96822",21.30572802282884,-157.83920288085938
"96813","Honolulu","HI","Palama Super Market","1010 N King St","96817",21.324286401021595,-157.8683241109391
"96813","Honolulu","HI","Sun Chong Grocery","127 N Hotel St","96817",21.312695609958546,-157.86309160177007
"96813","Honolulu","HI","Young's Noodle Factory","1635 Liliha St","96817",21.322086334228516,-157.85899353027344
"96813","Honolulu","HI","Foodland","1460 S Beretania St","96814",21.299806653152714,-157.83723326773858
"96813","Honolulu","HI","Kakaako Market & Catering","1001 Waimanu St","96814",21.29680061340332,-157.85202026367188
"96813","Honolulu","HI","J-Shop","1513 Young St Ste 101","96826",21.298429001061194,-157.83747291207078
"96813","Honolulu","HI","Hong's Grocery","168 N. King St.","not_available",21.313053112168603,-157.86426437768122
"96814","Honolulu","HI","ABC Superette","1732 Ala Moana Blvd","96815",21.285486,-157.838949
"96814","Honolulu","HI","88.Pal","not_available","96814",21.29702,-157.841128
"96814","Honolulu","HI","Keeaumoku Super Market","825 Keeaumoku St","96814",21.29684639241291,-157.84065354373686
"96814","Honolulu","HI","The Giving Tree","not_available","96813",21.30120577680263,-157.85839610847069
"96814","Honolulu","HI","Ono Kim Chee","1225 Keeaumoku St","96814",21.300884246826172,-157.8390350341797
"96814","Honolulu","HI","Keeaumoku Super Market","903 Keeaumoku St","96814",21.29713282430331,-157.8404246339105
"96814","Honolulu","HI","Island Colony Grocery Store","not_available","96826",21.289907455444336,-157.8348846435547
"96815","Honolulu","HI","Safeway","888 Kapahulu Ave","96816",21.2839357,-157.8146742
"96815","Honolulu","HI","Diamond Head Market & Grill","3158 Monsarrat Ave","96815",21.26969029429506,-157.81155599963486
"96815","Honolulu","HI","ABC Stores","2394 Kuhio Ave","96815",21.277849598430485,-157.82444600045778
"96815","Honolulu","HI","Food Pantry Kuhio","2370 Kuhio Ave","96815",21.278558558836004,-157.82458582286193
"96815","Honolulu","HI","ABC Stores #33","124 Kapahulu Ave.","96815",21.272084991519904,-157.82160064892057
"96815","Honolulu","HI","Lifestream Natural Foods","702 Kapahulu Ave","96816",21.279713855007866,-157.81409935314065
"96816","Honolulu","HI","Whole Foods Market","4211 Wai'alae Avenue","96816",21.277585856328592,-157.78652869547108
"96816","Honolulu","HI","Times Supermarket","1173 21st Ave","96816",21.278184000649667,-157.78884605903255
"96816","Honolulu","HI","New Rainbow Market","1720 Palolo Ave","96816",21.294418453077427,-157.80034401712248
"96816","Honolulu","HI","Farmers Market","1145 12th Ave","96816",21.28200912475586,-157.7989044189453
"96816","Honolulu","HI","Island Fresh Produce","3441 Waialae Ave","96816",21.28409272,-157.80242875
"96817","Honolulu","HI","Marukai Wholesale Mart","2310 Kamehameha Hwy","96819",21.3323623999299,-157.88533908930177
"96817","Honolulu","HI","Foodland","1505 Dillingham Blvd","96817",21.32387225178886,-157.87779685095884
"96817","Honolulu","HI","H-Mart","1100 Kaili St","96819",21.332122,-157.877347
"96817","Honolulu","HI","DnQ Market","1312 Kaumualii St Ste A","96817",21.324249267578125,-157.87376403808594
"96817","Honolulu","HI","퀸스수퍼마켓 (Queen's Supermarket) (Queen's Supermarket)","1010 Kaili St","96819",21.3302056157433,-157.87731870049757
"96817","Honolulu","HI","Jimmys Produce & Filipino Store","131 N Hotel St","96817",21.312589645385742,-157.86326599121094
"96817","Honolulu","HI","Natural Mystic","203 S King St","96813",21.3075286,-157.8610854
"96818","Honolulu","HI","May’s Hawaii","3049 Ualena St #310","96819",21.3337737,-157.9093897
"96821","Honolulu","HI","Foodland","820 W Hind Dr, #101","96821",21.27876342267909,-157.7546433200164
"96822","Honolulu","HI","Okahara Saimin Factory, Ltd.","1804 Waiola St","96826",21.294306,-157.832841
"96822","Honolulu","HI","Hulai Market","1617 Puowaina","not_available",21.315365,-157.845601
"96825","Honolulu","HI","Safeway","377 Keahole St","96825",21.2852129,-157.7070774
"96826","Honolulu","HI","Kokua Market","2643 S King St","96826",21.291182301813716,-157.82108608050822
"96853","Jbphh","HI","Jimmy's Produce","North King Street","96819",21.33608762672962,-157.8841077756442
