"zip","city","state","name","address","postalCode","lat","lon"
"24701","Bluefield","WV","Walmart Supercenter","4001 College Ave","24605",37.23792105351538,-81.25435309872013
"24701","Bluefield","WV","Kroger","1229 Stafford Dr","24740",37.3607524,-81.0952052
"24701","Bluefield","WV","Food City","1000 Leatherwood Ln","24605",37.24288274717499,-81.2405007291309
"24701","Bluefield","WV","Grants Supermarket","Bluefield Ave","24701",37.267342,-81.228849
"24701","Bluefield","WV","Kroger","140 Majestic Pl","24701",37.2982559,-81.2538318
"24701","Bluefield","WV","Save-A-Lot","1055 Stafford Dr","24740",37.36289978027344,-81.09381103515625
"24701","Bluefield","WV","Grant’s Supermarket","not_available","24701",37.298292,-81.254055
"24701","Bluefield","WV","Kroger","3032 E Cumberland Rd","24701",37.25204849243164,-81.20552062988281
"24701","Bluefield","WV","Grants Supermarket","Old Bluefield-Princeton Rd.","24701",37.304054260253906,-81.15119171142578
"24701","Bluefield","WV","Grants Supermarket","Rt 20","24740",37.34345815292409,-81.1587603053619
"24701","Bluefield","WV","Save-A-Lot","Sr 20 At Us 52","24701",37.314444,-81.262606
"24701","Bluefield","WV","Koza International Foods","not_available","24740",37.356571197509766,-81.11317443847656
"24701","Bluefield","WV","Bluefield Tobacco & Vape","529 Commerce Dr","24605",37.2392847,-81.2517327
"24701","Bluefield","WV","Grants Super Market","not_available","not_available",37.365546255653335,-81.10007412401421
"24715","Bramwell","WV","Dearborn heights","24715","24715",37.337762,-81.336966
"24726","Herndon","WV","Waynes","not_available","25882",37.570816,-81.377867
"24740","Princeton","WV","Walmart Supercenter","201 Greasy Ridge Rd","24739",37.360299948883195,-81.04425982499325
"24740","Princeton","WV","Grants","101-157 Oakvale Rd","24740",37.37307296141321,-81.07376982295344
"24740","Princeton","WV","Sterling Grocery Company","312 South 2nd Street","24740",37.3687146,-81.086108
"24801","Welch","WV","Save-A-Lot","700 Virginia Ave","24801",37.432552337646484,-81.57310485839844
"24801","Welch","WV","Save-A-Lot","Virginia Ave At Highway 52","24801",37.36824563102903,-81.52034342182465
"24874","Pineville","WV","Save A Lot","St Rt 10 N","24874",37.6074025,-81.5396958
"24901","Lewisburg","WV","Walmart Supercenter","1976 Jefferson St N","24901",37.811959212698476,-80.42974023986335
"24901","Lewisburg","WV","Kroger","180 Red Oaks Shopping Center","24970",37.76823385576905,-80.46711770821275
"24901","Lewisburg","WV","Kroger Grocery Pickup and Delivery","178 Red Oaks Shopping Ctr","24970",37.76824951171875,-80.46688079833984
"24901","Lewisburg","WV","Save-A-Lot","51 Seneca Trail","24901",37.78936340964549,-80.45072836891796
"24901","Lewisburg","WV","Cornerstone IGA","not_available","24901",37.783262,-80.456131
"24927","Cass","WV","Wildcat Provisions","10 Snowshoe Dr","26209",38.40855360469272,-79.99494578043159
"24927","Cass","WV","The Marketplace","1 Soaring Eagle Boulevard","26209",38.40083923212493,-79.99334335327148
"24954","Marlinton","WV","Pocahontas Foodland","Hwy 219","24954",38.223512934379755,-80.09421871734159
"24963","Peterstown","WV","Corner Market Rich Creek","not_available","24147",37.383183,-80.82276
"24983","Union","WV","Ashley's Food Pride","State Route 3","24983",37.59132383939153,-80.54102897644043
"24986","White Sulphur Springs","WV","Walmart Supercenter","313 Thacker Ave","24426",37.76789580990586,-79.99121585048451
"25003","Alum Creek","WV","Walmart Supercenter","2700 Mountaineer Blvd","25309",38.31977415,-81.71497822
"25003","Alum Creek","WV","ALDI","2810 Mountaineer Blvd","25309",38.31838556780879,-81.71716959806872
"25003","Alum Creek","WV","Market Express","not_available","25003",38.26042355365777,-81.84459490158899
"25015","Belle","WV","Walmart Supercenter","1001 Warrior Way","25015",38.20264132170542,-81.50636636234306
"25015","Belle","WV","Kroger","10635 Maccorkle Ave","25315",38.2403088,-81.5604724
"25015","Belle","WV","FOODLAND","12600-12648 Maccorkle Ave","25315",38.2226940889287,-81.53555017198893
"25035","Cabin Creek","WV","foodland","not_available","25035",38.195301241174974,-81.48774948151609
"25039","Cedar Grove","WV","Save-A-Lot","5555 US Route 60","25039",38.21600540071457,-81.4251110004058
"25045","Clendenin","WV","Save-A-Lot","State Route 4","25045",38.486451,-81.31722
"25045","Clendenin","WV","Save A Lot","9857 Elk River Rd S","25045",38.4904026,-81.3490858
"25045","Clendenin","WV","Smith's Foodfair","not_available","25045",38.489842,-81.351614
"25053","Danville","WV","Save-A-Lot","124 Mall Rd","25053",38.03170395,-81.83635712
"25053","Danville","WV","Foodland","not_available","25130",38.05709716330254,-81.82494188933046
"25053","Danville","WV","Kroger Grocery Pickup and Delivery","3265 Smoot Ave","25130",38.073822021484375,-81.82267761230469
"25053","Danville","WV","Save-A-Lot","124 Mall Road","25053",38.07722355994509,-81.83156996813477
"25053","Danville","WV","Kroger","3265 Smoot Ave","25053",38.0743141,-81.8217773
"25064","Dunbar","WV","Kroger","981 Dunbar Village Plz","25064",38.357777347574114,-81.73451006412506
"25064","Dunbar","WV","Kroger","5 River Walk Mall","25303",38.3650717,-81.7099728
"25064","Dunbar","WV","ALDI","1100-1198 Payne Ave","25064",38.361800571033974,-81.73788576314007
"25064","Dunbar","WV","Fas Chek","not_available","25177",38.36000105315251,-81.74723345243271
"25064","Dunbar","WV","ALDI","434 12th St","25064",38.36147688,-81.73825979
"25064","Dunbar","WV","Go-Mart","6708 61 Ohio Ave E","25177",38.37466812133789,-81.77716827392578
"25070","Eleanor","WV","Piggly Wiggly","101 Roosevelt Blvd","25070",38.53171920776367,-81.91998291015625
"25070","Eleanor","WV","Eleanor Food Land","Roosevelt Blvd","25070",38.532018093144636,-81.9197332299916
"25071","Elkview","WV","Kroger","223 Crossings Shopping Ctr","25071",38.4594161,-81.499047
"25071","Elkview","WV","Kroger Grocery Pickup and Delivery","223 the Crossings S/C","25071",38.45936592586428,-81.49905346946063
"25143","Nitro","WV","Walmart Supercenter","100 Nitro Market Pl","25313",38.41144709359785,-81.80780286835407
"25143","Nitro","WV","Kroger","5450 Big Tyler Rd","25313",38.4273777,-81.7862539
"25143","Nitro","WV","Kroger","1439 Maccorkle Ave","25177",38.38714998850177,-81.8261638435979
"25143","Nitro","WV","Nitro Supermarket","25th St","25143",38.424800872802734,-81.84089660644531
"25143","Nitro","WV","Save A Lot","901 Cross Lanes Dr","25313",38.421056401944206,-81.79477175261401
"25159","Poca","WV","Poca Food Fair","Poca, WV","25159",38.47553448211502,-81.81377632924053
"25168","Red House","WV","IGA","not_available","25213",38.529009,-81.894869
"25177","Saint Albans","WV","D & I Carry Out","9281 Coal River Road","25177",38.352439880371094,-81.86803436279297
"25181","Seth","WV","Save-A-Lot","158 Lewis St.","25209",37.9857177734375,-81.54219818115234
"25213","Winfield","WV","ALDI","103 Liberty Sq","25526",38.45893020694415,-81.93210545767215
"25213","Winfield","WV","Kroger","302 Great Teays Blvd","25560",38.4524404,-81.9348775
"25213","Winfield","WV","Save-A-Lot","4335 Teays Valley Rd","25560",38.44845115761967,-81.90560131792338
"25243","Gandeeville","WV","Walton Thriftway","7177 Charleston Rd","25286",38.63576126098633,-81.39749145507812
"25260","Mason","WV","Walmart Supercenter","320 Mallard Lane","25260",39.0107291689003,-82.03481508792719
"25260","Mason","WV","Save-A-Lot","700 W Main St","45769",39.0113525390625,-82.0450439453125
"25271","Ripley","WV","Kroger Grocery Pickup and Delivery","106 McGraw St","25271",38.819759368896484,-81.72181701660156
"25271","Ripley","WV","Save-A-Lot","100 Academy Dr","25271",38.823479,-81.722594
"25271","Ripley","WV","Walmart Supercenter","200 Academy Dr","25271",38.82898887490103,-81.71956190693675
"25271","Ripley","WV","Kroger Supermarket","W Main St","25271",38.77566039562225,-81.721653
"25276","Spencer","WV","Save-A-Lot","209 E Main St","25276",38.8007176016871,-81.34899466462976
"25276","Spencer","WV","Walmart Supercenter","97 Williams Dr","25276",38.7981356277158,-81.35006103889185
"25302","Charleston","WV","Kroger","500 Delaware Ave","25302",38.3629011,-81.6451157
"25302","Charleston","WV","Piggly Wiggly","not_available","25302",38.359403,-81.625731
"25302","Charleston","WV","Save-A-Lot","748 Virginia St W","25302",38.365531,-81.651276
"25302","Charleston","WV","Krogers","500 Delaware qve","25311",38.363442,-81.645845
"25302","Charleston","WV","Fascheck","Washington Street","25302",38.39041126745423,-81.6386688843654
"25303","South Charleston","WV","Asian Market","226 7th Ave","25303",38.368033,-81.697061
"25304","Charleston","WV","Kroger","5717 Maccorkle Ave SE","25304",38.3113644,-81.5655818
"25304","Charleston","WV","Piggly Wiggly","not_available","25304",38.318289,-81.5768
"25304","Charleston","WV","Spice Of Life","5528 Maccorkle Ave SE","25304",38.307822,-81.567516
"25306","Charleston","WV","Fas-Chek","4112 Malden Dr","25306",38.29929824,-81.557244
"25309","South Charleston","WV","Oakhurst IGA","1504 Oakhurst Dr","25314",38.34039,-81.703621
"25312","Charleston","WV","Save-A-Lot","7703 Sissonville Dr","25320",38.510541,-81.64032
"25312","Charleston","WV","Foodland","Sissonville Drive","not_available",38.47649896,-81.67141377925873
"25314","Charleston","WV","Kroger","1100 Fledderjohn Rd","25314",38.3399429,-81.6774126
"25401","Martinsburg","WV","Weis Markets","1102 N Queen St","25404",39.47029645077876,-77.95651170679162
"25401","Martinsburg","WV","ALDI","32 Trianigas Dr","25404",39.481301518872144,-77.95937369143466
"25401","Martinsburg","WV","Walmart Supercenter","800 Foxcroft Ave","25401",39.45172367,-77.98709465
"25401","Martinsburg","WV","Martin's Food Market","901 Foxcroft Ave","25401",39.4480552,-77.98777
"25401","Martinsburg","WV","Martins","not_available","25404",39.477404,-77.956904
"25401","Martinsburg","WV","Martin's Food","1317 Old Courthouse Sq","25404",39.478842,-77.956772
"25401","Martinsburg","WV","Shop 'N Save","1140 Winchester Avenue","25401",39.439663,-77.98087
"25401","Martinsburg","WV","Jonnies Martinsburg","not_available","25401",39.44301942,-77.98714506
"25401","Martinsburg","WV","Save-A-Lot","205 Eagle School Rd","25401",39.4753799438477,-77.9543609619141
"25401","Martinsburg","WV","Johnnies Express","1456 Winchester Ave","25405",39.43838119506836,-77.98499298095703
"25403","Martinsburg","WV","ALDI","246 Retail Commons Pkwy","25403",39.43791580200195,-77.99163055419922
"25403","Martinsburg","WV","Martin's Food","147 Roaring Lion Dr","25427",39.5434705,-77.9865836
"25404","Martinsburg","WV","Walmart Supercenter","5680 Hammonds Mill Rd","25404",39.54309426,-77.90997469
"25413","Bunker Hill","WV","Food Lion","43-63 True Apple Way","25428",39.32587554367417,-78.05224701347566
"25414","Charles Town","WV","Walmart Supercenter","96 Patrick Henry Way","25414",39.30022925961963,-77.82770451388113
"25414","Charles Town","WV","Martin's Food & Drugstore","190 Flowing Springs Rd","25414",39.29797448415727,-77.84235656261444
"25414","Charles Town","WV","Save-A-Lot","130 Augustine Ave","25414",39.28466287567198,-77.86412076251132
"25414","Charles Town","WV","Weis Markets","217 Oak Lee Dr","25438",39.32205485578064,-77.84884169636658
"25414","Charles Town","WV","bushel and peck","not_available","25414",39.289082,-77.860253
"25414","Charles Town","WV","Aldi","1147 Marlowe Rd","25414",39.30257000059752,-77.8163697443415
"25419","Falling Waters","WV","Kitchen's Farm Market","1025 Kitchens Orchard Rd","25419",39.58013916015625,-77.90910339355469
"25422","Great Cacapon","WV","County Line Grocery","not_available","25434",39.490983,-78.438266
"25422","Great Cacapon","WV","Capon Valley Market","not_available","25422",39.492496,-78.385787
"25425","Harpers Ferry","WV","Hill Tom Market","36929 Charles Town Pike","20132",39.19920690420404,-77.7260232635169
"25430","Kearneysville","WV","Junction Mercantile","8003 Charles Town Road","25442",39.3621967,-77.86390229999999
"25434","Paw Paw","WV","Omp's Grocery","Box 65 Rte 127","not_available",39.385097965140076,-78.3720874786377
"25504","Barboursville","WV","Kroger","6360 US Route 60 E","25504",38.41566716363615,-82.3025975037558
"25504","Barboursville","WV","Walmart Supercenter","25 Nichols Dr","25504",38.42177916615038,-82.25676671106238
"25504","Barboursville","WV","Tower Foodfair","6350 U.S. 60 E","not_available",38.41467016189509,-82.30333986912218
"25504","Barboursville","WV","ALDI","35 Tanyard Station Dr","25504",38.41431859677366,-82.28852262394258
"25504","Barboursville","WV","Foodland","not_available","25541",38.43599480387594,-82.13075875699607
"25504","Barboursville","WV","Healthy Life Market","3 Mall Rd","25504",38.42018424106695,-82.25971395796236
"25504","Barboursville","WV","Save-A-Lot","292 E Main St","25541",38.43461120169119,-82.12618445697707
"25504","Barboursville","WV","Macks Market","Route 60","25545",38.424362695089386,-82.21351426195446
"25504","Barboursville","WV","Little Saigon Oriental Market","5636 U.S. Route 60 STE 2","25705",38.4099905000363,-82.32547964357308
"25506","Branchland","WV","Galaxy","8337 Court Ave","25523",38.280959,-82.091836
"25506","Branchland","WV","Save-A-Lot","7293 Lynn Ave","25523",38.27849578857422,-82.12413024902344
"25506","Branchland","WV","Hudsons IGA","not_available","25506",38.271644784686224,-82.19922867832656
"25506","Branchland","WV","Piggly Wiggly","Hamlin Plaza","25523",38.28435516357422,-82.08902740478516
"25507","Ceredo","WV","FoodFair","1 Ceredo Plaza Suite 1","25507",38.39507167834206,-82.56408310418828
"25508","Chapmanville","WV","Walmart Supercenter","77 Norman Morgan Blvd","25601",37.859989635862355,-82.04469307710782
"25508","Chapmanville","WV","Towne N' Country Foodland","816 N Main St","25508",37.97568369243088,-82.01727475292523
"25508","Chapmanville","WV","Save-A-Lot","Hwy 10 & Hwy 119","25614",37.9745,-82.01729
"25510","Culloden","WV","Walmart Supercenter","167 Progress Way","25526",38.441344,-82.023071
"25510","Culloden","WV","Foodfair","not_available","25510",38.420142717126694,-82.0539218329828
"25514","Fort Gay","WV","Walmart Supercenter","275 Walton Dr","41230",38.102267853900116,-82.62418312521143
"25514","Fort Gay","WV","Save-A-Lot","Rt. 7","41230",38.1118,-82.611143
"25514","Fort Gay","WV","Save A Lot","4790 Highway 2565","41230",38.1142544,-82.6032119
"25514","Fort Gay","WV","Save-A-Lot","4790 Hwy 2565","41230",38.10483551,-82.61243439
"25515","Gallipolis Ferry","WV","Walmart Supercenter","2145 Eastern Ave","45631",38.82158302072362,-82.17203485453527
"25515","Gallipolis Ferry","WV","Piggly Wiggly","210 2nd Ave","45631",38.806017,-82.208751
"25515","Gallipolis Ferry","WV","ALDI","176 Upper River Rd","45631",38.83020955816507,-82.16193079948431
"25515","Gallipolis Ferry","WV","Guinther's Custom Cuts, Inc","1280 Eastern Ave","45631",38.817603,-82.185766
"25530","Kenova","WV","Walmart Supercenter","354 Private Drive 288","45680",38.411483698703336,-82.52442071649348
"25530","Kenova","WV","Save-A-Lot","1400 Chestnut St","25530",38.39937390496664,-82.57862182884266
"25530","Kenova","WV","The Food Basket","not_available","45680",38.417564,-82.586109
"25535","Lavalette","WV","FoodFair","4541 5th Street Rd","25701",38.33732824115461,-82.45333852888808
"25550","Point Pleasant","WV","Piggy Wiggly","not_available","25550",38.840576,-82.13707
"25570","Wayne","WV","Walmart Supercenter","100 Mcginnis Dr","25570",38.256500587999994,-82.43037417505933
"25570","Wayne","WV","Save-A-Lot","7123 Route 152","25570",38.25908279418945,-82.44873046875
"25601","Logan","WV","Kroger","25 Holden Road","25601",37.845044083157774,-82.0144997308513
"25601","Logan","WV","Kroger Grocery Pickup and Delivery","25 Holden Rd","25601",37.84505844116211,-82.01445770263672
"25601","Logan","WV","Save-A-Lot","1329 Holden Rd","25601",37.83441925048828,-82.03077697753906
"25608","Baisden","WV","Gilbert Foodland","not_available","25621",37.612434507222474,-81.8667655642803
"25634","Mallory","WV","The Pic Pac","Man, WV 25635","25635",37.731135137621784,-81.87200850668425
"25661","Williamson","WV","Walmart Supercenter","28402 Us Highway 119","41503",37.65854265194063,-82.2709883835691
"25661","Williamson","WV","Food City","28093 Thompson Plaza","41503",37.65390366908542,-82.27003183565026
"25661","Williamson","WV","Big Lots","86 Appalachian Plz","41503",37.666889302037646,-82.27444085492715
"25661","Williamson","WV","Walmart Grocery Pickup","28402 US Highway 119","41503",37.6588615,-82.27106
"25661","Williamson","WV","Save-A-Lot","28640 Hwy 119","41514",37.66404343,-82.27317047
"25661","Williamson","WV","Save-A-Lot","28640 US Highway 119","41503",37.66115188598633,-82.27253723144531
"25701","Huntington","WV","Walmart Supercenter","3333 Us Route 60","25705",38.40745842537602,-82.37542995130127
"25701","Huntington","WV","Kroger","19 7th Ave W","25701",38.4136607,-82.4574411
"25701","Huntington","WV","The Market","not_available","25701",38.421277,-82.445293
"25701","Huntington","WV","Kroger","2627 5th Ave","25702",38.4252854,-82.4068471
"25701","Huntington","WV","ALDI","446 Adams Ave","25701",38.4164164,-82.4628032
"25701","Huntington","WV","Save-A-Lot","4341 Route 60 E","25705",38.4107455253932,-82.36575968281834
"25701","Huntington","WV","Save-A-Lot","3rd Ave # 2","45619",38.42819189213847,-82.45862354325263
"25701","Huntington","WV","Food Fair","not_available","25704",38.41520383020926,-82.4559628459806
"25701","Huntington","WV","Dovel's General Store","not_available","25702",38.426789,-82.394883
"25701","Huntington","WV","Walmart Grocery Pickup & Delivery","3333 US Route 60","25705",38.407133,-82.375315
"25701","Huntington","WV","Save-A-Lot","920 14th St W","25704",38.407631975931366,-82.47880025311088
"25702","Huntington","WV","Kroger","6306 County Road 107","45669",38.4371654,-82.386498
"25702","Huntington","WV","FoodFair","7604 County Road 107","45669",38.441017796453785,-82.36296852421704
"25801","Beckley","WV","Walmart Supercenter","1330 No. Eisenhower Dr","25801",37.805203280812904,-81.17729974234001
"25801","Beckley","WV","Walmart Grocery Pickup & Delivery","1330 N Eisenhower Dr","25801",37.805553,-81.176878
"25801","Beckley","WV","ALDI","21 By Pass Plaza Shopping Center","25801",37.8090517,-81.183666
"25801","Beckley","WV","Kroger","133 Beckley Crossing","25801",37.80129531759311,-81.18171134500221
"25801","Beckley","WV","Kroger","1734 Harper Rd","25801",37.7888887,-81.2027913
"25801","Beckley","WV","Walmart Supercenter","1881 Robert C Byrd Dr","25873",37.75405071,-81.22160885
"25801","Beckley","WV","Kroger","151 Beaver Plaza","25813",37.750757,-81.136549
"25801","Beckley","WV","Save A Lot","150 Value City Center","25801",37.7894007,-81.18864
"25801","Beckley","WV","Kroger Grocery Pickup and Delivery","151 N Beaver Ln","25813",37.74821853637695,-81.12744903564453
"25801","Beckley","WV","Eddy's","not_available","25880",37.86411,-81.195146
"25840","Fayetteville","WV","Walmart Supercenter","204 Town Center Rd","25840",38.034040862156594,-81.12047752456844
"25840","Fayetteville","WV","Kroger","411 Mall Rd","25901",38.0123012,-81.1277963
"25840","Fayetteville","WV","Piggly Wiggly","24322 Midland Trail","25854",38.124024,-81.027749
"25840","Fayetteville","WV","Save-A-Lot","2017 E Main St","25901",37.99359512,-81.13235474
"25840","Fayetteville","WV","Save-A-Lot","2017 Main St E","25901",38.00377655029297,-81.131103515625
"25840","Fayetteville","WV","Foodland Oak Hill","not_available","25901",37.98039225,-81.13913086
"25840","Fayetteville","WV","Grant's Supermarket","3 Church St","25901",37.97433090209961,-81.1469955444336
"25901","Oak Hill","WV","Shirley's Market","Rt 612","25917",37.95850020333435,-81.16605835865425
"25918","Shady Spring","WV","Save-A-Lot","206 Main St","25951",37.66725307199548,-80.89393681863737
"25951","Hinton","WV","Kroger","308 Stokes Dr","25951",37.65998704872271,-80.89113700669259
"25951","Hinton","WV","Kroger's","not_available","25951",37.670216,-80.890854
"25962","Rainelle","WV","Kroger","406 John Raine Dr","25962",37.966408017941866,-80.77469761949033
"26003","Wheeling","WV","Kroger","200 Mount de Chantal Rd","26003",40.0741668,-80.6992704
"26003","Wheeling","WV","Walmart Supercenter","450 Stewart Ln","26059",40.05819314739878,-80.60497023568371
"26003","Wheeling","WV","Kroger","400 Aetna St","43935",40.0865409,-80.7332636
"26003","Wheeling","WV","Kroger","1241 Warwood Ave","26003",40.11413790542929,-80.69969236850739
"26003","Wheeling","WV","A&J's Corner Market","75 Indiana St","26003",40.07417678833008,-80.73434448242188
"26003","Wheeling","WV","Neely's Grocery","1610 Wood St","26003",40.06434917449951,-80.71465909481049
"26003","Wheeling","WV","Buehlers","not_available","44663",40.048921,-80.624638
"26003","Wheeling","WV","Save-A-Lot","141 Warwood Ave","26003",40.10322360509555,-80.7023039460655
"26003","Wheeling","WV","Time Expedited, LLC","not_available","26003",40.0697,-80.73135
"26003","Wheeling","WV","Riesbeck's","2485 National Rd","26003",40.04800910754491,-80.64934669310965
"26003","Wheeling","WV","Jacob And Sons","not_available","43935",40.099965,-80.717014
"26003","Wheeling","WV","Shop N Save Express","not_available","43963",40.173493,-80.696039
"26003","Wheeling","WV","Convenient Food Mart","153 16th St","26003",40.064734244734176,-80.7156472543569
"26034","Chester","WV","Sparkle","1616 Pennsylvania Ave","43920",40.63758330048914,-80.54031014442444
"26034","Chester","WV","Gilkinson's Short Stop","1216 Avondale St","43920",40.62913101337724,-80.57368906609561
"26034","Chester","WV","Sparkle Market","89 Carolina Ave","26034",40.60967238162842,-80.57301448693944
"26034","Chester","WV","Giant Eagle Supermarket","619 Bradshaw Ave","43920",40.62119232016702,-80.57483095227673
"26035","Colliers","WV","Walmart Supercenter","400 Three Springs Dr","26062",40.390483255680415,-80.54926395244578
"26035","Colliers","WV","Kroger","100 Saint Thomas Dr","26062",40.3970243,-80.5534249
"26035","Colliers","WV","Kroger","91 27th St","26070",40.2901957,-80.6088507
"26035","Colliers","WV","Kroger","3558 Main St","26062",40.398970593027855,-80.59029673040527
"26035","Colliers","WV","KROGER","91-27th St.","not_available",40.33702926730364,-80.55542534287031
"26035","Colliers","WV","Pesta's Country Store","not_available","43938",40.32085,-80.607943
"26038","Glen Dale","WV","Convenient Food Mart","4115 Central Ave","43947",39.970852,-80.751598
"26038","Glen Dale","WV","Village Market","4595 SR-7 Scn","43947",39.96816021780503,-80.75545294938
"26041","Moundsville","WV","Walmart Supercenter","10 Walmart Dr","26041",39.92637634,-80.74826055
"26041","Moundsville","WV","Kroger","1212 Lafayette Ave","26041",39.9107467657302,-80.74649298025018
"26041","Moundsville","WV","Greg's Market","2400 4th Street","26041",39.92082214355469,-80.72615814208984
"26041","Moundsville","WV","Greg's Market","128 Jefferson Ave","26041",39.923797607421875,-80.74251556396484
"26041","Moundsville","WV","Save-A-Lot","Lafayette Ave At State Route 2","26041",39.905029,-80.759588
"26041","Moundsville","WV","Convenient Food Mart","288 Highway 7 N","43942",39.86456298828125,-80.80440521240234
"26041","Moundsville","WV","Save A Lot","311 Lafayette Ave","26041",39.92327880859375,-80.74935913085938
"26047","New Cumberland","WV","Sparkle Market - NC","not_available","26047",40.50726200120703,-80.61477606408953
"26047","New Cumberland","WV","IGA","not_available","43694",40.45149116666666,-80.61248236666667
"26047","New Cumberland","WV","KROGER","858 Main St.","not_available",40.6044448,-80.6465048
"26050","Newell","WV","Gibby's","1800 Clark Ave","43968",40.59687946048882,-80.66352063374667
"26050","Newell","WV","Save-A-Lot","325 Wells Ave","43968",40.61591838779221,-80.63729320233762
"26055","Proctor","WV","Save a Lot","not_available","26155",39.674360229102795,-80.85645752932146
"26055","Proctor","WV","Save-A-Lot","223 N State Route 2","26155",39.674129486083984,-80.85578155517578
"26062","Weirton","WV","Shop N Save","200-248 Penco Rd","26062",40.40953903592854,-80.5449916610628
"26101","Parkersburg","WV","Walmart Supercenter","2900 Pike St","26101",39.21652642496549,-81.54871875552026
"26101","Parkersburg","WV","Kroger","1008 Washington Blvd","45714",39.2754858,-81.5807369
"26101","Parkersburg","WV","Save-A-Lot","1820 Washington Blvd","45714",39.277276,-81.599248
"26101","Parkersburg","WV","Foodland","4000 Emerson Ave","26104",39.29003400680957,-81.52892214573593
"26101","Parkersburg","WV","Foodland","1206 Plum St","26101",39.267008989875094,-81.54053944232888
"26101","Parkersburg","WV","Kroger","2007 7th St","26101",39.2695613,-81.5216219
"26101","Parkersburg","WV","Piggly Wiggly","not_available","26101",39.266793,-81.540447
"26101","Parkersburg","WV","Foodland Southside","110 Gihon Vlg","26101",39.232108000000004,-81.545575
"26101","Parkersburg","WV","Big Lots","113 Grand Central Ave","26105",39.30006905839398,-81.54881672883607
"26101","Parkersburg","WV","Kroger Grocery Pickup and Delivery","930 Division St","26101",39.249298095703125,-81.55741119384766
"26101","Parkersburg","WV","Save A Lot","1805 Broadway Ave","26101",39.23615646362305,-81.54109954833984
"26101","Parkersburg","WV","ALDI","56 Bosley Pkwy","26101",39.2213581,-81.5476779
"26104","Parkersburg","WV","IGA- Grocery Store","1-137 Brierwood Dr","26104",39.328168666343814,-81.43850225728548
"26105","Vienna","WV","Walmart Supercenter","701 Grand Central Ave","26105",39.30620203700684,-81.55293746562111
"26105","Vienna","WV","Foodland","100 23rd St","26105",39.3216534139486,-81.55326122009923
"26105","Vienna","WV","ALDI","1400 Grand Central Ave","26105",39.3132546,-81.5525107
"26136","Big Bend","WV","Foodland","not_available","26147",38.91898177234021,-81.09532235010663
"26136","Big Bend","WV","Holbert's Store","6811 W Little Kanawha Hwy","26136",38.9632096761999,-81.1613862016617
"26143","Elizabeth","WV","Dick's Market","not_available","26143",39.06294197204171,-81.3966198999498
"26143","Elizabeth","WV","Crossroads General Store","15262 Staunton Tpke","26180",39.139259338378906,-81.37689971923828
"26143","Elizabeth","WV","Piggly Wiggly","78 Maze Plaza","26143",39.065858,-81.402697
"26155","New Martinsville","WV","Walmart Supercenter","1142 S Bridge St","26155",39.656399607092084,-80.85957290512415
"26155","New Martinsville","WV","Save-A-Lot","223 N State Rte 2","26155",39.63019943,-80.86300659
"26164","Ravenswood","WV","Cope's","1101 Washington St","26164",38.9613151550293,-81.77104949951172
"26164","Ravenswood","WV","FOODFAIR","Plaza Drive","26164",38.95235522859326,-81.76212151428726
"26170","Saint Marys","WV","St Marys Galaxy Food Center","1408 N Pleasants Hwy","26170",39.413846,-81.188812
"26170","Saint Marys","WV","Galaxy Food Center","1408 N Pleasants Highway","26170",39.414218597131864,-81.18902175765415
"26170","Saint Marys","WV","Warrens IGA","not_available","45768",39.38882284657585,-81.23065181679587
"26187","Williamstown","WV","Walmart Supercenter","804 Pike St","45750",39.40483646777353,-81.41880620532395
"26187","Williamstown","WV","ALDI","708 Pike St","45750",39.40623391624725,-81.42040461301804
"26201","Buckhannon","WV","Save A Lot","203 S Kanawha St","26201",38.9797052,-80.2248988
"26201","Buckhannon","WV","Kroger","80 Skyline Plaza Dr","26201",38.97345225660049,-80.23084223270416
"26201","Buckhannon","WV","Walmart Grocery Pickup","100 Buckhannon Xrds","26201",38.9987082121257,-80.2347638705093
"26201","Buckhannon","WV","Walmart Supercenter","100 Buckhannon Crossroads","26201",38.998207924145895,-80.2351493551845
"26241","Elkins","WV","Walmart Supercenter","40 Jett Ln","26241",38.89287461806546,-79.84420752779236
"26241","Elkins","WV","Kroger","450 11th St","26241",38.9183957,-79.8434958
"26241","Elkins","WV","Save A Lot","388 Beverly Pike","26241",38.9121957,-79.8455614
"26241","Elkins","WV","Shop'n Save","not_available","26241",38.93244336502651,-79.87100285054764
"26241","Elkins","WV","Campbell's Market","Main St","26253",38.84355134463186,-79.84421299817217
"26241","Elkins","WV","Walmart Grocery Pickup","721 Beverly Pike","26241",38.892726,-79.843692
"26241","Elkins","WV","Food Lion","749 Beverly Pike","26241",38.895423889160156,-79.84590911865234
"26241","Elkins","WV","Save-A-Lot","Rt. 219/250","26241",38.896239557795944,-79.84734199988635
"26241","Elkins","WV","Shop N Save","not_available","26250",39.02193033891687,-79.93762712527719
"26260","Davis","WV","Shop N Save Express","William Ave","26260",39.12899622277665,-79.46200282402566
"26260","Davis","WV","The Trail Mix","County Route 32/16","26260",39.043947,-79.404018
"26269","Hambleton","WV","Shop 'N Save","not_available","26287",39.09487009048462,-79.68078611666667
"26301","Clarksburg","WV","Kroger","198 Emily Dr","26301",39.2767424,-80.2796667
"26301","Clarksburg","WV","Walmart Supercenter","550 Emily Dr","26301",39.26336882493095,-80.28589252708953
"26301","Clarksburg","WV","ALDI","555 Emily Dr","26301",39.26054892124978,-80.28435336441805
"26301","Clarksburg","WV","Kompak Store","1119 E Main St","26301",39.27023696899414,-80.320556640625
"26301","Clarksburg","WV","ALDI","not_available","26330",39.273101806640625,-80.28390502929688
"26301","Clarksburg","WV","Shop 'n Save","1724 Adams Ave","26301",39.292367561816384,-80.35994093280686
"26301","Clarksburg","WV","Save-A-Lot","1720 Adams Ave","26301",39.29228000469404,-80.35993967915529
"26301","Clarksburg","WV","Kroger","788 W Pike St","26301",39.282516,-80.349466
"26330","Bridgeport","WV","Shop 'n Save","540 S Pike St","26431",39.39112533899668,-80.30648074996927
"26354","Grafton","WV","Walmart Supercenter","#1 Wal-mart Lane","26354",39.35844331926646,-79.99580315021933
"26354","Grafton","WV","Save A Lot","245 Greenes Plz","26354",39.346448,-80.003812
"26354","Grafton","WV","Save-A-Lot","Rt. 50 & Rt. 119","26354",39.345046068870445,-79.9990086553935
"26354","Grafton","WV","Shop'n Save","not_available","26354",39.33843626281019,-80.01632289256735
"26354","Grafton","WV","Save-A-Lot","245 Greene's Plaza","26354",39.34996796,-79.99893188
"26372","Horner","WV","Walmart Supercenter","110 Berlin Rd","26452",39.019524767978105,-80.41543380361146
"26415","Pennsboro","WV","Save A Lot","4456 Lamberton Rd","26415",39.280456,-80.98753
"26426","Salem","WV","Salem IGA","158 E Main St","26426",39.28175806568116,-80.55561122632999
"26431","Shinnston","WV","Walmart Supercenter","32 Tygart Mall Loop","26554",39.42481070803198,-80.19064208703786
"26431","Shinnston","WV","Shop 'N Save","9789 Mall Loop","26554",39.42682515752284,-80.18719321310736
"26431","Shinnston","WV","Sav A Lot","9709 Mall Loop","26554",39.42863464355469,-80.18348693847656
"26447","Walkersville","WV","KROGER","7 Market Place","not_available",39.001461,-80.5103454
"26452","Weston","WV","BJ's Wholesale Club","not_available","26452",39.03671646118164,-80.45238494873047
"26452","Weston","WV","Save A Lot","52 Arnold Rd","26452",39.0378,-80.446865
"26452","Weston","WV","Save-A-Lot","52 Arnold Ave","26452",39.03779983520508,-80.44686126708984
"26501","Morgantown","WV","Kroger","500 Suncrest Town Centre Dr","26505",39.6510531,-79.9411258
"26501","Morgantown","WV","Walmart Supercenter","5605 University Town Center Drive","26501",39.64574612721039,-79.99875036930416
"26501","Morgantown","WV","Walmart Supercenter","75 Retail Circle","26508",39.57881582626953,-79.95895359447323
"26501","Morgantown","WV","Kroger","350 Patteson Dr","26505",39.6504505,-79.9680897
"26501","Morgantown","WV","Target","5001 University Town Centre Dr","26501",39.64957230357632,-80.00090203905503
"26501","Morgantown","WV","Giant Eagle Supermarket","208 Giant St","26501",39.650035684259876,-80.0041245476858
"26501","Morgantown","WV","ALDI","3519 Monongahela Blvd.","26505",39.6557563,-79.9910772
"26501","Morgantown","WV","Giant Eagle Supermarket","130 Greenbag Rd","26501",39.6078969768386,-79.9626403150161
"26501","Morgantown","WV","ALDI","1351 Earl L Core Rd","26505",39.62871903124534,-79.9319144729643
"26501","Morgantown","WV","La Tapatia Market & Tacos","not_available","26508",39.621262,-79.933173
"26501","Morgantown","WV","Shop 'n Save","828 Fairmont Rd","26501",39.63289460614033,-79.98231410980225
"26501","Morgantown","WV","ALDI","220 Don Knotts Blvd","26505",39.612931900350084,-79.97030449733575
"26501","Morgantown","WV","Mountain People's Market Co-op","1400 University Ave","26505",39.63191178815841,-79.9564654518515
"26501","Morgantown","WV","Kassar's Food & Gifts","1137 Van Voorhis Rd","26505",39.65778248164653,-79.96371442520253
"26501","Morgantown","WV","Von Son US & Asian Market","Beechhurst avenue","not_available",39.631836,-79.957092
"26501","Morgantown","WV","Koreana Asian Grocery Market","293 Don Knotts Blvd","26501",39.61566162109375,-79.9698715209961
"26501","Morgantown","WV","Bobette's Grocery","Long Alley","26501",39.62398485,-79.95154206666666
"26501","Morgantown","WV","Giant Eagle Supermarket","208 Giant Street","26501",39.6497734,-80.0046557
"26501","Morgantown","WV","Sam's Club","5045 University Town Centre Dr","26501",39.647769,-79.999606
"26505","Morgantown","WV","Kroger","1851 Earl L Core Rd","26505",39.6221452,-79.9243842
"26505","Morgantown","WV","Save-A-Lot","1470 Earl L Core Rd","26505",39.62783571155688,-79.92887670528366
"26505","Morgantown","WV","Save A Lot","1420 Earl Core Rd","26505",39.6106886,-79.921746
"26508","Morgantown","WV","Shop 'n Save","889 Venture Dr #1","26508",39.65006900852926,-79.89617322554525
"26508","Morgantown","WV","Street’s Store LTD.","22 S Main St","26542",39.55202865600586,-79.79792022705078
"26519","Albright","WV","Save-A-Lot","402 E Main St","26537",39.46950575855909,-79.67391125250904
"26519","Albright","WV","Walmart Supercenter","100 Walmart Dr","26537",39.48666586929089,-79.73397041270744
"26521","Blacksville","WV","twins grocery","Rt 7","26521",39.70694351196289,-80.25643920898438
"26554","Fairmont","WV","Shop 'N Save","1208 Fairmont Ave","26554",39.4686406748321,-80.15538044088476
"26554","Fairmont","WV","Save-A-Lot","609 Bellview Blvd Fairhill Plaza","26554",39.49854737866867,-80.14003709115919
"26554","Fairmont","WV","Shop 'n Save","1015 Indiana Ave","26554",39.47803750837002,-80.12061327163293
"26570","Fairview","WV","Belco","Rt 218","26570",39.69511795043945,-80.22337341308594
"26582","Mannington","WV","Mannington Shop N Save","1 Rainbow Plz","26582",39.51841678640005,-80.32219869592117
"26601","Sutton","WV","Walmart Supercenter","369 Scotts Fork-bonnie Road","26601",38.70679528584657,-80.66519594926996
"26601","Sutton","WV","Kroger","2908 State St","26624",38.6582825,-80.7492986
"26610","Birch River","WV","Oriental food market","not_available","96928",38.469284,-80.772712
"26651","Summersville","WV","Walmart Supercenter","200 Wal St","26651",38.30467323886626,-80.83505684837881
"26651","Summersville","WV","Big Lots","2093 Webster Rd","26651",38.29763525757569,-80.8415681292575
"26651","Summersville","WV","Save-A-Lot","840 Broad St","26651",38.27491012086599,-80.85240378521996
"26710","Burlington","WV","Walmart Supercenter","R.r. #4 Box 82","26726",39.40086720769004,-79.01086261503902
"26710","Burlington","WV","Save A Lot","US 220","26726",39.422672,-78.996122
"26710","Burlington","WV","Burlington General Stores","not_available","26710",39.339972,-78.9304
"26710","Burlington","WV","Save A Lot","220 Keyser Mall","26726",39.4409272,-78.9744276
"26710","Burlington","WV","Martin's Food Market","100 Keyser Mall","26726",39.442125686228714,-78.9767861366272
"26710","Burlington","WV","Save-A-Lot","Highway 220","26726",39.413522,-79.03196
"26711","Capon Bridge","WV","Farmers Daughter Market and Butcher","2908 Northwestern Pike","26711",39.297316,-78.431671
"26719","Fort Ashby","WV","Wayne's Meat Market","not_available","26719",39.50380500962324,-78.77184361323448
"26726","Keyser","WV","Kenny's Market","not_available","21562",39.48459960498537,-79.04498169988327
"26726","Keyser","WV","Food Lion","not_available","21521",39.551135301589966,-79.0532398223877
"26753","Ridgeley","WV","Martin's","12101 Winchester Rd","21502",39.63213684013599,-78.8407371190491
"26753","Ridgeley","WV","Martin's","739 Park St","21502",39.64607042367061,-78.75860452651978
"26753","Ridgeley","WV","Walmart Supercenter","12500 Country Club Mall Rd","21502",39.624968809550616,-78.83530532751294
"26753","Ridgeley","WV","ALDI","12405 Winchester Rd SW","21502",39.62639617919922,-78.83988952636719
"26753","Ridgeley","WV","Weis Markets","15300 McMullen Hwy SW","21502",39.58645204,-78.83852739
"26753","Ridgeley","WV","Blankenship's Country Store","not_available","26767",39.62041190774209,-78.77436993079658
"26753","Ridgeley","WV","Bakery Outlet","931 National Hwy","21502",39.64561080932617,-78.8216781616211
"26753","Ridgeley","WV","Save-A-Lot","1050 W Industrial Blvd","21502",39.631423999999996,-78.750433
"26757","Romney","WV","County Pride","not_available","26757",39.33477098090653,-78.74480620326878
"26757","Romney","WV","Miller's Market","1 S Marsham St","26757",39.341609999999996,-78.75822600000001
"26763","Springfield","WV","Forest Hills Foods","not_available","21555",39.544585966666666,-78.64873565
"26764","Terra Alta","WV","Shop N Save Express","Rt 7","26764",39.45508695581958,-79.55530554778602
"26802","Brandywine","WV","Sugar Grove Commissary","NIOC 30 Hedrick Drive","26815",38.57033065002149,-79.27517652511597
"26807","Franklin","WV","Middle Mountain Apiary","111 Boyd Dr","26847",38.8612174987793,-79.19534301757812
"26812","Mathias","WV","Lost River General Store","not_available","26812",38.91483414855485,-78.78373827091582
"26833","Maysville","WV","Foodland","S Grove St","26847",38.99386219284366,-79.11482113447347
"26833","Maysville","WV","Weaver's Market","not_available","26847",39.01552200317383,-79.13304138183594
"26833","Maysville","WV","Foodland Grocery Store","Virginia Ave, Petersburg, WV 26847","26847",38.99403818116626,-79.11460057063482
"26836","Moorefield","WV","Walmart Supercenter","11 Harness Rd","26836",39.08486825341836,-78.9592214515188
"26836","Moorefield","WV","Malcolm's Grocery","not_available","26836",39.06215487441376,-78.96502953250236
"26836","Moorefield","WV","Shop n Save","745 North Main Street","26836",39.07529830932617,-78.96467590332031
"26851","Wardensville","WV","Kerr's Grocery, Hardware, Auto Parts & Car Wash","Wardensville Pike","26851",39.08654969750825,-78.58679100026418
