"zip","city","state","name","address","postalCode","lat","lon"
"03031","Amherst","NH","Keyes Memorial Park","not_available","not_available",42.83809307441259,-71.65767384731166
"03031","Amherst","NH","Joe English Reservation","Brook Road","03031",42.90157547887318,-71.61505609836482
"03031","Amherst","NH","The Pump Track","not_available","03055",42.834409,-71.643729
"03031","Amherst","NH","Adams Field Milford NH","Osgood Street","03055",42.82220652668648,-71.66262190649111
"03032","Auburn","NH","Massabesic Lake","Massabesic Lake","03109",43.003432312333175,-71.39005374360151
"03033","Brookline","NH","sculpture park","not_available","03033",42.72868939675307,-71.66586070171758
"03034","Candia","NH","Deerfield Community Playground","not_available","03034",43.07795715332031,-71.26937103271484
"03034","Candia","NH","Peg King Memorial Park","Ridge Rd","03037",43.12619152931868,-71.25164142014579
"03036","Chester","NH","Sandown Town Forest","not_available","03873",42.94118,-71.179709
"03037","Deerfield","NH","Epsom Town Forest","not_available","03234",43.195744,-71.308094
"03038","Derry","NH","Hood Park","14 Rollins St","03038",42.88454055786133,-71.32704162597656
"03038","Derry","NH","Alexander-Carr Playground‎ & Lodge","28 Pierce Ave","03038",42.87705993652344,-71.31439971923828
"03038","Derry","NH","Don Ball Park","14 Humphrey Rd","03038",42.88628551850985,-71.29901411425263
"03038","Derry","NH","Pocket Park","W Broadway","03038",42.880838,-71.326731
"03038","Derry","NH","MacGregor Park","E. Broadway","03038",42.88395254848391,-71.3220835103843
"03038","Derry","NH","the fairways yard sale setting up","Tennis Court","not_available",42.883394,-71.306242
"03038","Derry","NH","Don Ball Park","14 Humphrey RD","03038",42.886775970458984,-71.29991149902344
"03042","Epping","NH","Seacoast United Snack Shack","not_available","03042",43.0239379304979,-71.10068556087755
"03045","Goffstown","NH","Goffstown Town Common","Main Street","not_available",43.01852552848469,-71.59979236209168
"03045","Goffstown","NH","Barnard Park","9 Barnard Park Lane","03045",43.01390338825897,-71.58925105970832
"03045","Goffstown","NH","Goffstown Skate Park","Church Street","03045",43.01979617267748,-71.60114259878499
"03045","Goffstown","NH","Tennis Courts At Countryside Village","not_available","03102",43.045902,-71.505992
"03046","Dunbarton","NH","Sledding Hill","not_available","03304",43.15499187508002,-71.53568765730324
"03047","Greenfield","NH","Oak Park","791 Forest Road","03047",42.951155689820645,-71.88980405098056
"03049","Hollis","NH","Monument Square","not_available","03049",42.73961231260768,-71.58832382674431
"03051","Hudson","NH","Benson Park","10-28 Kimball Hill Rd","03051",42.76871639465594,-71.40425973252198
"03051","Hudson","NH","Atherton Park","Atherton Ave","not_available",42.76933166620617,-71.45753471261526
"03051","Hudson","NH","Fields Grove","Field St.","not_available",42.747914507053984,-71.46212161166342
"03051","Hudson","NH","Town of Hudson NH 9-11 Memorial","23 Kimball Hill Rd.","03051",42.768626128789705,-71.40353495062735
"03051","Hudson","NH","Merrill Park","Maple Street","03051",42.760411,-71.439679
"03051","Hudson","NH","Rotary Common","315 Main St.","03060",42.75161361694336,-71.46162414550781
"03051","Hudson","NH","Sullivan Park","63-67 Bowers St","03060",42.75360705242422,-71.45493094450389
"03051","Hudson","NH","Robert L Gardner Memorial Park","Haines st","03060",42.7560566,-71.44473876666666
"03051","Hudson","NH","Shattuck St TOT Lot","shattuck st","03064",42.769129,-71.46317303180695
"03051","Hudson","NH","Salmon Brook Main St Pond","Field St","03060",42.74423848197475,-71.45920555043882
"03051","Hudson","NH","parc de renaissance francais","not_available","01463",42.76428082051834,-71.46155347437397
"03052","Litchfield","NH","Merrimack Commons","not_available","03054",42.87466384245564,-71.48558836475338
"03052","Litchfield","NH","Roy memorial park","not_available","03052",42.82905254898788,-71.44657867187492
"03052","Litchfield","NH","'Querque Courts","Albuquerque Ave","03052",42.863915266666666,-71.4635399
"03053","Londonderry","NH","Londonderry Town Commons","Mammoth Rd","03053",42.86391764593921,-71.37443231447358
"03053","Londonderry","NH","The Gazebo At Granite Lion Estate","not_available","03053",42.91781,-71.40671
"03054","Merrimack","NH","Twin Bridge Park","485 Daniel Webster Highway","03054",42.868803156897094,-71.49328065497507
"03054","Merrimack","NH","Veterans Park","Veterans Park Dr.","not_available",42.81519955515699,-71.5286047503624
"03054","Merrimack","NH","Abbie Griffin Park","6 Baboosic Lake Rd","03054",42.866474,-71.494941
"03054","Merrimack","NH","Altitude Trampoline Park","360 Daniel Webster Hwy","03054",42.849594,-71.494409
"03060","Nashua","NH","Mine Falls Park","Whipple St.","03060",42.760220626197814,-71.49083454778822
"03060","Nashua","NH","Deschenes Park","not_available","03064",42.7645149230957,-71.46664428710938
"03060","Nashua","NH","Roby Park Sled Hill","not_available","03062",42.707764,-71.466886
"03060","Nashua","NH","Sargents Park","Sargents Ave.","03064",42.760025590549525,-71.4663304371696
"03060","Nashua","NH","Erion Park","Robinson Road","not_available",42.73616343257646,-71.46441734084883
"03060","Nashua","NH","Los Amigos Park","Ash Street","03060",42.757681,-71.47037
"03060","Nashua","NH","Memorial Park","Ledge St.","03060",42.75518983389591,-71.48213624954224
"03060","Nashua","NH","Sandy Pond Park","National St.","03060",42.74981947809699,-71.47170444347181
"03062","Nashua","NH","Mine Falls Park via Coliseum Ave","Coliseum Ave","03062",42.758222729618566,-71.50047933113919
"03062","Nashua","NH","Yudicky Farm Conservation Area","Nashua,NH,03062","03062",42.70987998067362,-71.50977232740445
"03062","Nashua","NH","Nashua Dog Park","Yudicky","03062",42.70812317590654,-71.51920315688753
"03062","Nashua","NH","Longwood Terrace","Shore Drive","03062",42.74567974770673,-71.50940134919438
"03063","Nashua","NH","Nashua Dog Park","not_available","03063",42.789708222301215,-71.51825255008984
"03064","Nashua","NH","Greeley Park","Concord St.","03060",42.78010995879576,-71.46565215874435
"03070","New Boston","NH","Webster Park Epping","Webster Park Ln","not_available",42.96084158132324,-71.66376331019006
"03076","Pelham","NH","Muldoon Park","138 Mammoth Rd","03076",42.74937177004984,-71.3395339353166
"03076","Pelham","NH","Pelham Village Green","not_available","03076",42.73324858449611,-71.32487888113013
"03079","Salem","NH","Griffin Park","not_available","03087",42.7946481325741,-71.27731993915597
"03079","Salem","NH","veterans park","not_available","03079",42.78852880453096,-71.20119583916848
"03079","Salem","NH","Griffith Park","Range Road","03087",42.794028823556275,-71.27765635277238
"03082","Lyndeborough","NH","Goss Park","not_available","03086",42.86474830629373,-71.7712635027336
"03082","Lyndeborough","NH","Curtiss Dogwood Natural Area","Lyndeborough","3086",42.8518051,-71.7355566
"03101","Manchester","NH","Victory Park","Chestnut St","03101",42.99250641665033,-71.4603476289556
"03101","Manchester","NH","Arms Park","Commercial St","03101",42.992398,-71.468908
"03101","Manchester","NH","SNHU COCE","33 South Commercial St","03101",42.98485714334298,-71.46792745570959
"03101","Manchester","NH","Veterans Memorial Park","Elm St","03101",42.98870202671633,-71.46237373352051
"03101","Manchester","NH","Bass Island Park","Second Street","not_available",42.97825696,-71.47331901
"03101","Manchester","NH","William Loeb Plaza","not_available","03101",42.98615342370005,-71.46890440504114
"03101","Manchester","NH","Picnic In The Park","Lake ave","not_available",42.986836,-71.460138
"03101","Manchester","NH","Kalivas Park","Lake Avenue","03103",42.98691940307617,-71.46004486083984
"03102","Manchester","NH","Stark Park","650 River Rd.","not_available",43.01438305194088,-71.46979137612962
"03102","Manchester","NH","Rock Rimmon Park","Mason St","03102",42.99935391355802,-71.48959402095011
"03102","Manchester","NH","Simpson Park","Notre Dame St","not_available",42.993073324407405,-71.47579675577492
"03102","Manchester","NH","Lafayette park","Amory St","not_available",42.993766093084965,-71.48756511250156
"03103","Manchester","NH","Medford Park","not_available","03109",42.97657478637402,-71.41805047613404
"03103","Manchester","NH","Bronstein Park","492-510 Breech St","03104",42.991075423525764,-71.45697355899992
"03103","Manchester","NH","Smith s Ferry Heritage Park","Manchester","3103",42.9560463,-71.4701943
"03103","Manchester","NH","Vets Park","not_available","03103",42.979259,-71.446816
"03103","Manchester","NH","Steven's Pond","892-910 Bridge St Extension","03104",42.99322149469944,-71.42070731695922
"03103","Manchester","NH","10 nelson st","10 nelson st","03103",42.98272939590649,-71.43452167510986
"03103","Manchester","NH","Enright Park","207-249 Laurel St","03103",42.98974627143158,-71.45075869357193
"03103","Manchester","NH","15 nelson st","15 Nelson St","03103",42.982455,-71.434239
"03103","Manchester","NH","Some Rock In A Park!","Maple","not_available",42.99029285429694,-71.45159990975677
"03103","Manchester","NH","Pine Island Park","2562-2954 Brown Ave","03103",42.93453261815706,-71.45183079992572
"03104","Manchester","NH","Derryfield Park","not_available","03104",42.9949009818117,-71.4450589525904
"03104","Manchester","NH","Livingston Park","Hooksett Rd","03104",43.012580817304446,-71.45471836383005
"03104","Manchester","NH","Easter Seals Walk","veterans memorial park","03104",42.997496,-71.458921
"03104","Manchester","NH","Oak Park","Maple St.","03104",42.9997557337854,-71.45359365961905
"03104","Manchester","NH","Relay For Life Manchester","livingston park","03104",43.00965021571888,-71.4569039902107
"03104","Manchester","NH","Augustus Wagner Park","Oak Street","not_available",42.998039069470565,-71.4529675340876
"03104","Manchester","NH","Pulaski Park","125 Bridge St.","03104",42.995218855301665,-71.45832986223604
"03104","Manchester","NH","Fraser Memorial Park","not_available","03106",43.02606970870612,-71.43707633254246
"03106","Hooksett","NH","Donati Memorial Park","Grant Dr","03106",43.08936881039346,-71.46337962671561
"03109","Manchester","NH","Crystal Lake Park","Bodwell Rd","03109",42.95333522032861,-71.40646885879296
"03110","Bedford","NH","Mary E. Selvoski Field","2-20 County Rd","03110",42.937878837823796,-71.51245031468981
"03110","Bedford","NH","Earl Legacy Park","31-51 Campbell Rd","03110",42.965219416896055,-71.54634652210157
"03110","Bedford","NH","The Village Green at Bedford","1 Augusta National Dr","03110",42.94322204589844,-71.47726440429688
"03110","Bedford","NH","Benedictine Park","340 Wallace Rd","03110",42.9468994140625,-71.52947998046875
"03216","Andover","NH","Daniel Webster Birthplace Historic Site","Franklin","3235",43.4213044850104,-71.6970245247742
"03218","Barnstead","NH","Drake Field","not_available","03263",43.30731278510391,-71.32457730687251
"03220","Belmont","NH","Lake Winnisquam Scenic Trail","not_available","03220",43.504007,-71.504605
"03220","Belmont","NH","Leslie E. Roberts Beach and Recreation Area","Belmont,NH,3220","3220",43.5157374355597,-71.48227479608259
"03220","Belmont","NH","Rotary Park","Belknap Mill","not_available",43.527205,-71.46833
"03221","Bradford","NH","Bradford Pines Natural Area","Bradford","3221",43.2623692,-71.9534714
"03222","Bristol","NH","Kelley Park","15-37 Main St","03222",43.59259373810716,-71.7386768092654
"03222","Bristol","NH","hebron town common","North Shore Rd","03242",43.69382622735718,-71.80448113544317
"03223","Campton","NH","Hubbard Brook","not_available","03262",43.9425685444185,-71.70003386299958
"03224","Canterbury","NH","Jamie Welch Memorial Park","not_available","03303",43.31553003229776,-71.61845684051514
"03226","Center Harbor","NH","Center Harbor Tennis Courts","Plymouth Street","not_available",43.67500411742815,-71.52679292108637
"03226","Center Harbor","NH","Mini Park","not_available","03217",43.680457,-71.57139
"03229","Contoocook","NH","Hopkinton State Fairgrounds","392 Kearsarge Ave","03229",43.23209073939812,-71.72285599678744
"03230","Danbury","NH","Williams Recreation Field","not_available","03251",43.5587962213555,-71.95042848587036
"03233","Elkins","NH","Sytheville Park","not_available","03233",43.419027,-71.934955
"03234","Epsom","NH","Bear Brook State Park","not_available","03275",43.16271309374556,-71.38691095599144
"03234","Epsom","NH","Carpenter Memorial Park","Carpenter Rd","03258",43.263436621090705,-71.37271588808329
"03234","Epsom","NH","Webster Park","Webster Park","03234",43.20033459140506,-71.38539753753022
"03235","Franklin","NH","Danielle Park","Liberty Ave","not_available",43.45291867518184,-71.6487625207236
"03235","Franklin","NH","Sanbornton Town Park","180 Shaw Hill Rd ,","03269",43.50115711527166,-71.65613651275635
"03241","Hebron","NH","Everett Hobart Memorial Park","not_available","03241",43.705229,-71.84345
"03242","Henniker","NH","Park","not_available","03242",43.18269193333333,-71.79636035
"03242","Henniker","NH","Henniker Softball Field","Main St","03242",43.1817221,-71.81020491666666
"03242","Henniker","NH","Amey Brook Park","old Concord rd","03229",43.18170460522521,-71.79915085778218
"03242","Henniker","NH","Henniker Community School Playground","21 Western Ave","03242",43.17843246459961,-71.82439422607422
"03244","Hillsborough","NH","Hillsboro Town Green","Main Street","03244",43.11427376666666,-71.8959581
"03246","Laconia","NH","Opechee Park","North Main St","03246",43.53652455094095,-71.47492567242674
"03246","Laconia","NH","meredith center park","not_available","03253",43.61530146262002,-71.53015339106314
"03246","Laconia","NH","Smith Track","north main st.","03246",43.53518565476564,-71.47424848654663
"03246","Laconia","NH","Colby Field","Mcgrath Street","03246",43.53621140786375,-71.47324487308394
"03249","Gilford","NH","Sarah Peck Park","Potter Hill Rd","03249",43.549173,-71.403774
"03251","Lincoln","NH","Cascade Park","Main street","not_available",44.03191317421279,-71.6855706319023
"03251","Lincoln","NH","Franconia Notch","not_available","03580",44.18300107434166,-71.68667559964523
"03251","Lincoln","NH","White Mountain Motorsports Park","463 Daniel Webster Hwy","not_available",44.006731557008706,-71.68252924837597
"03251","Lincoln","NH","Livermore Scenic Vista","Kancamagus Highway","not_available",44.05120539204989,-71.65942690263343
"03251","Lincoln","NH","Soldier's Park","Main Street","03262",44.029836852276006,-71.68581247329712
"03254","Moultonborough","NH","James Southerland Memorial Park","not_available","03254",43.756481902216926,-71.39387985216614
"03256","New Hampton","NH","Mooney Clark Boat Launch","Summer St","03222",43.60760500744214,-71.62730884730874
"03257","New London","NH","Town Green","not_available","03257",43.41313827831471,-71.9823525140075
"03262","North Woodstock","NH","Country Bumpkins Campground and Cabins","218 Daniel Webster Highway Route 3 Count","03251",43.95120689461538,-71.68476320075665
"03262","North Woodstock","NH","Staple Rock Park","Split Rock Park","not_available",43.96135364878098,-71.67442122764675
"03264","Plymouth","NH","Veterans Common at Plymouth State University","High St","03264",43.7608353903342,-71.69094085693358
"03266","Rumney","NH","Plummer s Ledge Natural Area","Wentworth","3282",43.8375632,-71.8818284
"03275","Suncook","NH","NH Championships Regatta","Exchange Street","not_available",43.131025322838894,-71.46142593322502
"03276","Tilton","NH","Riverfront Park","not_available","03276",43.44303409352416,-71.59436238616307
"03276","Tilton","NH","Tilton Arch","12 Memorial St","03276",43.43953526377846,-71.58822592667754
"03278","Warner","NH","Mt. Kearsarge","Kearsarge Mountain Rd.","03278",43.38288381449955,-71.85761661232173
"03278","Warner","NH","Riverside Park","Riverside Dr","not_available",43.27878605,-71.81649028
"03287","Wilmot","NH","Timothy Patten Park","not_available","03287",43.416885,-71.907503
"03290","Nottingham","NH","Cedar Hill Nudist","not_available","03824",43.11880419020736,-71.03435345831251
"03301","Concord","NH","White Park","White St","03301",43.20739016342932,-71.54689133834948
"03301","Concord","NH","Rollins Park","Broadway","03301",43.18658850752117,-71.5367077694781
"03301","Concord","NH","Terrill Park","Old Turnpike Road","03301",43.19475792032706,-71.52088410159234
"03301","Concord","NH","Loudon Rec Field","Recreation Dr","03307",43.28358471393585,-71.46458923816681
"03301","Concord","NH","Keach Park","not_available","03301",43.214630352487426,-71.50921585994186
"03301","Concord","NH","Concord Parks and Recreation Office","1 White St","03301",43.206084000000004,-71.54654000000001
"03301","Concord","NH","White Park Sledding Hill","White St.","03301",43.209078,-71.548158
"03301","Concord","NH","West St Playground","20 West St","03301",43.1965217590332,-71.53205871582031
"03301","Concord","NH","Kiwanis River Front Park","Loudon Rd","03301",43.22146646126858,-71.52811786766047
"03301","Concord","NH","Kimball Park","173 N State St","03301",43.218016,-71.548547
"03431","Keene","NH","Ashuelot River Park","West St","03431",42.93305015229474,-72.28921454476904
"03431","Keene","NH","Central Square","Central Square","03431",42.93401628703069,-72.2785484790802
"03431","Keene","NH","Bear s Den Natural Area","Gilsum","3448",43.025557033275014,-72.26784011406993
"03431","Keene","NH","Industrial Heritage Trail","Main St","03435",42.92484988646207,-72.26313895288948
"03431","Keene","NH","Ladies Wildwood Park","not_available","03431",42.9402324158047,-72.30925949006632
"03431","Keene","NH","USDAA Trial Canine Agility Training","15-33 Birch St","03431",42.94105326,-72.30495297
"03431","Keene","NH","Jonathan Daniels Tennis Court","Maple Ave","03431",42.950241,-72.280172
"03443","Chesterfield","NH","Pierce Island","not_available","03462",42.90596092590653,-72.45123277182937
"03446","Swanzey","NH","Richardson Park","not_available","03446",42.840582,-72.301116
"03451","Hinsdale","NH","Main Street Park","main street","03451",42.786183681345946,-72.48374099807539
"03451","Hinsdale","NH","The Witches Gutter","not_available","03451",42.79918,-72.51646
"03452","Jaffrey","NH","Monadnock State Park","116 Poole Rd","03452",42.84515979941276,-72.08752713774892
"03452","Jaffrey","NH","Howard Memorial Park","not_available","03452",42.81718541648749,-72.00990264680848
"03458","Peterborough","NH","Peterborough Town Green","Grove St","not_available",42.87040536077951,-71.95079411867063
"03458","Peterborough","NH","Cunningham Pond","Cunningham Pond Rd","03458",42.85524296388741,-71.91532466433944
"03458","Peterborough","NH","Putnam Grove","not_available","03458",42.876165853531894,-71.95124563744862
"03570","Berlin","NH","Nansen Wayside Area","Milan","3588",44.534023,-71.166387
"03570","Berlin","NH","Northern Forest Heritage Park","not_available","03570",44.4781494140625,-71.17107391357422
"03570","Berlin","NH","Little Peoples Pond","Rt 110","03570",44.57716969255831,-71.17880800859953
"03574","Bethlehem","NH","Dow Park","Route 116","03580",44.23236247358859,-71.7560863494873
"03574","Bethlehem","NH","Bretzfelder Memorial Park","not_available","03574",44.29734420776367,-71.69465637207031
"03576","Colebrook","NH","Dixville Notch Wildlife Viewing Are","not_available","03576",44.853396,-71.28363
"03579","Errol","NH","Deer Mountain Campground","Pittsburg","3592",45.1911574,-71.1920182
"03579","Errol","NH","Androscoggin Wayside Park","Errol","3579",44.742265,-71.1792206
"03581","Gorham","NH","Mascot Mine Natural Area","Gorham","3581",44.401533,-71.17909
"03584","Lancaster","NH","Centennial Park","Main Street","03584",44.491274688426635,-71.56952494336704
"03602","Alstead","NH","Vilas Pool","Alstead,NH,3602","3602",43.14680274390141,-72.34601926025331
"03603","Charlestown","NH","Morningside flight park","357 Morningside Ln","03603",43.323768615722656,-72.36528015136719
"03603","Charlestown","NH","Herrick's Cove","Route 5","not_available",43.177297824718885,-72.44745254516602
"03740","Bath","NH","Railroad Park","Central St","03765",44.154144,-72.039266
"03741","Canaan","NH","Huse Park","Rte 4","03748",43.644270726953145,-72.14292150519437
"03741","Canaan","NH","Depot Park","Depot St.","03741",43.644985,-72.011985
"03743","Claremont","NH","Visitor Center Park","not_available","03743",43.37536977214884,-72.33864863009101
"03743","Claremont","NH","Veteran's Park","Veterans Rd","03743",43.383787167549976,-72.32459474860022
"03745","Cornish","NH","Windsor Common","39 State St","05089",43.480167388916016,-72.3883056640625
"03751","Georges Mills","NH","Bob and Lynee","161 Keyes Rd, Sunapee, NH 03782","03782",43.43041229248047,-72.08902740478516
"03753","Grantham","NH","brookside park","not_available","03753",43.48938563483598,-72.10942080717727
"03755","Hanover","NH","The Green","not_available","03755",43.703297,-72.288597
"03755","Hanover","NH","Kilowatt Park","2-352 Wilder Dam Rd","05001",43.67644624163584,-72.3050910719794
"03755","Hanover","NH","Storrs Pond Recreation Area","Reservoir Rd","03750",43.723197989244966,-72.26459091712587
"03755","Hanover","NH","Alana Cole Park","not_available","03784",43.68318860949394,-72.30155004042959
"03755","Hanover","NH","Kilowatt","not_available","05088",43.678269,-72.302955
"03755","Hanover","NH","Kendal Riverfront Park","Route 10","03755",43.732483,-72.263846
"03766","Lebanon","NH","Lebanon Green","School St, Lebanon, NH 03766","03766",43.6421303781887,-72.25113300494813
"03766","Lebanon","NH","Pat Walsh Park","not_available","03766",43.644094,-72.235926
"03773","Newport","NH","Sarah Josepha Hale Memorial","58 N Main St","03773",43.366493225097656,-72.1757583618164
"03773","Newport","NH","Newport Town Common","Main St","not_available",43.3656770825152,-72.17414331734777
"03784","West Lebanon","NH","Veteran Memorial Park","12 Railroad Row","not_available",43.64967346191406,-72.31841278076172
"03784","West Lebanon","NH","True’s Ledges","Trues Brook Rd","03784",43.605856,-72.315386
"03784","West Lebanon","NH","Riverside Park","8 Glen Rd","03784",43.63344955444336,-72.31595611572266
"03785","Woodsville","NH","Newbury Common","Main St","05051",44.078326921353835,-72.06043940776102
"03801","Portsmouth","NH","Prescott Park","105 Marcy St","03801",43.07717173811275,-70.75216770172119
"03801","Portsmouth","NH","Free Lot","Junkins Avenue","03801",43.07221836920964,-70.75686516366687
"03801","Portsmouth","NH","South Mill Pond","not_available","03801",43.071995541650445,-70.75604630685844
"03801","Portsmouth","NH","Rogers Park","Dion Ave","not_available",43.09750462986455,-70.73410034179688
"03801","Portsmouth","NH","Goodwin Park","Islington Street","not_available",43.07321015239179,-70.76525688171387
"03801","Portsmouth","NH","Peirce Island Playground","2 Peirce Island Rd","03801",43.07478202125523,-70.7464289867088
"03801","Portsmouth","NH","Portsmouth Waterfront  Park","Ceres Street","not_available",43.07706535,-70.75134568
"03801","Portsmouth","NH","Langdon Park","Islington St","03801",43.073184,-70.765313
"03801","Portsmouth","NH","Emery Field","2-12 Manson Ave","03904",43.09146670196592,-70.7345987131732
"03801","Portsmouth","NH","Dead Duck Boat Launch","Hammond Rd.","03903",43.11241792014388,-70.79627891009847
"03801","Portsmouth","NH","Camp Seawood","350 Banfield Rd","03801",43.04339599609375,-70.78990936279297
"03801","Portsmouth","NH","#PortsLunchClub Grassy Knoll","Islington St.","03801",43.068374,-70.773343
"03801","Portsmouth","NH","Meade Pond","342 Meade Street","03904",43.07813564604729,-70.7334566116333
"03801","Portsmouth","NH","Central Field","Parrot Ave","03801",43.0723376951162,-70.75835768617853
"03801","Portsmouth","NH","Hislop Park","Preble Way","not_available",43.09222958933195,-70.77007607568649
"03801","Portsmouth","NH","Greenland Bandstand","Post Rd","03840",43.03288616392661,-70.83173274993896
"03801","Portsmouth","NH","Haven Park","10-14 Edwards St","03801",43.07413008429317,-70.75444343401996
"03801","Portsmouth","NH","Frost Tufts Park and Ballpark","Old Rd.","03903",43.1260782829246,-70.8046525142752
"03801","Portsmouth","NH","Kittery Christmas Tree","State Rd","03904",43.08412052440606,-70.75050011093855
"03809","Alton","NH","Levey Park","not_available","03809",43.46782,-71.231225
"03810","Alton Bay","NH","McKinney","Clark Rd","03894",43.57188813333333,-71.21144713333334
"03814","Center Ossipee","NH","Constitution Park","Long Sands Road","03814",43.779483655392035,-71.10751748085022
"03818","Conway","NH","Lower Falls Picnic Area","Kancamagus Hwy","03818",44.01547202259254,-71.24530792236328
"03818","Conway","NH","Schuler Park","White Mountain Highway","not_available",43.961917877197266,-71.1478500366211
"03820","Dover","NH","Wagon Hill Farm","Piscataqua Rd","03824",43.128175321795084,-70.872802734375
"03820","Dover","NH","Bellamy Park","52 Bellamy Road","03820",43.17802086617007,-70.8908241968591
"03820","Dover","NH","Outdoor Ice Rink","Main St","03824",43.137242,-70.931532
"03820","Dover","NH","Dover Community Trail-Southern Terminus","30 Central Ave","03820",43.17880021580873,-70.87917768546198
"03820","Dover","NH","Millennium Field","Stackpole","03878",43.238498010584486,-70.86707799208044
"03820","Dover","NH","The Ghetto's Outdoor Pavilion","not_available","03820",43.201621,-70.874161
"03820","Dover","NH","Long Hill Memorial Park","Long Hill Roads","03820",43.230539136121266,-70.90013073281038
"03820","Dover","NH","Veterans Memorial","Main Street","03824",43.134044,-70.926346
"03820","Dover","NH","park","rudman","not_available",43.135520935058594,-70.93531799316406
"03820","Dover","NH","Guppey park","148 Portland ave","03820",43.20309557627512,-70.86342573165894
"03820","Dover","NH","Henry Law Park","Henry Law Ave","03820",43.193983910834355,-70.87287783622742
"03820","Dover","NH","William A. Bray Memorial Park","not_available","03908",43.190505281672685,-70.82533035602837
"03820","Dover","NH","Hancock Park","Hancock St","03820",43.201200627865745,-70.8671418588954
"03824","Durham","NH","Trotter Park","not_available","03857",43.083558325135755,-70.95543622970581
"03825","Barrington","NH","Emerald Acres","not_available","03825",43.155052,-71.021456
"03827","East Kingston","NH","Hairball Heaven","Woodman Rd","01913",42.87820165841253,-70.93910222640469
"03833","Exeter","NH","Swasey Park","Swasey Parkway","03833",42.98391017347468,-70.95266646269855
"03833","Exeter","NH","The Circle","not_available","03833",43.00989986295543,-71.04239164687665
"03833","Exeter","NH","Gilman Park","33 Bell Ave","03833",42.97252655029297,-70.9461441040039
"03833","Exeter","NH","Exeter Recreation Park","4 Hampton Rd","03833",42.9785144272802,-70.91535284791908
"03833","Exeter","NH","Non-Discript Park","Park St","03833",42.98408376380247,-70.95868243031589
"03835","Farmington","NH","James B. Edgerly Memorial Park","not_available","03835",43.390401005744934,-71.065534
"03836","Freedom","NH","Freedom Community Park","not_available","03836",43.81262148134934,-71.0331867301414
"03840","Greenland","NH","Stratham Hill Park","270 Portsmouth Ave","03885",43.04053674284986,-70.89321035815516
"03841","Hampstead","NH","Hampstead Town Pound","not_available","03841",42.879119873046875,-71.18695068359375
"03842","Hampton","NH","bachelder pond","not_available","03842",42.946,-70.8468
"03842","Hampton","NH","Tuck Field","40 Park Ave","03842",42.93379211425781,-70.83538818359375
"03854","New Castle","NH","Fort Stark Historic Site","Wild Rose Ln","03870",43.05857884724654,-70.7134386003858
"03857","Newmarket","NH","Lamprey River Park","lamprey river park","03857",43.078638797986905,-70.93038285586861
"03860","North Conway","NH","Schouler Park","Norcross Circle","03860",44.05196287578368,-71.12747190898723
"03862","North Hampton","NH","Dearborn Park","not_available","03862",42.97511665192337,-70.85233612356122
"03862","North Hampton","NH","Stevens Field","Bunker Hill Avenue","not_available",42.989830001084265,-70.88328019048534
"03864","Ossipee","NH","Duncan Lake","Duncan Lake Rd","03864",43.704607388484746,-71.10915551946714
"03865","Plaistow","NH","P.A.R.C.","Old County Road","03865",42.83454098177517,-71.09241059698296
"03867","Rochester","NH","Roger Allen Park","not_available","03867",43.335525794448124,-70.9895398849101
"03867","Rochester","NH","Noble Pines","Noble St","03878",43.3100118,-70.98007685
"03867","Rochester","NH","John Shaw Park","Wakefield Street","not_available",43.305479,-70.976317
"03870","Rye","NH","Smuttynose Island","Isles of Shoals","not_available",42.981496328714385,-70.61136514063763
"03872","Sanbornville","NH","wakfield park","not_available","03872",43.5546875,-71.03105926513672
"03872","Sanbornville","NH","Governor Wentworth Historical Site","Wolfeboro","3894",43.6007218,-71.126442
"03878","Somersworth","NH","Pines","not_available","03878",43.260061982272084,-70.86905785905154
