"zip","city","state","name","address","postalCode","lat","lon"
"03031","Amherst","NH","Lowe's","124 Route 101A, Unit 15","03031",42.808532,-71.5658575
"03031","Amherst","NH","The County Stores Inc.","321 Nashua St Ste K","03055",42.83227378649575,-71.64305411705008
"03031","Amherst","NH","Achille Agway","351 Elm St","03055",42.841531,-71.677295
"03031","Amherst","NH","PJ Currier Lumber Yard","82 Route 122","03031",42.824506873968296,-71.60428941249847
"03031","Amherst","NH","minuteKEY","85 State Route 101A","03031",42.80934143066406,-71.5794906616211
"03031","Amherst","NH","County Hardware","Amherst St.","03055",42.832267216666665,-71.64297223091125
"03031","Amherst","NH","NH WaterCare LLC","307 Elm St","03055",42.84026,-71.674265
"03031","Amherst","NH","Harbor Freight Tools","123 State Route 101A Unit 3","03031",42.80707346387899,-71.56973659215475
"03031","Amherst","NH","Tractor Supply Co.","191 Elm St Unit 1","03055",42.839382,-71.6673
"03031","Amherst","NH","United Sensor","3 Northern Blvd","03031",42.80974138934542,-71.58340573310852
"03031","Amherst","NH","Benjamin moore","not_available","03055",42.83596370513719,-71.63635836007306
"03031","Amherst","NH","Lowe's","124 State Route 101A Ste 15","03031",42.80851745605469,-71.56682586669922
"03031","Amherst","NH","PJ Currier Hardware Store","not_available","03031",42.813608,-71.594303
"03031","Amherst","NH","Husqvarna US","454 Route 13 S","03055",42.813880920410156,-71.64604187011719
"03031","Amherst","NH","Milford Paint & Wallpaper","321 Nashua Street, Suite K","03055",42.832188,-71.643572
"03031","Amherst","NH","The County Stores Inc.","321K Nashua St","03055",42.83295335,-71.64336151
"03032","Auburn","NH","New England Gypsum","468 Pepsi Rd","03109",42.9770696,-71.4031262
"03032","Auburn","NH","Candia Lumber & Hardware","79 Old Candia Road-Rt 27","03034",43.036574,-71.327009
"03037","Deerfield","NH","Home Repair Plus by Nate Smith","63 Nottingham Rd","03037",43.14384460449219,-71.21443939208984
"03038","Derry","NH","The Home Depot","41 Nashua Rd","03053",42.862010703935105,-71.34774148464209
"03038","Derry","NH","John Deere","212 Rockingham Rd","03038",42.851565,-71.27340799999999
"03038","Derry","NH","Benson's Hardware","6 Martin St","03038",42.880837630808394,-71.32716387814355
"03038","Derry","NH","Tractor Supply Co.","55 Crystal Ave Unit 17a","03038",42.891352000000005,-71.32354000000001
"03038","Derry","NH","Benson's Hardware","20 Orchard View Dr","03053",42.860656,-71.355176
"03038","Derry","NH","Concord Electric Supply Derry","22 Manchester Rd #6","03038",42.89662498411938,-71.33192718029028
"03038","Derry","NH","minuteKEY","11 Ashleigh Dr","03038",42.896724700927734,-71.33538055419922
"03038","Derry","NH","Sherwin-Williams Paint Store","121 W Broadway","03038",42.87394539925112,-71.33798092603683
"03038","Derry","NH","Husqvarna US","PO Box 444","03038",42.888671875,-71.29951477050781
"03042","Epping","NH","Lowe's","36 Fresh River Road","03042",43.0313009,-71.0694931
"03042","Epping","NH","Exeter Paint West The Benjamin Moore And California Paint Stores","1 Brickyard Sq","03042",43.02390670776367,-71.07547760009766
"03044","Fremont","NH","Ferguson Waterworks","1 Chester Rd","03077",43.015831,-71.166092
"03045","Goffstown","NH","Goffstown Hardware Inc","5 Depot St","03045",43.019323,-71.60347
"03047","Greenfield","NH","Belletetes, Inc.","188 Concord St","03458",42.89075232665252,-71.94503719584453
"03047","Greenfield","NH","McGrath Lumber","328 Sawmill Rd","03442",42.967246616666664,-71.88820286666666
"03047","Greenfield","NH","Star Fire Extinguisher Inc","3452 Old U S Rd","32446",42.87931339208332,-71.93890571594237
"03048","Greenville","NH","Frost Farm","53 Mason Rd","not_available",42.75194549560547,-71.79662322998047
"03049","Hollis","NH","Universal Templates","14 Celina Ave Unit 13","03063",42.79848098754883,-71.54193878173828
"03049","Hollis","NH","Sherwin-Williams Paint Store","650 Amherst St","03063",42.802611490534524,-71.54208234907165
"03049","Hollis","NH","Orde Farm Hardware Supply","34-60 Broad St","03049",42.74393827742991,-71.5794280575648
"03051","Hudson","NH","The Home Depot","288 Daniel Webster Hwy","03060",42.705532083596914,-71.43781221187965
"03051","Hudson","NH","Lowe's","143 Daniel Webster Highway","03060",42.726078,-71.4486923
"03051","Hudson","NH","Sears","310 Daniel Webster Hwy","03060",42.70036597,-71.43571596
"03051","Hudson","NH","Hudson True Value Hardware","114 Derry Rd","03051",42.778135349453876,-71.44506291312857
"03051","Hudson","NH","Grand rental station","285 Derry Rd","03051",42.811819,-71.423715
"03051","Hudson","NH","Sears","310 Daniel Webster Hwy Ste 102","03060",42.700404,-71.435634
"03051","Hudson","NH","Balletetes True Value","not_available","not_available",42.706404,-71.453527
"03051","Hudson","NH","Blue Rhino","100 River Rd","03051",42.699886,-71.420059
"03051","Hudson","NH","Peabody Supply Co","31 Crown St","03060",42.760683,-71.447243
"03051","Hudson","NH","Jackson Lumber","133-143 Temple St","03060",42.761582,-71.453559
"03051","Hudson","NH","Heritage Wholesalers Inc.","not_available","03051",42.728125,-71.431281
"03051","Hudson","NH","Needham Electric Supply Company","13 Hampshire Dr","03051",42.733582,-71.428128
"03051","Hudson","NH","Sears","44-98 Pine Rd","03051",42.70624928014467,-71.4187318734819
"03051","Hudson","NH","Friend Lumber","261 Lowell Rd","03051",42.72394727234678,-71.42330466453505
"03051","Hudson","NH","Sherwin-Williams Paint Store","176 Daniel Webster Hwy","03060",42.718517,-71.441949
"03052","Litchfield","NH","Tim's Turf & Landscaping Materials","15 Colby Rd","03052",42.8811178,-71.4611403
"03053","Londonderry","NH","Harold Estey Lumber","not_available","03053",42.84071191657709,-71.37011223945633
"03053","Londonderry","NH","Beacon Sales","10024 S Willow St","03103",42.938505,-71.419087
"03053","Londonderry","NH","Sherwin-Williams Floorcovering Store","161 Abby Rd","03103",42.93485676579415,-71.42158269882202
"03053","Londonderry","NH","Ferguson Plumbing Supply","293 Abby Rd","03103",42.9368962130437,-71.4181925365502
"03053","Londonderry","NH","The Portland Group","225 Perimeter Rd","03103",42.944592,-71.437566
"03053","Londonderry","NH","Custom Glass & Shelf Improvement","114 Rockingham Rd.","03053",42.9122401,-71.36553959999999
"03053","Londonderry","NH","Water Works Supply Co","71 Rockingham Rd","03053",42.901709000000004,-71.358017
"03053","Londonderry","NH","Water Works Supply Co","71 rocking ham rd route 28","03053",42.90216,-71.35979
"03053","Londonderry","NH","Msc Industrial Supply","1 Perimeter Rd","03103",42.94501876831055,-71.4334945678711
"03053","Londonderry","NH","Turf Depot","150 Nashua Rd","03053",42.845638,-71.363416
"03054","Merrimack","NH","The Home Depot","721 Milford Rd","03054",42.8060748,-71.5518376
"03054","Merrimack","NH","Tractor Supply Co.","515 Daniel Webster Hwy Ste A","03054",42.87254539749388,-71.488849978326
"03054","Merrimack","NH","Fireplace Villiage","701-723 New Hampshire 101A","03054",42.80502820444969,-71.54461863747882
"03060","Nashua","NH","NorthEast Electrical","76 Lake St","03060",42.74845504760742,-71.46927642822266
"03060","Nashua","NH","Belletetes, Inc.","80 Northeastern Blvd","03062",42.736347,-71.487349
"03060","Nashua","NH","Nashua Ace Hardware","129 W Pearl St","03060",42.759781,-71.467239
"03060","Nashua","NH","B & S Intentegrated Security Systems","14B Broad St","03064",42.769615173339844,-71.48114013671875
"03062","Nashua","NH","The Home Depot","12 Coliseum Ave","03063",42.7630643,-71.4960624
"03063","Nashua","NH","Husqvarna US","332 Amherst St","03063",42.78117370605469,-71.50239562988281
"03063","Nashua","NH","Foundation Armor","3 Bud Way Ste 27","03063",42.775636999999996,-71.50093100000001
"03070","New Boston","NH","New Boston Hardware","3 Central Sq","03070",42.9765392,-71.6917504
"03071","New Ipswich","NH","Belletetes","not_available","03071",42.75983549098745,-71.87365573923147
"03076","Pelham","NH","Bridge Street True Value","122 Bridge St","03076",42.721627,-71.318265
"03076","Pelham","NH","Tractor Supply Co.","134 Bridge St","03076",42.721627,-71.318265
"03076","Pelham","NH","Twink’s Discount Hose","118 Brady Ave","03079",42.759902,-71.255715
"03076","Pelham","NH","United Refrigeration","89-103 Lowell Rd","03079",42.764070000000004,-71.246849
"03076","Pelham","NH","NorthEast Electrical","71 Lowell Rd","03079",42.76416983653963,-71.2469494342804
"03077","Raymond","NH","Ben Franklins","not_available","03077",43.03628936084495,-71.16532652923746
"03077","Raymond","NH","Ace Hardware","Raymond Shopping Center","03077",43.030085,-71.164506
"03077","Raymond","NH","Ben Franklin-Ace","15 Freetown Rd","03077",43.0358189,-71.165386
"03077","Raymond","NH","Jackson Lumber","10 Industrial Dr","03077",43.03163528442383,-71.19197845458984
"03077","Raymond","NH","Radio Grove Hardware","250 Route 27","03077",43.05530548095703,-71.2164077758789
"03077","Raymond","NH","Dave's Small Engine","Business Route 101","03077",43.05716476973631,-71.21920873170855
"03079","Salem","NH","The Home Depot","289 S Broadway","03079",42.7598211,-71.2120887
"03079","Salem","NH","Lowe's","541 South Broadway","03079",42.7410368,-71.1953192
"03079","Salem","NH","Turf Depot","288 N Broadway","03079",42.798229,-71.237509
"03079","Salem","NH","Ace Hardware","39 Rockingham Rd","03087",42.815147399902344,-71.25199890136719
"03079","Salem","NH","Bemister Pool","not_available","03079",42.775648270512555,-71.2245457240527
"03079","Salem","NH","Harbor Freight Tools","356 S Broadway Ste 3","03079",42.75200604739386,-71.2067939199775
"03079","Salem","NH","Buonagurio HVAC","236 Pleasant St Ste 6 Fl 2","01844",42.7397346496582,-71.17110443115234
"03079","Salem","NH","The Stone Yard","37 Lowell Rd","03079",42.765172719955444,-71.24036729335785
"03079","Salem","NH","Sherwin-Williams Paint Store","517 S Broadway","03079",42.743091,-71.19841600000001
"03079","Salem","NH","Cyr Lumber","Rockingham Road","03087",42.81459189208255,-71.2504977094934
"03079","Salem","NH","Dodge Grain","35-43 Main St","03079",42.7839514128678,-71.23140970952174
"03079","Salem","NH","Donovan Plumbing","10 Redwood Rd","03079",42.768567,-71.186597
"03079","Salem","NH","White Street Paint & Wallpaper","419 South Broadway, Route 28 Mall","03079",42.748815,-71.202846
"03079","Salem","NH","Rockler","373 S Broadway","03079",42.751522064208984,-71.20508575439453
"03079","Salem","NH","State Line Irrigation Supply","284 N Broadway","03079",42.796753,-71.237656
"03079","Salem","NH","NorthEast Electrical Showroom","254 N Broadway","03079",42.79375524677664,-71.23530328273773
"03086","Wilton","NH","Intervale Machinery & Supply Inc","63 Forest Rd","03086",42.847285,-71.743134
"03101","Manchester","NH","Superior Power Equipment","79 Elm St","03101",42.97713987124924,-71.46302019429797
"03102","Manchester","NH","Aubin Hardware","762 Mast Rd","03102",42.9896,-71.498599
"03102","Manchester","NH","The Ultimate Bath Showroom","37 Amoskeag St","03102",43.00475336,-71.47225583
"03102","Manchester","NH","Grove Rental","1-13 Eastman Ave","03110",42.9649,-71.48065600000001
"03103","Manchester","NH","Lowe's","222 South River Road","03110",42.9411966,-71.4721147
"03103","Manchester","NH","The Home Depot","129 March Ave","03103",42.96117287048433,-71.44603371620184
"03103","Manchester","NH","Harbor freight tools","1525 S Willow St Unit 14","03103",42.95361,-71.439381
"03103","Manchester","NH","Leblanc True Value Hardware","621 Hayward St","03103",42.979817,-71.447232
"03103","Manchester","NH","Queen City Paint","777 Lake Ave","03109",42.9876859002726,-71.42998872552995
"03103","Manchester","NH","Lowes","south willow street","03109",42.95012984092548,-71.43392235821389
"03103","Manchester","NH","Queen City Ace Paint & Hardware","875 Hanover St","03104",42.985194,-71.427716
"03103","Manchester","NH","Baron's Major Brands Appliances- Manchester","967 Gold Street","03103",42.956792,-71.438642
"03103","Manchester","NH","taylor rental","970 Gold St","03103",42.957415000000005,-71.438088
"03103","Manchester","NH","Lowe's Parking Lot","Huse Road","not_available",42.96065293902561,-71.44022448144838
"03103","Manchester","NH","Sherwin-Williams Commercial Paint Store","75 Faltin Dr","03103",42.981065,-71.449207
"03103","Manchester","NH","HD Supply White Cap","232 Frontage Road","03103",42.952467,-71.451477
"03103","Manchester","NH","Sherwin-Williams Paint Store","100 Cahill Ave","03103",42.9622917175293,-71.4440689086914
"03103","Manchester","NH","Turf Depot","192 Mammoth Rd","03109",42.979552,-71.431771
"03104","Manchester","NH","The Home Depot","300 Quality Dr","03106",43.0436328,-71.4604128
"03104","Manchester","NH","Lumber Liquidators Flooring","1207 Hanover St","03104",42.98798840713218,-71.41283731721398
"03104","Manchester","NH","Maxfield's Ace Hardware","1109 Hooksett Rd","03106",43.03085736263142,-71.43657772815281
"03104","Manchester","NH","Parker Store","not_available","03109",42.986945,-71.412203
"03104","Manchester","NH","Sherwin-Williams Paint Store","1134 Hooksett Rd","03106",43.03239822387695,-71.43689727783203
"03104","Manchester","NH","Tailored Living featuring Premier Garage - NH","78 Londonderry Turnpike, Unit D6","03106",43.017450433440814,-71.40452384948729
"03106","Hooksett","NH","Tractor Supply Co.","1328 Hooksett Rd Unit 13c","03106",43.05375887103652,-71.44290421573182
"03106","Hooksett","NH","Hooksett Tool","1265 Hooksett Rd","03106",43.047527,-71.435897
"03106","Hooksett","NH","Old castle lawn and garden","not_available","03106",43.061912536621094,-71.4582290649414
"03109","Manchester","NH","HD Supply A.H. Harris","701 East Industrial Park Dr","03109",42.981465,-71.40727700000001
"03110","Bedford","NH","Fireplace Village","196 New Hampshire 101","03110",42.9391133842834,-71.5232605957959
"03110","Bedford","NH","Harvest Ace","209 Route 101","03110",42.9389589,-71.525891
"03110","Bedford","NH","Aubuchon Hardware","209 New Hampshire 101","03110",42.938789,-71.5261
"03110","Bedford","NH","Aubuchon Hardware","101 Plaza","03110",42.96064,-71.47701
"03218","Barnstead","NH","Maxfield's Hardware","1002 Upper City Rd","03263",43.31386184692383,-71.32823181152344
"03220","Belmont","NH","Osborne's Agway","304 Daniel Webster Hwy","03220",43.50492477416992,-71.50550079345703
"03220","Belmont","NH","Belmont True Value","131 Main St","03220",43.44374,-71.481004
"03220","Belmont","NH","Sherwin-Williams Paint Store","309 S Main St","03246",43.522323,-71.46578199999999
"03220","Belmont","NH","Boulia-Gorrell","176 Fair St","03246",43.524913,-71.47632800000001
"03220","Belmont","NH","Taylor True Value Rental","160 Daniel Webster Hwy","03220",43.512203,-71.49662
"03220","Belmont","NH","Maine Oxy","222","03220",43.50656626305761,-71.50194607355999
"03221","Bradford","NH","Husqvarna US","PO Box 203","03260",43.36039733886719,-71.92828369140625
"03221","Bradford","NH","The Lumber Barn","not_available","03221",43.26886749267578,-71.95789337158203
"03221","Bradford","NH","The Lumber Barn","Rte 114 Henniker Rd","03221",43.24764090038266,-71.84880342927791
"03222","Bristol","NH","Parkhurst & Company general store","Pleasant St","03222",43.59232584552709,-71.74136199163755
"03222","Bristol","NH","Aubuchon Hardware","Main Street","03222",43.609566,-71.74121
"03222","Bristol","NH","Watertech Pump & Filter LLC","152 Mountain View Rd","03222",43.64914321899414,-71.74510192871094
"03223","Campton","NH","Brookside building supply","not_available","03266",43.79038619995117,-71.79739379882812
"03223","Campton","NH","Handyman Hardware","Six Flags Ed","03223",43.850941,-71.640832
"03224","Canterbury","NH","Chain Saw Doctor","575 Route 106 N","03307",43.3260957,-71.4784181
"03226","Center Harbor","NH","E M HEATH HARDWARE","318 Whittier Hwy","03226",43.708939,-71.460594
"03226","Center Harbor","NH","Aubuchon Hardware","349 Whittier Hwy","03254",43.72111404284904,-71.43290912597638
"03226","Center Harbor","NH","Super Dock Products","173 Lake Shore Dr","03254",43.71505393994626,-71.4470100402832
"03229","Contoocook","NH","Cyr Lumber & Home Center Warner","717 Route 103 E","03278",43.24814987182617,-71.7438735961914
"03234","Epsom","NH","Mcbrides Water Advantage","not_available","03234",43.22765558585342,-71.36151832820181
"03234","Epsom","NH","Milton Rents Chichester","100 Dover Rd","03258",43.2415472,-71.3973501
"03235","Franklin","NH","Aubuchon Hardware","880 Central St","03235",43.44739532470703,-71.62749481201172
"03235","Franklin","NH","Fastenal Company","Industrial Park Rd, Franklin, NH 03235","03235",43.422411443491704,-71.66136461972071
"03237","Gilmanton","NH","Fillmore Industries Inc","528 Route 106 N","03307",43.36268,-71.460573
"03241","Hebron","NH","Tractor Supply Co.","85 Boulder Point Dr","03264",43.768474,-71.738576
"03242","Henniker","NH","Edmunds Hardware","not_available","03242",43.18693132105417,-71.82548957828618
"03242","Henniker","NH","Ace Hardware","262 B Maple St","03242",43.179091,-71.815921
"03244","Hillsborough","NH","Tractor Supply Co.","467 West Main St","03244",43.11609,-71.93414
"03244","Hillsborough","NH","Aubuchon Hardware","248 W Main St","03244",43.111144,-71.913715
"03244","Hillsborough","NH","Husqvarna US","PO Box 145","03440",43.05065155029297,-71.95341491699219
"03244","Hillsborough","NH","Heat Is On Pellet Stove Store","Interval St","03244",43.110544067721165,-71.90962786747671
"03246","Laconia","NH","Lowe's","1407 Lakeshore Road","03249",43.560826,-71.445749
"03246","Laconia","NH","Laconia Electric","not_available","03246",43.53702738726277,-71.46735531598877
"03246","Laconia","NH","Tri County Power Equipment","229 Messer St","03246",43.537539,-71.466396
"03246","Laconia","NH","minuteKEY","1458 Lake Shore Rd","03249",43.566566467285156,-71.4397201538086
"03246","Laconia","NH","True Value Hardware","1084 Union Ave","03246",43.554831,-71.456903
"03249","Gilford","NH","Gilford Home Center","32 Gilford East Dr","03249",43.566505432128906,-71.42423248291016
"03249","Gilford","NH","Gilford True Value Hardware","64 Gilford East Dr","03249",43.56630325317383,-71.42740631103516
"03251","Lincoln","NH","Aubuchon Hardware","165 Main St","03251",44.045803,-71.66771999999999
"03253","Meredith","NH","Aubuchon Hardware","Meredith Bay Plaza","3253",43.65963067233058,-71.49977172274727
"03253","Meredith","NH","Bobs Sharp All","381 NH Route 104","03253",43.62352752685547,-71.55557250976562
"03253","Meredith","NH","Aubuchon Hardware","319 Daniel Webster Hwy","03253",43.65883255004883,-71.49993896484375
"03257","New London","NH","Clarke's Hardware","257 Newport Rd","03257",43.422339,-72.001733
"03258","Chichester","NH","Tractor Supply Co.","307 Dover Rd","03258",43.245546797874525,-71.43276383715529
"03261","Northwood","NH","Heritage True Value Hardware","1382 1st New Hampshire Tpk","03261",43.22327316,-71.25504637
"03264","Plymouth","NH","Rands Hardware","71 Main St","03264",43.757428999999995,-71.687504
"03264","Plymouth","NH","Sherwin-Williams Paint Store","389 Tenney Mountain Hwy","03264",43.768798828125,-71.71664428710938
"03275","Suncook","NH","The Home Depot","42 Damante Dr","03301",43.2203257,-71.4883843
"03275","Suncook","NH","Aubuchon Hardware","77 Turnpike Street","03275",43.126949310302734,-71.44345092773438
"03275","Suncook","NH","Osborne's Agway","258 Sheep Davis Rd","03301",43.216916,-71.48253299999999
"03275","Suncook","NH","Sears","270 Loudon Rd","03301",43.22367871,-71.48756556
"03275","Suncook","NH","L & R Merchandising","211 Loudon Rd","03301",43.220664978027344,-71.498291015625
"03276","Tilton","NH","The Home Depot","160 Laconia Rd","03276",43.4619624,-71.5580264
"03276","Tilton","NH","Lowe's","48 Lowes Drive","03276",43.4500186,-71.5797726
"03276","Tilton","NH","Tractor Supply Co.","630 West Main St Ste 900","03276",43.44656739075918,-71.61906214456958
"03276","Tilton","NH","Bryant & Lawrence  Hardware","268 Main St","03276",43.44238147,-71.58951869
"03276","Tilton","NH","Cyr Lumber & Home Center","542 W Main St","03276",43.4448429,-71.613169
"03278","Warner","NH","Aubuchon Hardware","not_available","03278",43.29072507539335,-71.83393858671194
"03278","Warner","NH","Aubuchon Hardware","30 Route 103 W","03278",43.29098892211914,-71.83368682861328
"03281","Weare","NH","Country 3 Corners True Value","833 S Stark Hwy","03281",43.05579450547098,-71.71401993668165
"03281","Weare","NH","Brazecom Industries, LLC","45 B and B Ln","03281",43.0358338,-71.6879797
"03290","Nottingham","NH","PBS Plastics Inc.","219 Old Concord Turnpike","03825",43.151939392089844,-71.03645324707031
"03301","Concord","NH","Lowe's","90 Fort Eddy Road","03301",43.2135741,-71.5293515
"03301","Concord","NH","Rocky's Ace Hardware","20 Loudon Rd","03301",43.2089,-71.5297
"03301","Concord","NH","Stained Glass","South Main Street","03301",43.202977301827474,-71.53535148331594
"03301","Concord","NH","Fox Ace Hardware Inc","325 Village St","03303",43.262,-71.6252
"03301","Concord","NH","Big Jim's Home Center Bargain Outlet","287 S Main St","03301",43.192458,-71.529686
"03301","Concord","NH","Taylor True Value Rental","276 N State St","03301",43.2262204561,-71.5555395245
"03301","Concord","NH","A&B lumber","not_available","03301",43.208370208740234,-71.5242919921875
"03301","Concord","NH","Aubuchon Hardware","80 S Main St","03301",43.198037,-71.532206
"03301","Concord","NH","NorthEast Electrical","22 Bridge St","03301",43.2076416015625,-71.53370666503906
"03301","Concord","NH","The Ultimate Bath Store","6 Storrs St","03301",43.20055,-71.53145699999999
"03301","Concord","NH","Sherwin-Williams Paint Store","149 Loudon Rd","03301",43.216335,-71.507697
"03301","Concord","NH","National Lumber","112 High St","03303",43.2752799987793,-71.59435272216797
"03301","Concord","NH","Cambridge Valve & Fitting","126 Hall St Ste F","03301",43.180919,-71.52530300000001
"03301","Concord","NH","Cohen Steel","10 Basin St","03301",43.183982,-71.52245699999999
"03301","Concord","NH","ABS","not_available","03304",43.194138087127875,-71.53036100015919
"03431","Keene","NH","The Home Depot","22 Ash Brook Rd","03431",42.9285057,-72.3056346
"03431","Keene","NH","Hamshaw Lumber Inc","3 Bradco St","03431",42.914935,-72.295023
"03431","Keene","NH","Mother's Hardware","142 Main St","03455",42.90613259916689,-72.21019506454468
"03431","Keene","NH","Sherwin-Williams Paint Store","147 Key Rd","03431",42.924869537353516,-72.29595184326172
"03431","Keene","NH","Streeter Electronics","307 Main St","03455",42.906485,-72.19601
"03431","Keene","NH","The Granite Group","not_available","03431",42.928385,-72.265524
"03431","Keene","NH","A Twin State Lock and Safe","827 Court St Unit 10","03431",42.963462829589844,-72.30560302734375
"03431","Keene","NH","Aubuchon Hardware","401 West St Ste A","03431",42.93378829956055,-72.29341888427734
"03431","Keene","NH","Keene Door","Washington Street","03431",42.932444,-72.287621
"03431","Keene","NH","Jack's True Value Hardware","Park St.","03431",42.93616073405761,-72.30224928249086
"03431","Keene","NH","Sears","15 W. Swanzey Rd","03446",42.90963924136975,-72.29676036167808
"03440","Antrim","NH","Edmunds' Hardware","56 Main Street","03440",43.0308959,-71.938362
"03451","Hinsdale","NH","Tractor Supply Co.","670 Brattleboro Rd","03451",42.80787513764875,-72.53027874603269
"03451","Hinsdale","NH","Cersosino Lumber Company","not_available","05354",42.82465947228854,-72.54838155264142
"03452","Jaffrey","NH","Belletetes, Inc.","51 Peterborough St","03452",42.81705316096426,-72.01958984051245
"03461","Rindge","NH","Tractor Supply Co.","21 Commercial Ln Unit 1","03461",42.74160088701339,-72.03589616861424
"03466","West Chesterfield","NH","Perkins Home Center","RT 9","not_available",42.88523055,-72.54309327
"03466","West Chesterfield","NH","Vermont Plumbing Supply - Premier Supply Group","22 Browne Cr","05301",42.888414,-72.550716
"03470","Winchester","NH","Aubuchon Hardware","Kulick's Country Mall","03470",42.773696415654086,-72.38304283831415
"03561","Littleton","NH","Lowe's","1037 Meadow Street","03561",44.2942856,-71.8037307
"03561","Littleton","NH","The Home Depot","895 Meadow St","03561",44.29665539841544,-71.80400133132935
"03561","Littleton","NH","Harbor Freight Tools","160 Meadow St","03561",44.30921173095703,-71.7876205444336
"03561","Littleton","NH","Tractor Supply Co.","685 Meadow St Ste 2","03561",44.303871,-71.803046
"03561","Littleton","NH","Aubuchon Hardware","570 Meadow St","03561",44.30717849731445,-71.80220031738281
"03561","Littleton","NH","Husqvarna US","1091 Meadow St","03561",44.292449951171875,-71.80577850341797
"03570","Berlin","NH","Caron Building Center","not_available","03570",44.468842,-71.184587
"03570","Berlin","NH","Sherwin-Williams Paint Store","124 Glen Ave","03570",44.46421131063457,-71.18582493110263
"03570","Berlin","NH","Aubuchon Hardware","38 Glen Ave","03570",44.46659174504094,-71.18399625849645
"03574","Bethlehem","NH","Franconia Hardware Inc.","334 Main St","03580",44.22774281,-71.74833004
"03576","Colebrook","NH","Columbia Home & Building Supply Inc.","1953 US Route 3","03576",44.876976013183594,-71.51358795166016
"03576","Colebrook","NH","CN Brown Energy","12 Brandy Lee Lane","03576",44.8932138,-71.5033727
"03576","Colebrook","NH","Hicks Hardware","not_available","03576",44.893940138101094,-71.49649255305745
"03579","Errol","NH","BMR","55 rue St-Jean-Baptiste","G0J 1J0",45.30204772949219,-71.2047119140625
"03579","Errol","NH","Husqvarna US","PO Box 28","03579",44.81922912597656,-71.1143569946289
"03581","Gorham","NH","Milton Rents Gorham","509 Main St","03581",44.4183331,-71.194713
"03581","Gorham","NH","Tractor Supply Co.","491 Main St Ste 8","03581",44.415671,-71.195091
"03581","Gorham","NH","Gorham Hardware & Sports","96 Main St (US-2 / NH-16)","03581-1645",44.389041900634766,-71.17618560791016
"03581","Gorham","NH","Husqvarna US","504 Main St","03581",44.4168815612793,-71.1932373046875
"03584","Lancaster","NH","Ace Hardware","31 Perras Rd","03584",44.56203842163086,-71.57058715820312
"03584","Lancaster","NH","FB Spaulding CO","244 Main St","03584",44.49837112426758,-71.57515716552734
"03584","Lancaster","NH","Lancaster Hardware & Home Center","200 Main St","03584",44.494673,-71.57491800000001
"03585","Lisbon","NH","Varney & Smith Lumber","2701 Route 302","03585",44.257450103759766,-71.8335189819336
"03592","Pittsburg","NH","Rénovation François Mongeau","267 ch Auckland","J0B 2Y0",45.2237466,-71.5010535
"03598","Whitefield","NH","Whitefield Hardware  & Building Material Inc.","11 Main St","03598",44.373680114746094,-71.61540985107422
"03602","Alstead","NH","Tractor Supply Co.","8 Red Barn Ln","03608",43.11127,-72.426506
"03602","Alstead","NH","Bore Repair Systems Inc","97 Lower Cemetery Rd","03602",43.1559491,-72.3939461
"03602","Alstead","NH","Aubuchon Hardware","593 Whitcomb Rd","03608",43.12206714907338,-72.43018063181182
"03602","Alstead","NH","Husqvarna US","258 Jabe Meadow Rd","03603",43.176551818847656,-72.41513061523438
"03603","Charlestown","NH","Depot Home Center","56 Depot St","03603",43.23475646972656,-72.42607879638672
"03608","Walpole","NH","J & H Sporting Goods","2 The Sq","05101",43.13399887084961,-72.44454956054688
"03740","Bath","NH","Fogg's Hardware & Building Supply","4905 Dartmouth College Hwy","03785",44.1434,-72.024299
"03741","Canaan","NH","Enfield hardware","Route 4","not_available",43.64453887939453,-72.14408111572266
"03741","Canaan","NH","canaan hardware","not_available","03741",43.64716720581055,-72.00963592529297
"03743","Claremont","NH","The Home Depot","451 Washington St","03743",43.35944721880328,-72.31025218963623
"03743","Claremont","NH","Harbor Freight","not_available","03743",43.367619,-72.323019
"03743","Claremont","NH","Rockingham electrical supply","221 Washington St","03743",43.371600726084914,-72.3276009866609
"03743","Claremont","NH","Sherwin-Williams Paint Store","180 Washington St","03743",43.37384526273958,-72.32765436172485
"03743","Claremont","NH","Marro Home Center","141 Charlestown Rd","03743",43.353774,-72.358834
"03743","Claremont","NH","Lambert Supply Co Inc","409 Main St","03743",43.3850988849867,-72.3530988892011
"03743","Claremont","NH","Torbram Electrical Supply","8051 Keele St., Units 4-5","03743",43.36185,-72.343395
"03743","Claremont","NH","Tractor Supply Co.","419 Main St","03743",43.3876,-72.3527
"03745","Cornish","NH","Aubuchon Hardware","2745 US Route 5 N","05089",43.48602294921875,-72.3844985961914
"03745","Cornish","NH","Town Line Equipment","1474 State Highway 12A","03781",43.5205180451141,-72.38450518099533
"03752","Goshen","NH","The Lumber Barn","10 Mill Village Road - Rt 10","03752",43.301041071663995,-72.14902659059429
"03755","Hanover","NH","Fogg's Hardware and Building Supply","301 US Route 5 S","05055",43.7168459,-72.296621
"03755","Hanover","NH","Hanover True Value","7 South St","03755",43.69999908,-72.28826458
"03755","Hanover","NH","F. W. Webb","Etna Rd.","03766",43.65956373820719,-72.24484187551917
"03766","Lebanon","NH","Tractor Supply Co.","360 Miracle Mile","03766",43.637881,-72.28788
"03766","Lebanon","NH","U-Haul","not_available","03766",43.64551451611408,-72.25361008389011
"03766","Lebanon","NH","D&B Outdoor Power Equipment LLC","260 Dartmouth College Hwy","03766",43.6368663,-72.2186545
"03766","Lebanon","NH","Dulac's Building & Hardware","179 Mechanic St","03766",43.63798141479492,-72.26795196533203
"03766","Lebanon","NH","Needham Electric Supply","12 Water St","03766",43.64048767089844,-72.25384521484375
"03768","Lyme","NH","Lyme Hardware","5 Main St","03768",43.810679,-72.156851
"03773","Newport","NH","LaValley Building Supply","351 Sunapee St","03773",43.3769687545973,-72.15434715750472
"03773","Newport","NH","Aubuchon Hardware","8-70 New Hampshire 103","03773",43.35854,-72.17604655
"03773","Newport","NH","Aubuchon Hardware","Sugar River Shopping Plaza","3773",43.41507,-72.18703
"03777","Orford","NH","Fogg's Hardware & Building Supply","50 Lake Morey Rd","05045",43.9041,-72.149699
"03784","West Lebanon","NH","The Home Depot","296 Plainfield Rd","03784",43.6226692,-72.3287658
"03784","West Lebanon","NH","Sears (Temporarily Closed)","200 S Main St","03784",43.6332928,-72.3208898
"03784","West Lebanon","NH","Sherwin-Williams Paint Store","7 Martin Dr","03784",43.62545965332516,-72.32198953628539
"03784","West Lebanon","NH","HD Supply White Cap","17 Plaza Heights Rd","03784",43.62672671,-72.3170717
"03784","West Lebanon","NH","Ferguson Waterworks","40 Interchange Dr","03784",43.624935150146484,-72.32113647460938
"03801","Portsmouth","NH","Lowe's","1440 Greenland Road","03840",43.0485321,-70.819719
"03801","Portsmouth","NH","The Home Depot","100 Arthur F Brady Dr","03801",43.0864103,-70.7950927
"03801","Portsmouth","NH","Tractor Supply Co.","8 March Farm Way","03840",43.04195662,-70.82015582
"03801","Portsmouth","NH","Harbor Freight","not_available","03801",43.052701,-70.769649
"03801","Portsmouth","NH","Seacoast Ace Hardware","70 Heritage Ave","03801",43.031523,-70.789931
"03801","Portsmouth","NH","Sherwin-Williams Paint Store","738 Islington St","03801",43.069358825683594,-70.77134704589844
"03801","Portsmouth","NH","Millworkcity.com","PO Box 35","03905",43.086332169051765,-70.74311256408691
"03801","Portsmouth","NH","Ferguson Plumbing Supply","126 Bridge St","03801",43.0768924121881,-70.7622870528016
"03801","Portsmouth","NH","ReDo","990 Lafayette Rd","03801",43.049405,-70.77170600000001
"03801","Portsmouth","NH","Seacoast Lock & Safe","948 U.S. 1","03801",43.07916065,-70.771439125
"03801","Portsmouth","NH","Tri-Rent-All of Portsmouth, Inc","10 Mirona Rd","03801",43.04837,-70.77663
"03801","Portsmouth","NH","Black & Decker Factory Store Outlet","8 Dexter Ln","03904",43.11659240722656,-70.72913360595703
"03801","Portsmouth","NH","A.H. Harris & Sons","255 West Rd","03801",43.040489196777344,-70.77833557128906
"03801","Portsmouth","NH","A&M Paint","Mirona Rd.","not_available",43.04718898502027,-70.77692985534668
"03801","Portsmouth","NH","Ace Hardware","105 Bartlett St","03801",43.071581,-70.771727
"03801","Portsmouth","NH","Harvey BuildingProducts","240 West Rd","03801",43.041757000000004,-70.77973
"03801","Portsmouth","NH","Fastenal","620 Peverly Hill Rd","03801",43.047764,-70.778071
"03801","Portsmouth","NH","Kittery Ace Hardware","6 Shapleigh Rd","03904",43.089541,-70.736317
"03801","Portsmouth","NH","TrueValue/ Jacksons Hardware","Rt 1 Bypass","03904",43.09461018727293,-70.75167363152251
"03801","Portsmouth","NH","Turf Depot","2600 Lafayette Rd","03801",43.03036,-70.788824
"03801","Portsmouth","NH","Rockingham Electical Supply Co.","437 Shattuck Way","03801",43.115055,-70.820545
"03809","Alton","NH","Alton Home & Garden Center","396 Main St","03809",43.438205,-71.173399
"03809","Alton","NH","Alton True Value & Country Supply","3 Monument Square","03809",43.4561348,-71.22068787
"03809","Alton","NH","Aubuchon Hardware","7 Main St","03809",43.451481,-71.21304
"03810","Alton Bay","NH","Bradley's Hardware","22 Railroad St","03894",43.58509366253168,-71.213011481383
"03810","Alton Bay","NH","Wolfeboro Power Equipment","not_available","03809",43.588723987165665,-71.2148797906026
"03810","Alton Bay","NH","winni lumber","not_available","03894",43.60116195678711,-71.21045684814453
"03811","Atkinson","NH","Drain King Inc","48 Summit Dr","03811",42.8297512,-71.1601716
"03812","Bartlett","NH","Lucy Hardware","239 Route 16","03845",44.1497859875035,-71.1954736193229
"03813","Center Conway","NH","Lowe's","32 Mountain Valley Boulevard","03818",44.0183262,-71.1104558
"03813","Center Conway","NH","Wood 'n Saws","1712 E Main St","03813",43.9952141,-71.0574549
"03813","Center Conway","NH","Husqvarna US","PO Box 117","03813",44.01313400268555,-71.0431137084961
"03814","Center Ossipee","NH","Indian Mound True Value Hardware","1655 Route 16","03814",43.783302307128906,-71.16995239257812
"03814","Center Ossipee","NH","Aubuchon Hardware","not_available","03814",43.783174,-71.169746
"03814","Center Ossipee","NH","Indian Mound Hardware","266-276 New Hampshire 16B","03814",43.77071295342857,-71.1571635756949
"03814","Center Ossipee","NH","Skehan Home Center","Center Ossipee, NH 03814","03814",43.75858,-71.137722
"03817","Chocorua","NH","Husqvarna US","PO Box 32","03886",43.85292053222656,-71.2524185180664
"03818","Conway","NH","The Home Depot","53 Barnes Ct","03860",44.028618059874596,-71.11497402191168
"03818","Conway","NH","FW Webb","1173 Conway Rd","03849",43.935306549072266,-71.14717102050781
"03818","Conway","NH","Sherwin-Williams Paint Store","234 White Mountain Hwy","03818",43.985677,-71.112782
"03820","Dover","NH","The Home Depot","12 Commercial Dr","03878",43.2363338,-70.8850333
"03820","Dover","NH","Rocky's Ace Hardware","873 Central Ave # 108","03820",43.216507,-70.881778
"03820","Dover","NH","Aubuchon Hardware","125 Washington St","03820",43.195087,-70.876126
"03820","Dover","NH","John Deere","not_available","03820",43.1833676591255,-70.89073130467206
"03820","Dover","NH","Applied Industrial Tech","1 Industrial Park","03820",43.189666148778116,-70.9021782875061
"03820","Dover","NH","Taylor True Value Rental","432 Portland Ave","03869",43.207035064697266,-70.85726928710938
"03820","Dover","NH","Pure Filtration LLC","65 Industrial Park","03820",43.18893833,-70.9018
"03820","Dover","NH","ReStore","15 Fourth St","03820",43.19966912269592,-70.876171
"03820","Dover","NH","CED","151 Portland Ave","03820",43.20351791381836,-70.86132049560547
"03820","Dover","NH","NorthEast Electrical","36 Littleworth Rd","03820",43.18837545408028,-70.90034365653992
"03820","Dover","NH","Middleton Building Supply","58 Old Rochester Rd","03820",43.2312157770194,-70.89870254366794
"03820","Dover","NH","minuteKEY","59 Waltons Way","03878",43.23445129394531,-70.87956237792969
"03820","Dover","NH","Sherwin-Williams Paint Store","901 Central Ave","03820",43.218946,-70.883189
"03820","Dover","NH","Airgas","136 Industrial Park","03820",43.18899980766405,-70.90338187764007
"03824","Durham","NH","Aubuchon Hardware","1A N Main St","03857",43.0897486167075,-70.93370360177195
"03825","Barrington","NH","Aubuchon Hardware","90 Calef Hwy","03861",43.15038341078296,-71.0088077096179
"03825","Barrington","NH","Sherwin-Williams Paint Store","25 Old Dover Rd","03867",43.28721830439811,-70.97579956054688
"03825","Barrington","NH","Warren's Hardware","not_available","03825",43.20752200351126,-70.99624394342655
"03825","Barrington","NH","Barrington HVAC Supply NH","126 Hall Rd","03825",43.1859142,-71.0246595
"03825","Barrington","NH","Eastern Power Equipment","862 Franklin Pierce Hwy","03825",43.21461868286133,-71.01990509033203
"03826","East Hampstead","NH","East Coast Lumber","2-98 Colonial Dr","03826",42.89060663334803,-71.14450530554433
"03827","East Kingston","NH","Seacoast Flooring Supply","234 Amesbury Rd","03833",42.91033172607422,-70.92711639404297
"03827","East Kingston","NH","Rome & Yola","not_available","01913",42.86797565681678,-70.95625599658865
"03833","Exeter","NH","Arjay Hardware","55 Lincoln St","03833",42.9806999,-70.9582
"03833","Exeter","NH","Tractor Supply Co.","437 Rte 125","03833",43.01484,-71.073374
"03833","Exeter","NH","Seacoast Mills Building Supply","not_available","03833",43.00884701555556,-71.01105053628477
"03833","Exeter","NH","Exeter Paint The Benjamin Moore And California Paint Stores","75 Portsmouth Ave, Exeter, NH 03833","03833",42.985076904296875,-70.93696594238281
"03833","Exeter","NH","White Street Paint & Wallpaper","28 Portsmouth Ave Ste 10","03885",42.9983408,-70.92191249999999
"03833","Exeter","NH","Agway","Portsmouth Ave","03833",43.00653200215684,-70.91971851241263
"03833","Exeter","NH","Sherwin-Williams Paint Store","42 Portsmouth Ave","03885",43.00148010253906,-70.91931915283203
"03833","Exeter","NH","Brentwood Power Equipment","244 NH-125","03833",42.987507,-71.0802065
"03833","Exeter","NH","Exeter Lumber","120 Portsmouth Ave","03833",42.989348,-70.93373299999999
"03833","Exeter","NH","Architectural Salvage, Inc","3 Mill St","03833",42.978118896484375,-70.96098327636719
"03835","Farmington","NH","The Home Depot","280 N Main St","03867",43.3089689,-70.9928042
"03835","Farmington","NH","Cameron's Home & Garden Center","not_available","03835",43.387177,-71.081552
"03835","Farmington","NH","The Man Cave","23 Sleeping Bear Dr","03851",43.405333,-71.03198499999999
"03835","Farmington","NH","Tractor Supply Co.","12 Two Rod Rd","03867",43.337402,-71.01498
"03836","Freedom","NH","Freedom Hardware","not_available","03836",43.797526,-71.002729
"03839","Rochester","NH","Lowe's","160 Washington Street, Suite 800","03839",43.2924852,-70.9941895
"03842","Hampton","NH","The Home Depot","35 Lafayette Rd","03862",42.96585998876454,-70.83248055272634
"03842","Hampton","NH","Coastal Living Paint & Hardware","82 Lafayette Road","03844",42.9157797195418,-70.8650690857372
"03842","Hampton","NH","Wicked Awesome Wallpaper & Paint","848 Lafayette Rd, Rt. 1","03842",42.953105,-70.83319
"03842","Hampton","NH","Hampton Center Hardware","2 High St","03842",42.941768108270665,-70.8377273148409
"03842","Hampton","NH","The Mens Chair","not_available","03862",42.96829,-70.833664
"03842","Hampton","NH","Lighting by the Sea","not_available","03844",42.9160270690918,-70.86343383789062
"03845","Intervale","NH","LUCY HARDWARE","239 ROUTE 16","03845",44.090415954589844,-71.1500244140625
"03848","Kingston","NH","Peabody Supply Co","106 Route 125","03848",42.89247131347656,-71.077392578125
"03851","Milton","NH","Pip Rental","67 Nh Rt. 11","03835",43.44757,-71.06078
"03856","Newfields","NH","J.M. Hayden Equipment LLC","24 Route 108","03856",43.04328,-70.92861
"03862","North Hampton","NH","Coastal Enginuity","212C Lafayette Rd","03862",42.999111,-70.81306
"03862","North Hampton","NH","179 Seacoast Power Equipment","179 Lafayette road","not_available",42.992191314697266,-70.8176498413086
"03864","Ossipee","NH","CN Brown Energy","865 US Rte 16","03864",43.69941,-71.106419
"03864","Ossipee","NH","Mountain Grainery","not_available","03864",43.690220776336666,-71.09690369790505
"03864","Ossipee","NH","Mountain Grainery","755 White Mountain Highway Route 16","03864",43.7053889,-71.112527
"03864","Ossipee","NH","Tractor Supply Co.","901 Rte 16","03864",43.70268942484131,-71.11210411314889
"03865","Plaistow","NH","The Home Depot","58 Plaistow Rd","03865",42.826623584944095,-71.10933065414434
"03865","Plaistow","NH","Tractor Supply Co.","96 Plaistow Rd","03865",42.83497983240572,-71.10871857409964
"03865","Plaistow","NH","White Street Paint & Wallpaper","18 Plaistow Road, 125 Plaza","03865",42.818255,-71.104165
"03865","Plaistow","NH","Westville True Value Hardware","63 Plaistow Rd","03865",42.83101263,-71.10742263
"03865","Plaistow","NH","Milton Rents Plaistow","22 Old Rd.","03865",42.8402067,-71.1050937
"03865","Plaistow","NH","Benjamin Morre Paints","not_available","03865",42.81846907056355,-71.10414405093574
"03865","Plaistow","NH","Ace Hardware","12 Old Rd","03865",42.84139633178711,-71.10342407226562
"03867","Rochester","NH","Wit-Way Supply","54 Allen St","03867",43.309124,-70.974209
"03874","Seabrook","NH","The Home Depot","240 Lafayette Rd","03874",42.881249,-70.8654169
"03874","Seabrook","NH","Lowe's","417 Lafayette Road","03874",42.886101,-70.872924
"03874","Seabrook","NH","johnson lumber","not_available","01952",42.8633903129311,-70.90104221693211
"03874","Seabrook","NH","Sherwin-Williams Paint Store","308 Lafayette Rd","03874",42.883976765861604,-70.86787994841005
"03874","Seabrook","NH","Atlantic Green Energy","255 Lafayette Rd #4","03874",42.88178253173828,-70.86786651611328
