"zip","city","state","name","address","postalCode","lat","lon"
"55007","Brook Park","MN","Kanabec Hospital","not_available","55051",45.931938886642456,-93.12938153743744
"55008","Cambridge","MN","Cambridge Medical Center","701 Dellwood St S","55008",45.56667384794298,-93.23107052145865
"55009","Cannon Falls","MN","Cannon Falls Medical Center","Mill St.","55009",44.5080799222693,-92.91671527164011
"55009","Cannon Falls","MN","Mayo Clinic Health System","32021 County 24 Blvd","55009",44.48614633849009,-92.90321767330164
"55013","Chisago City","MN","Outlook Clinic","not_available","55013",45.3824123531432,-92.86840293984442
"55013","Chisago City","MN","st croix regional lindstrom","12375 Lindstrom Ln","55045",45.39094924926758,-92.85530853271484
"55014","Circle Pines","MN","McCargar Loony Bin","Lois Lane","55014",45.19189752459638,-93.1203112286913
"55014","Circle Pines","MN","Kelley Animal Hospital","4140 Woodland Rd","55014",45.138577000000005,-93.165417
"55014","Circle Pines","MN","North Ambulance","not_available","55014",45.1855431,-93.1106171
"55016","Cottage Grove","MN","Regions Hospital -South 8","not_available","not_available",44.838240171497695,-92.95244809606292
"55019","Dundas","MN","Northfield Urgent Care","2014 Jefferson Rd Ste C","55057",44.437881,-93.18227999999999
"55021","Faribault","MN","District One ER","not_available","55021",44.28836088741663,-93.25825210815606
"55021","Faribault","MN","District One Hospital","200 State Ave","55021",44.28853225708008,-93.25791931152344
"55024","Farmington","MN","MedExpress Urgent Care","7560 160th St. W","55044",44.7168382,-93.218615
"55024","Farmington","MN","Akin Hills Pet Hospital","18400 Pilot Knob Rd","55024",44.682786,-93.176004
"55024","Farmington","MN","Methodist Vascular Center","not_available","55426",44.69912698090297,-93.22088834174009
"55025","Forest Lake","MN","Commercial Sales Office","15161 Feller St NE","55025",45.244443,-93.025958
"55025","Forest Lake","MN","The Insane Asylum","not_available","55025",45.261999,-92.950299
"55033","Hastings","MN","Regina Hospital","1175 Nininger Rd","55033",44.74722362924681,-92.87286710235855
"55037","Hinckley","MN","North Memorial Ambulance","26525-26547 Muskey Ave N","54893",45.87927894252571,-92.36586026897358
"55038","Hugo","MN","Healtheast Clinic - Hugo","not_available","55038",45.160555555555554,-93.0261111111111
"55038","Hugo","MN","Lake Animal Hospital","White Bear, MN","55110",45.120138,-93.00275653333334
"55038","Hugo","MN","HealthPartners North Suburban Family Physicians Urgent Care Hugo","14701 Victor Hugo Blvd N","55038",45.1633647,-93.0138532
"55041","Lake City","MN","Lake City Medical Center","500 W Grant St","55041",44.45931399761052,-92.28751169260586
"55042","Lake Elmo","MN","St. Croix Orthopaedics Urgent Care Clinic","8650 Hudson Blvd N Ste 100","55042",44.95017623901367,-92.9250717163086
"55044","Lakeville","MN","The Porclin Throne","not_available","55044",44.71649029393853,-93.25825701921343
"55047","Marine On Saint Croix","MN","Pedersen Medical & Life Insurance Services","not_available","55047",45.18264181710615,-92.75379180908203
"55056","North Branch","MN","Lakes Region EMS","not_available","55056",45.52563452163734,-92.97247675678835
"55057","Northfield","MN","Northfield Labor & Delivery","not_available","55057",44.47386,-93.190355
"55057","Northfield","MN","Orthopedic Ward","Cmc","not_available",44.46906280517578,-93.15444946289062
"55060","Owatonna","MN","Owatonna Hospital","2250 NW 26th St","55060",44.11164113881887,-93.25096464243452
"55066","Red Wing","MN","Red Wing Mayo Clinic","not_available","55066",44.56024238001275,-92.5721093776121
"55066","Red Wing","MN","Mayo Clinic Health System","701 Hewitt Blvd","55066",44.5600215,-92.5723449
"55072","Sandstone","MN","Essentia Health-Sandstone Health Center","109 Court Ave S","55072",46.12736017375741,-92.86510599325956
"55072","Sandstone","MN","Jenefer Southwick, PA-C","705 Lundorff Dr","55072",46.125663997918274,-92.88171172142029
"55074","Shafer","MN","Cch Siberia","not_available","54020",45.30794574586812,-92.6954936905912
"55075","South Saint Paul","MN","Regions South 6","not_available","55075",44.91568374633789,-93.06011962890625
"55082","Stillwater","MN","Lakeview Hospital","927 W Churchill St","55082",45.047528,-92.817556
"55082","Stillwater","MN","HTS Active Alert System","811 1st St #200","54016",44.9785041809082,-92.75911712646484
"55082","Stillwater","MN","Dr Major's Double Tap Clinic","not_available","54016",44.9756622143857,-92.75721169910001
"55082","Stillwater","MN","Stillwater Medical Group Urgent Care Stillwater","1500 Curve Crest Blvd,1st floor","55082",45.041904,-92.829602
"55082","Stillwater","MN","Senior Care Solutions","2131 Oak Glen Trl","55082",45.076221999999994,-92.838545
"55082","Stillwater","MN","Stillwater Medical Group Urgent Care Stillwater","1500 Curve Crest Blvd W Fl 1","55082",45.041803,-92.829185
"55101","Saint Paul","MN","Regions Hospital","640 Jackson St","55101",44.954429,-93.094021
"55101","Saint Paul","MN","Gillette Children's Specialty Healthcare","200 University Ave E","55101",44.95669693396576,-93.0954011069288
"55101","Saint Paul","MN","Regions Hospital Labor And Delivery","not_available","55101",44.955059683705784,-93.09605978280956
"55101","Saint Paul","MN","Cyberknife Center","not_available","55102",44.9484612324252,-93.09927081028883
"55101","Saint Paul","MN","Regions Operating Room","649 Jackson St","55101",44.95521302597465,-93.09420641635299
"55101","Saint Paul","MN","Cannabis Online","445 Minnesota St Ste 1500","55101",44.94950302671964,-93.10498853382501
"55101","Saint Paul","MN","Physician's Lounge","Regions Hospital, 640 Jackson Street","55101",44.954779,-93.094244
"55101","Saint Paul","MN","Drug & Alcohol Rehab Saint Paul","30 7th St E #3200","55101",44.94877848940755,-93.09453964233398
"55102","Saint Paul","MN","Children's Hospitals and Clinics of Minnesota - St. Paul","345 Smith Ave N","55102",44.94212096275182,-93.10925768625984
"55102","Saint Paul","MN","saint paul cancer center","345 Sherman St","55102",44.94188447452242,-93.10744891843045
"55102","Saint Paul","MN","United Hospital","333 Smith Ave N","55102",44.94312056737288,-93.10751717794882
"55102","Saint Paul","MN","Children's Hospital Family Resource Center","345 N Smith Ave, St Paul, MN 55102","55102",44.94287538760169,-93.10673139914273
"55102","Saint Paul","MN","United Hospital Inpatient Pharmacy","not_available","55118",44.94296351775508,-93.10784764926558
"55102","Saint Paul","MN","United Neurosurgery","225 N Smith Ave #200, St Paul, MN 55102","55102",44.94373189833447,-93.10638869594291
"55102","Saint Paul","MN","St Joseph's Hospital-St Paul","45 10th St W","55102",44.94843239983486,-93.09995098081367
"55102","Saint Paul","MN","United Children's Hospital","347-399 N Chestnut St","55102",44.943286866712,-93.10671181603729
"55103","Saint Paul","MN","Bethesda Hospital","559 Capitol Blvd","55103",44.95809400679159,-93.10304969295274
"55103","Saint Paul","MN","Regions Hospital Psych Ward","not_available","55117",44.975542175767934,-93.1017286337643
"55103","Saint Paul","MN","Regions Hospital South 8","640 Jackson St, St Paul, MN 55101","55101",44.951943039358675,-93.1161704308979
"55103","Saint Paul","MN","M Health Fairview Neurosurgery Clinic - St. Paul","17 Exchange St W","55102",44.949000385463194,-93.10001153158737
"55104","Saint Paul","MN","HealthEast Health Alert","1700 University Ave W","55104",44.954252351202946,-93.17171747360622
"55104","Saint Paul","MN","Paradigm Diagnostics","800 Transfer Rd #12","55114",44.9651852,-93.185004
"55104","Saint Paul","MN","Virginia Piper Breast Center","not_available","55104",44.95259652014167,-93.18176832361164
"55104","Saint Paul","MN","Regions Cardiopulmonary Rehab","not_available","55114",44.96692339681061,-93.20373773574829
"55105","Saint Paul","MN","Fairview Urgent Care","not_available","55116",44.91817994070494,-93.19128177354563
"55105","Saint Paul","MN","United ER","N Smith","55102",44.92500977122486,-93.13046215627979
"55105","Saint Paul","MN","Fairview clinic","2155 Ford Pkwy","55116",44.918217999999996,-93.190963
"55106","Saint Paul","MN","HealthEast Medical Transportation","799 Reaney Ave","55106",44.96426830806017,-93.0665701727613
"55106","Saint Paul","MN","Options for Women East","not_available","55106",44.968149,-93.025648
"55106","Saint Paul","MN","Insanse asylum","403 Wyoming St E","55107",44.920589447021484,-93.06835174560547
"55106","Saint Paul","MN","Regions Hospital","445 Etna St","55106",44.954506,-93.043313
"55107","Saint Paul","MN","HealthPartners Urgent Care St. Paul","205 Wabasha St S","55107",44.936942,-93.088159
"55107","Saint Paul","MN","Northfield hospital","not_available","55107",44.936302185058594,-93.09782409667969
"55107","Saint Paul","MN","United Hospital Birth Center","347 Smith Ave N","55102",44.94225311279297,-93.10944366455078
"55107","Saint Paul","MN","FB4Kids","not_available","55103",44.943310319490486,-93.10765670991731
"55107","Saint Paul","MN","Allina Health Emergency Medical Services","167 Grand Ave","55102",44.94158,-93.10748708
"55108","Saint Paul","MN","HealthPartners Como Urgent Care St. Paul","2500 Como Ave","55108",44.986513,-93.201914
"55108","Saint Paul","MN","Health Partners Urgent Care","not_available","55113",44.97038534447514,-93.20639687665103
"55109","Saint Paul","MN","St John's Hospital-Maplewood","1575 Beam Ave","55109",45.0291365338756,-93.03412774889014
"55109","Saint Paul","MN","HealthEast Lung Care","1600 Saint Johns Blvd Ste 201","55109",45.0298585,-93.0335595
"55109","Saint Paul","MN","Cancer Care Center-maplewood","not_available","55109",45.030257,-93.023106
"55109","Saint Paul","MN","Target Field First Aid Team","1 Twins Way","55403",45.01359068573614,-93.04536378708096
"55109","Saint Paul","MN","North St. Paul Animal Hospital","2255 7th Ave E","55109",45.005132124155516,-93.00554377957094
"55110","Saint Paul","MN","The Urgency Room","1159 County Road E East","55110",45.05076005,-93.05176751
"55110","Saint Paul","MN","Urgency Room","1159 County Road E E","55110",45.051490783691406,-93.0518798828125
"55110","Saint Paul","MN","Advanced Dermatology Care","4480 Centerville Road","55127",45.076809,-93.0546385
"55112","Saint Paul","MN","BioLife Plasma Services","2325 Mounds View Blvd","55112",45.09943460361531,-93.19784831618261
"55112","Saint Paul","MN","HealthPartners Urgent Care Arden Hills","3930 Northwoods Dr","55112",45.059709,-93.151227
"55112","Saint Paul","MN","Saint Anthony Health Center","3765-3819 Foss Rd","55421",45.03676545460005,-93.21150930315623
"55113","Saint Paul","MN","Rice Street Pet Clinic","111 County Road C W","55117",45.02092,-93.10488947
"55113","Saint Paul","MN","Lakeridge health care center","2727 Victoria St N","55113",45.023664000000004,-93.140067
"55113","Saint Paul","MN","Roseville Animal Hospital","2630 Snelling Curv","55113",45.02043151855469,-93.16477966308594
"55113","Saint Paul","MN","Urgent Care","1975 County Road B2 W","55113",45.01506484780023,-93.1827194537864
"55118","Saint Paul","MN","MedExpress Urgent Care","1963 Robert Street S","55118",44.8868917,-93.081006
"55121","Saint Paul","MN","AIDS Treatment Center","3104 Neil Armstrong Blvd","55121",44.84489059448242,-93.14115142822266
"55121","Saint Paul","MN","Physicians Vein Clinics - Eagan","1215 Town Centre Drive","55123",44.83142761,-93.15553717
"55121","Saint Paul","MN","Phallus Enlargement Surgical Center","2900 Neil Armstrong Blvd","55121",44.84420224937458,-93.14296882155368
"55121","Saint Paul","MN","Stronghold Safety Engineering","2980 Commers Dr Ste 200","55121",44.848769,-93.128226
"55122","Saint Paul","MN","NOW Urgent Care","1970 Rahncliff Ct","55122",44.78933959209674,-93.20490297512396
"55122","Saint Paul","MN","North Memorial","not_available","55123",44.82757613333333,-93.17319748333334
"55123","Saint Paul","MN","PSC #3","Ticonderoga","55123",44.813673,-93.144064
"55124","Saint Paul","MN","HealthPartners Urgent Care Apple Valley","15290 Pennock Ln","55124",44.729096,-93.221366
"55125","Saint Paul","MN","Woodwinds Health Campus-Woodbury","1925 Woodwinds Dr","55125",44.92254,-92.976801
"55125","Saint Paul","MN","midwest surgery center","not_available","55125",44.91969053460236,-92.98069791210547
"55125","Saint Paul","MN","Physicians Vein Clinics - Woodbury","7700 Hudson Rd","55125",44.9477533,-92.9504941
"55125","Saint Paul","MN","Adiva Aesthetics","1875 Woodwinds Dr Ste 110","55125",44.92269515991211,-92.97697448730469
"55125","Saint Paul","MN","HealthPartners Urgent Care Woodbury","8450 Seasons Pkwy","55125",44.9362266,-92.9350127
"55125","Saint Paul","MN","The Urgency Room","7030 Valley Creek Plaza","55125",44.925587,-92.96408574
"55125","Saint Paul","MN","Allina Health Urgent Care - Woodbury","8675 Valley Creek Rd","55125",44.91870880126953,-92.93008422851562
"55125","Saint Paul","MN","TRIA Orthopedic Urgent Care Woodbury","155 Radio Drive,1st Floor","55125",44.947465,-92.930374
"55126","Saint Paul","MN","Shoreview Animal Hospital","1047 Bridge St","55126",45.07883834838867,-93.14474487304688
"55301","Albertville","MN","NOW Urgent Care","not_available","55301",45.227662,-93.670332
"55303","Anoka","MN","Mercy Hospital","4050 Coon Rapids Blvd NW","55433",45.182620559596224,-93.36917392391724
"55303","Anoka","MN","Mercy Hospital Emergency Room","not_available","55433",45.18325891957135,-93.36996666782355
"55303","Anoka","MN","The Mother Baby Center at Mercy with Children's Minnesota","4020 Coon Rapids Blvd NW","55433",45.18294906616211,-93.36808776855469
"55303","Anoka","MN","The Emergency Room","Mercy Hospital","not_available",45.19170011672073,-93.36293827393214
"55303","Anoka","MN","HealthPartners Riverway Urgent Care Anoka","601 Jacob Ln","55303",45.207168,-93.401481
"55303","Anoka","MN","north memorial Truck 706","not_available","55303",45.240379333496094,-93.44721984863281
"55303","Anoka","MN","Anoka Metro Regional Treatment Center","3301 7th Ave","55303",45.214688665365856,-93.3793328692002
"55304","Andover","MN","MedExpress Urgent Care","2134 Bunker Lake Blvd. NW","55304",45.21880807920566,-93.31987605251925
"55304","Andover","MN","HealthPartners Riverway Urgent Care Andover","15245 Bluebird St NW","55304",45.2478304,-93.3054534
"55305","Hopkins","MN","Now Care - Urgent Care","2000 Plymouth Rd","55305",44.96419906616211,-93.44432067871094
"55305","Hopkins","MN","St. Jude Medical, Building 3","DeVeau Place","55345",44.93852224603198,-93.46532517708302
"55305","Hopkins","MN","fairview riverside hospital","not_available","55445",44.958389101544036,-93.40158902244882
"55305","Hopkins","MN","Park Nicollet Carlson Parkway Urgent Care Minnetonka","15111 Twelve Oaks Center Dr","55305",44.972983,-93.470725
"55306","Burnsville","MN","Fairview Ridges","not_available","55306",44.739574925070556,-93.27356718092969
"55307","Arlington","MN","Sibley Medical Center","601 W Chandler St, Arlington, MN 55307","55307",44.61052652375422,-94.08517097997336
"55308","Becker","MN","New River Hospital","not_available","55362",45.35389159207644,-93.92033881500149
"55308","Becker","MN","Big Lake Dialysis","not_available","55309",45.33951950073242,-93.7488784790039
"55311","Maple Grove","MN","Maple Grove Hospital","9875 Hospital Dr","55369",45.1325579700574,-93.48056316375732
"55311","Maple Grove","MN","BioLife Plasma Services","9515 Garland Lane N","55311",45.1278973,-93.4959386
"55311","Maple Grove","MN","Park Nicollet Urgent Care Maple Grove","9555 Upland Ln N","55369",45.127771,-93.480895
"55311","Maple Grove","MN","North Memorial Ambulatory Surgery Center","9855 Hospital Dr Ste 175","55369",45.132781,-93.480926
"55311","Maple Grove","MN","North Memorial Urgent Care","9855 Hospital Dr","55369",45.13180702715701,-93.48035504972309
"55313","Buffalo","MN","Buffalo Hospital","303 Catlin St","55313",45.19488203485124,-93.87106434034915
"55313","Buffalo","MN","Buffalo Hospital Urgent Care","not_available","55313",45.19477081298828,-93.87155151367188
"55314","Buffalo Lake","MN","Buffalo Lake Healthcare Center","not_available","55314",44.73826217651367,-94.62425994873047
"55316","Champlin","MN","Park Nicollet Urgent Care Champlin","12142 Business Park Blvd N,Main Floor","55316",45.175565,-93.390398
"55317","Chanhassen","MN","Physicians Vein Clinics - Chanhassen","7800 Market Boulevard","55317",44.86191081,-93.53840542
"55317","Chanhassen","MN","Park Nicollet Urgent Care Chanhassen","300 Lake Dr E","55317",44.85870361328125,-93.53026580810547
"55317","Chanhassen","MN","NorthStar Regional","7945 Stone Creek Dr","55317",44.862298,-93.57189299999999
"55318","Chaska","MN","Ridgeview Urgent Care","111 Hundertmark Rd","55318",44.81803485773064,-93.60156365562186
"55318","Chaska","MN","Marie Stiener Kelting Hospice Home","not_available","55318",44.837145,-93.650628
"55318","Chaska","MN","Mayo Clinic Health Systems","not_available","55379",44.77623946498976,-93.53710395166881
"55319","Clear Lake","MN","Kelner Animal Hospital","615 Clearwater Shopping Center","55320",45.41358059557611,-94.04993794725036
"55322","Cologne","MN","Ridgeview Medical Center","not_available","55387",44.84303793817374,-93.79203477691084
"55325","Dassel","MN","Dead Body Closet","not_available","55325",45.08712387084961,-94.28776550292969
"55330","Elk River","MN","Elk Ridge Health","14008-14198 U.S. 10","55330",45.305587298819134,-93.62621108443885
"55330","Elk River","MN","Big lake hospital","not_available","55330",45.30720901489258,-93.63616943359375
"55331","Excelsior","MN","TCM EastWest Acupuncture Clinics","675 Water St Ste 3","55331",44.935845,-93.6434149
"55337","Burnsville","MN","Fairview Ridges Hospital","201 E Nicollet Blvd","55337",44.74912979835885,-93.27279590970063
"55337","Burnsville","MN","Park Nicollet Urgent Care Burnsville","14000 Fairview Dr","55337",44.749035,-93.27521899999999
"55337","Burnsville","MN","Fairview Radiology","not_available","55337",44.74958804382944,-93.27251098454893
"55337","Burnsville","MN","Allina Health Urgent Care - Burnsville","14000 Nicollet Ave","55337",44.74903142,-93.27882224
"55337","Burnsville","MN","Physicians Vein Clinics - Burnsville","550 Burnsville Parkway","55337",44.77008442,-93.28640238
"55337","Burnsville","MN","Metro Medical Home Care","12255 Nicollet Ave","55337",44.7811913,-93.2779036
"55337","Burnsville","MN","Fairview Surgery Center","305 E Nicollet Blvd","55337",44.748634338378906,-93.27120971679688
"55340","Hamel","MN","Physicians Vein Clinics - Medina","212 Clydesdale Trail","55340",45.04533883,-93.52704196
"55343","Hopkins","MN","Gillette Children's","12400 Whitewater Dr","55343",44.89803925,-93.43899714
"55344","Eden Prairie","MN","Urgent Care","not_available","55344",44.85973367045399,-93.4383115858697
"55344","Eden Prairie","MN","The Pride Institute","14400 Martin Drive","55344",44.8651577,-93.4597354
"55345","Minnetonka","MN","Twin Cities Orthopedics Urgent Care","not_available","55345",44.921022,-93.475889
"55345","Minnetonka","MN","Dr. DANIEL DEWEY","4833 Minnetonka Blvd","55391",44.9482982,-93.34138229999999
"55346","Eden Prairie","MN","MedExpress Urgent Care","16490 W. 78th St","55346",44.862953,-93.485952
"55350","Hutchinson","MN","Hutchinson Medical Center","3 Century Ave SE","55350",44.87536414169559,-94.37199765880962
"55350","Hutchinson","MN","Sain Francis Hospital","not_available","55350",44.882207,-94.382889
"55355","Litchfield","MN","Emmanuel Litchfield","600 S Davis Ave","55355",45.12901649687918,-94.52809649110047
"55355","Litchfield","MN","Meeker Memorial Hospital","612 S Sibley Ave","55355",45.119446248689975,-94.52888783068852
"55368","Norwood Young America","MN","Lakeview Clinic Nya","406 Faxon Rd N","55368",44.770185,-93.918279
"55369","Osseo","MN","Kindred at Home","7101 Northland Dr N","55428",45.08341,-93.390722
"55369","Osseo","MN","Corner  Home Medical","500 Central Ave","55369",45.1213262,-93.4018016
"55369","Osseo","MN","Hope's Residence","6449 Edgemont Blvd N","55428",45.07276153564453,-93.39762878417969
"55371","Princeton","MN","Fairview Princeton Hospital","911 Northland Dr","55371",45.55828398902243,-93.5900566488427
"55371","Princeton","MN","Urgent Care @ Coborn's","not_available","55371",45.55809783935547,-93.5875473022461
"55372","Prior Lake","MN","Genesis Medical, Inc.","6520 Harborview Cir NE","55372",44.74596405029297,-93.38773345947266
"55379","Shakopee","MN","St Francis Regional Medical Center","1455 Saint Francis Ave","55379",44.7717554013153,-93.50290434323806
"55379","Shakopee","MN","Pet Crossing Animal Hospital and Dental Clinic","10861 Bloomington Ferry Rd","55438",44.807075,-93.38311999999999
"55391","Wayzata","MN","MedExpress Urgent Care","16895 County Road 24","55447",45.021211,-93.49269900000002
"55401","Minneapolis","MN","NOW Urgent Care","327 Central Ave SE","55414",44.9871711730957,-93.25470733642578
"55401","Minneapolis","MN","BudTrader Minnesota","80 S 8th St Ste 990 # 37888","55402",44.97657809586997,-93.27331960201263
"55401","Minneapolis","MN","Surgical ICU","R7","not_available",44.9815881524851,-93.26219880071305
"55401","Minneapolis","MN","Fairview Hospital","500 Harvard St SE","55455",44.98299606873067,-93.2457792379262
"55402","Minneapolis","MN","Drug & Alcohol Rehab Minneapolis","80 South 8th Street","55402",44.97565216532562,-93.27280998229979
"55404","Minneapolis","MN","University of Minnesota Masonic Children's Hospital","2450 Riverside Ave","55454",44.966732303067225,-93.23685391984156
"55404","Minneapolis","MN","Hennepin County Medical Center (HCMC)","701 Park Ave","55415",44.97209679482329,-93.26180127775605
"55404","Minneapolis","MN","Children's Hospitals and Clinics of Minnesota","2525 Chicago Ave","55404",44.95653766559518,-93.26227313970944
"55404","Minneapolis","MN","Csc Gi Lab","715 S 8th St","55404",44.97106767670567,-93.26307764562279
"55404","Minneapolis","MN","Hcmc Clinic & Specialty Center","not_available","55414",44.971104,-93.263084
"55404","Minneapolis","MN","The Mother Baby Center at Abbott Northwestern and Children's Minnesota","902 E 26th St","55404",44.95612026,-93.26143087
"55404","Minneapolis","MN","Mother Baby Center","902 East 26th St","55404",44.956165041477696,-93.26159083707324
"55404","Minneapolis","MN","childrens hospital radiology","not_available","55404",44.95693535910059,-93.26203225410374
"55404","Minneapolis","MN","PB 2000 Break Room","800 E 28th St","55407",44.95477304186709,-93.26125285610401
"55404","Minneapolis","MN","Abbott Northwestern Birth Center","not_available","55407",44.95547358183129,-93.26112426954364
"55404","Minneapolis","MN","Crystal's Work","not_available","55415",44.97148278279694,-93.26054913284901
"55404","Minneapolis","MN","U of M Amplatz Hospital","not_available","55454",44.96498870849609,-93.2435302734375
"55404","Minneapolis","MN","The Children's Hospital at HCMC","730 South 8th Street","55415",44.97201156616211,-93.26256561279297
"55404","Minneapolis","MN","abbott nortwestern","Room 7010","55408",44.953901610430485,-93.26079818324358
"55405","Minneapolis","MN","ANW 8th Floor Terrace","not_available","55405",44.95765686035156,-93.28468322753906
"55406","Minneapolis","MN","Shriners Hospital for Children","2025 E River Pkwy","55414",44.958503189450795,-93.21095849352382
"55406","Minneapolis","MN","U of M riverside NICU","not_available","55406",44.96439257441806,-93.23081371716947
"55407","Minneapolis","MN","HealthPartners Nokomis Urgent Care Minneapolis","4730 Chicago Ave","55407",44.91688537597656,-93.26302337646484
"55407","Minneapolis","MN","Abbott Northwestern Hospital Bariatric Center","913 E 26th St","55407",44.95510022,-93.26095228
"55407","Minneapolis","MN","The Dental Emergency Room","707 E Lake St","55407",44.94813,-93.26479
"55407","Minneapolis","MN","Virginia Piper Cancer Institute","913 E 26th St","55404",44.95524068334676,-93.26132895968173
"55407","Minneapolis","MN","Abbott Northwestern joint replacement center","900 E 28th St","55407",44.95417662543375,-93.26010569079452
"55408","Minneapolis","MN","Walker Methodist Health Center","3737 Bryant Ave S","55409",44.93499069279837,-93.29036579103645
"55408","Minneapolis","MN","Primo Home Health Care","3040 4th Ave S #3","55408",44.94700165033354,-93.27069640159606
"55410","Minneapolis","MN","Kovanda Aesthetic Surgery","​4999 France Avenue South Suite 210","55410",44.91277669999999,-93.32873959999999
"55410","Minneapolis","MN","Edenbrook Edina","6200 Xerxes Ave S","55423",44.88997,-93.31935
"55411","Minneapolis","MN","North Memorial Medical Center","3300 Oakdale Ave N","55422",45.014257365658494,-93.3214567015691
"55411","Minneapolis","MN","North memorial lakeshore room","not_available","55412",45.01398715696957,-93.30596570275789
"55411","Minneapolis","MN","North Memorial A6 Cardiac","not_available","55422",44.984897795697805,-93.28822258725585
"55411","Minneapolis","MN","North Memorial Hospital Trauma Floor 6","3308-3398 Lowry Ave N","55422",45.01381698166405,-93.32207996907901
"55414","Minneapolis","MN","University Of Minnesota Fairview Hospital Eye Clinic","516 Delaware St SE Ste 9A","55455",44.972595139801975,-93.23100085539583
"55414","Minneapolis","MN","Gold Waiting Room - UMMC","500 Harvard St SE, University of Minnesota - Minneapolis, Minneapolis, MN 55455","55455",44.97161710625091,-93.23144183829834
"55414","Minneapolis","MN","Transplant Center-Clinic 2A","516 Delaware St SE","55455",44.97240447998047,-93.23161315917969
"55414","Minneapolis","MN","UMMC Fairview Volunteer Services","701 25th Ave S","55454",44.966266999999995,-93.235647
"55414","Minneapolis","MN","Rehab Building","2512 S 7th St","55454",44.967044830322266,-93.23533630371094
"55414","Minneapolis","MN","University Of Minnesota- Sleep Center","606 24th Ave S, Minneapolis, MN 55454","55454",44.96641981477621,-93.23892728421444
"55414","Minneapolis","MN","UMMC Organ Transplant 6th Floor","not_available","55455",44.97038943625948,-93.23058319131974
"55414","Minneapolis","MN","MMRF","900 S 8th St","55404",44.97095892768618,-93.25964068538887
"55415","Minneapolis","MN","HCMC Emergency Room Triage","701 Park","55118",44.97263321353421,-93.2636515711132
"55415","Minneapolis","MN","HCMC Purple-1 Pharmacy","6th St South","55415",44.971524757996185,-93.26295480927287
"55415","Minneapolis","MN","HCMC STN2","701 Park","not_available",44.972502,-93.261715
"55415","Minneapolis","MN","HCMC Emergency Department","701 Park Avenue South","55415",44.97182917481955,-93.26297268664804
"55415","Minneapolis","MN","HCMC EMS","701 Park Ave S","not_available",44.973367224549534,-93.26233937648395
"55415","Minneapolis","MN","SICU","Hennepin County Medical Center","not_available",44.972336,-93.26147
"55416","Minneapolis","MN","Methodist Hospital","6500 Excelsior Blvd","55426",44.929624,-93.361832
"55416","Minneapolis","MN","Park Nicollet Urgent Care St. Louis Park","3850 Park Nicollet Blvd","55416",44.93371,-93.346241
"55416","Minneapolis","MN","TCMC Urgent Care","3462 W Lake St","55408",44.949162,-93.32096999999999
"55416","Minneapolis","MN","Tcmc","3264 W Lake St","55416",44.94886,-93.32142
"55416","Minneapolis","MN","Park Nicollet Radiology/X-ray","3800 Park Nicollet Blvd","55416",44.933780670166016,-93.3460922241211
"55416","Minneapolis","MN","Park Health & Rehabilitation Center","4415 W 36 1/2 St","55416",44.936305,-93.336467
"55416","Minneapolis","MN","All Hands Interpreting Services","not_available","55420",44.92119840777225,-93.34925984240247
"55416","Minneapolis","MN","The Noob Graveyard","2740 Brunswick Ave S","55416",44.953739166259766,-93.35861206054688
"55417","Minneapolis","MN","VA Medical Center","1 Veterans Dr","55417",44.9024266769021,-93.20503542899104
"55417","Minneapolis","MN","VA Outpatient Prescription","not_available","55417",44.90206187240274,-93.20519731753994
"55417","Minneapolis","MN","VA Post Deployment Clinic","1 Veterans Blvd, Ardmore, OK 73401","73401",44.901114036758536,-93.20499618336324
"55417","Minneapolis","MN","VA Sleep Study","1 Veterans Dr, Minneapolis, MN 55417","55417",44.902848233943836,-93.20415731563075
"55418","Minneapolis","MN","abbott nothwestern emergency","11th","not_available",45.018219,-93.229099
"55419","Minneapolis","MN","Affordable Neck & Back Pain Relief","5810 Nicollet Ave","55419",44.897436,-93.278406
"55421","Minneapolis","MN","MedExpress Urgent Care","4880 Central Ave. NE","55421",45.056581,-93.248398
"55422","Minneapolis","MN","Regency Hospital Minneapolis","1300 Hidden Lakes Pkwy","55422",44.992051570297086,-93.33412889001708
"55422","Minneapolis","MN","Mayo Clinic Rochester MN","200 1st St SW","55905",44.988144164553916,-93.33233735953519
"55422","Minneapolis","MN","Concentra","4080 W Broadway Ave #200","55422",45.029278,-93.336121
"55422","Minneapolis","MN","north Memorial 706 Dream Team","not_available","55411",45.01673739175322,-93.3289115460663
"55422","Minneapolis","MN","Twin Cities Foot & Ankle Clinic","5851 Duluth St #101","55422",44.998818,-93.3545196
"55423","Minneapolis","MN","Woodlake Veterinary Hospital","6436 Lyndale Avenue South","55423",44.885594,-93.2873983
"55423","Minneapolis","MN","Wilson Holistic Health","7011 James Ave S 2950","55423",44.875757,-93.300579
"55423","Minneapolis","MN","Fairview Southdale Hospital Urgent Care","not_available","55424",44.88531393267006,-93.27779710728733
"55424","Minneapolis","MN","Same Day Lounge","not_available","55435",44.88744502572091,-93.34398570047028
"55425","Minneapolis","MN","Metro Medical Homecare","12255 Nicollet Avenue","55337",44.83767390272726,-93.24948878308098
"55428","Minneapolis","MN","Crystal Urgent Care","5502 W Broadway Ave","55428",45.053707122802734,-93.36351013183594
"55428","Minneapolis","MN","North Memorial EMS Bass Post","Bass Lake Rd","not_available",45.05371711163356,-93.36201746084886
"55429","Minneapolis","MN","North Memorial Clinic - Brooklyn Center","5615 Xerxes Ave N Ste D","55430",45.05767059326172,-93.32211303710938
"55429","Minneapolis","MN","northwest residence","not_available","55429",45.08026123046875,-93.33837127685547
"55431","Minneapolis","MN","TRIA Orthopedic Urgent Care Bloomington","8100 Northland Drive,1st Floor","55431",44.85774230957031,-93.32771301269531
"55431","Minneapolis","MN","University Health Services","not_available","55431",44.851016921122884,-93.31119244061736
"55432","Minneapolis","MN","Unity Hospital","550 Osborne Road Northeast , #255","55432",45.10502390289778,-93.25442559392847
"55432","Minneapolis","MN","Virginia Piper Cancer Institute","480 Osborne Rd NE","55432",45.10746765136719,-93.259521484375
"55432","Minneapolis","MN","Unity Cardiovascular Diagnostics","not_available","55432",45.10651397705078,-93.25721740722656
"55433","Minneapolis","MN","Mercy Baby Nursery","not_available","55316",45.17036248557207,-93.27498819342733
"55433","Minneapolis","MN","Prairiecare (Bp2)","5900 94th Ave","55443",45.12594,-93.35212
"55433","Minneapolis","MN","Wellness Renewal Consulting","10077 Dogwood St NW #206","55448",45.152767181396484,-93.271240234375
"55434","Minneapolis","MN","North Memorial Urgency Center","11855 Ulysses St NE Ste 120","55434",45.18537290409927,-93.23578226667436
"55434","Minneapolis","MN","North Ambulance","not_available","55434",45.13034770513677,-93.26669459948569
"55434","Minneapolis","MN","Express Healthcare Urgent Care","10230 Baltimore St NE","55449",45.155939000000004,-93.23406800000001
"55434","Minneapolis","MN","fairview columbia Heights","4000 Central Heights, MN 55421","55421",45.125173907579764,-93.25429968494798
"55435","Minneapolis","MN","Fairview Southdale Hospital","6401 France Ave S","55435",44.886058564972465,-93.32744371473476
"55435","Minneapolis","MN","Southdale Medical Building (Fairview Southdale)","6525 France Ave S Ste 200","55435",44.88516048032598,-93.32795027044531
"55435","Minneapolis","MN","Advanced Dermatology & Cosmetic Institute P.A.","6525 Barrie Rd","55435",44.884833,-93.32259
"55435","Minneapolis","MN","Midwest Podiatry Centers - Edina","6545 France Ave S #565","55435",44.8845653,-93.3281888
"55435","Minneapolis","MN","Southdale Pet Hospital","W 70th St","55435",44.876604,-93.329966
"55435","Minneapolis","MN","Fairview Sleep Center","6363 65th Street","not_available",44.886995,-93.325586
"55437","Minneapolis","MN","South Hyland Pet Hospital","5400 W Old Shakopee Rd","55437",44.808215999999994,-93.351573
"55438","Minneapolis","MN","Urgent Care","Galaxy Ave","not_available",44.860867863974754,-93.3981955439862
"55441","Minneapolis","MN","Abbott Northwestern - WestHealth","2855 Campus Dr","55441",45.011749492084775,-93.45462729538971
"55441","Minneapolis","MN","Midwest Podiatry Centers - Plymouth","2805 Campus Dr #225","55441",45.0108035,-93.4541244
"55443","Minneapolis","MN","MedExpress Urgent Care","7658 Brooklyn Blvd.","55443",45.0950968,-93.3557884
"55443","Minneapolis","MN","United Hospital","333 North Smith Avenue","55448",45.10800170066665,-93.3074680868217
"55446","Minneapolis","MN","Park Nicollet Urgent Care Plymouth","4155 County Road 101 N","55446",45.0318265,-93.5085126
"55449","Minneapolis","MN","Sanford Health","not_available","55449",45.194026947021484,-93.22065734863281
"55454","Minneapolis","MN","University Medical Center","420 Delaware St SE","55455",44.972145080566406,-93.23346710205078
"55454","Minneapolis","MN","Emergency Department - West Bank","2312 S 6th St","55454",44.967918395996094,-93.23957824707031
"55604","Grand Marais","MN","Cook County North Shore Hospital","515 5th Ave W","55604",47.756439208984375,-90.3409423828125
"55616","Two Harbors","MN","Lake View Hospital","325 11th Ave","55616",47.030146,-91.666563
"55705","Aurora","MN","White Community Hospital","not_available","55705",47.51784504921804,-92.22921969595066
"55707","Barnum","MN","Essentia Health-Moose Lake","4572 County Road 61","55767",46.441592,-92.774334
"55707","Barnum","MN","Mercy Hospital","4572 Co Rd 61","55767",46.4613179033716,-92.75097012519836
"55707","Barnum","MN","Mercy Hospital","710 S Kenwood Ave","55767",46.44186352257426,-92.77290346423086
"55709","Bovey","MN","Grand Itasca Hospital-Neurology Dept","not_available","55744",47.22335433959961,-93.55487823486328
"55710","Britt","MN","Essentia Health Urgent Care - Virginia","901 9th St N Ste A","55792",47.531375,-92.548692
"55710","Britt","MN","Michelle Oman, DO","5211 Highway 110","55705",47.53147322167531,-92.54968106746674
"55710","Britt","MN","Andrea Simek, CNP","901 9th St N","55792",47.531125510905134,-92.54910707473755
"55710","Britt","MN","Virginia Emergency Room","not_available","55792",47.517269134521484,-92.55145263671875
"55720","Cloquet","MN","Cloquet Memorial Hospital","not_available","55720",46.73123796769961,-92.46227739613846
"55720","Cloquet","MN","Community Memorial Hospital","512 Skyline Blvd","55720",46.731147949898364,-92.46210544284737
"55720","Cloquet","MN","MedExpress Urgent Care","707 Highway 33 S, Suite 19","55720",46.7112749,-92.4628261
"55720","Cloquet","MN","Cloquet Area Fire District","Cloquet Ave","55720",46.721287,-92.458212
"55720","Cloquet","MN","Cloquet Animal Hospital","122 2nd St","55720",46.718779,-92.460926
"55721","Cohasset","MN","Arrowhead Medical Resources","35010 Rolland Rd","55721",47.213291,-93.598439
"55723","Cook","MN","Cook Hospital","not_available","55723",47.85285874510655,-92.6794843608128
"55731","Ely","MN","Ely Bloomenson Community Hospital & Nursing Home","not_available","55731",47.9009763116241,-91.87103385478177
"55746","Hibbing","MN","Fairview University Medical Center Mesabi","750 E 34th St","55746",47.409338080228025,-92.9296442435663
"55802","Duluth","MN","Essentia Health","400 E 3rd St","55805",46.7932905427227,-92.09559156866884
"55802","Duluth","MN","Essentia Health-St. Mary's Medical Center","407 E 3rd St","55805",46.793348344700235,-92.09609131173777
"55802","Duluth","MN","St. Mary's Essentia Health Emergency Room","not_available","54880",46.793330146136164,-92.09696168402475
"55802","Duluth","MN","Essentia Health Stat Doc","not_available","55805",46.793594,-92.09574
"55802","Duluth","MN","St. Luke's Emergency Room and Trauma Center","915 E 1st St","55805",46.796956,-92.08788
"55802","Duluth","MN","Essentia Health Urgent Care - Duluth","400 E 3rd St Ste A","55805",46.793155350634876,-92.09566919209364
"55802","Duluth","MN","Essentia - 516 Building","516 E 4th St","55805",46.794616,-92.095527
"55802","Duluth","MN","Essentia Health Convenient Care-Superior","2202 E 2nd St Ste 377","54880",46.707231,-92.047955
"55802","Duluth","MN","St. Luke's MRI","930 E 2nd St","55805",46.796956,-92.08788
"55802","Duluth","MN","Essentia Health St. Mary's-Heart & Vascular Center","407 E 3rd St Fl 3","55805",46.79358293375363,-92.09663833731953
"55802","Duluth","MN","St. Luke's Emergency Department","1012 E 2nd St Bldg A Fl 2","55805",46.7978558,-92.0869604
"55803","Duluth","MN","Emily Schueller, PA-C","4855 W Arrowhead Rd","55811",46.82302672693976,-92.19161878070734
"55805","Duluth","MN","Saint Marys Hospital","East 4th st","not_available",46.80015405330726,-92.0917406300834
"55806","Duluth","MN","Drug & Alcohol Rehab Duluth","306 W Superior St #1200","55802",46.78373336791992,-92.10208892822266
"55806","Duluth","MN","Essentia Health Urgent Care-West Duluth","4212 Grand Ave Ste A","55807",46.748934000000006,-92.153596
"55807","Duluth","MN","St Eligius","7700 Grand Ave","55807",46.721544,-92.193076
"55807","Duluth","MN","Denfeld Medical Center","4702 Grand Ave","55807",46.744329,-92.160306
"55810","Duluth","MN","Paul Davis Emergency Service of Duluth MN","2524 Maple Grove Rd","55811",46.80749145161239,-92.17220306396483
"55811","Duluth","MN","QCare St. Luke's Express Clinic","Central Entrance","55811",46.80177573243705,-92.14466759651269
"55811","Duluth","MN","MedExpress Urgent Care","501 W. Central Entrance","55811",46.8012235,-92.1433191
"55811","Duluth","MN","Essentia Health Orthopedic Urgent Care-Duluth","1301 Miller Trunk Hwy","55811",46.80506896972656,-92.15432739257812
"55812","Duluth","MN","John Styliaras Neurosurgeon","1012 East 2nd Street level 4","55805",46.7980569,-92.08691759999999
"55901","Rochester","MN","Joseph Building - Saint Marys Hospital","2nd St. SW","55902",44.021161293812845,-92.48225932062206
"55901","Rochester","MN","Mary Brigh Building - Saint Mary's Hospital - Mayo Clinic","2nd Street SW","55902",44.02056038602253,-92.48305340553152
"55901","Rochester","MN","Gonda Subway","not_available","55902",44.022706,-92.466823
"55901","Rochester","MN","Rochester Methodist Hospital - Mayo Clinic","201 W Center St","55902",44.0240287174204,-92.4663316608
"55901","Rochester","MN","Interventional Radiology Outpatient MRI Center","Mays Clinic- 4th Floor","55902",44.022693,-92.466195
"55901","Rochester","MN","Olmsted Medical Center Northwest Clinic","5067 55th St NW","55901",44.07999641124077,-92.54033411929366
"55901","Rochester","MN","Emergency Room - Saint Marys Hospital","1216 2nd St SW","55902",44.020951834156676,-92.48229813301519
"55902","Rochester","MN","omc","9th St SE, Rochester, MN 55904","55904",44.01194883975295,-92.46096747782185
"55902","Rochester","MN","Pediatric Neurology","Mayo Clinic","55902",44.019364,-92.463351
"55904","Rochester","MN","Mayo 8-Neuro Surgery","2nd Ave SW","not_available",44.01101038354514,-92.45770305943353
"55906","Rochester","MN","Interventional Radiology 4th Floor","Mays Clinic","55902",44.022902,-92.466388
"55906","Rochester","MN","Infusion Therapy Mayo Clinic","Carlton Lobby","55904",44.02154157060491,-92.4673086445498
"55906","Rochester","MN","Mayo East 5","Mayo Building","55902",44.022087,-92.466171
"55906","Rochester","MN","Respira Airway, Snoring and TMJ","2210 N. Broadway","55906",44.0461904,-92.4566673
"55912","Austin","MN","Mayo Clinic Health System-Express Care","not_available","55912",43.682955,-92.990836
"55932","Elgin","MN","Elgin City Ambulance","not_available","55932",44.130251,-92.250224
"55947","La Crescent","MN","Gundersen Health System","1900 South Ave","54601",43.794914590716175,-91.24796711440518
"55947","La Crescent","MN","Gunderson Lutheran Medical Center 3rd floor hallway","not_available","54601",43.79396066691446,-91.2474785597577
"55947","La Crescent","MN","Hilton Medical Supply","500 3rd St S","54601",43.808372999999996,-91.25394399999999
"55947","La Crescent","MN","Gundersen Lutheran Medical Center Pharmacy","South Ave","54601",43.80555514261308,-91.24665178792496
"55960","Oronoco","MN","MedExpress Urgent Care","5507 Chateau Rd NW","55901",44.0797455,-92.5146371
"55964","Plainview","MN","Plainview Ambulance","110 3rd St SW","55964",44.163603,-92.170169
"55981","Wabasha","MN","St. Elizabeth's Medical Center","1200 Grant Blvd W","55981",44.38794590960595,-92.04728328000739
"55981","Wabasha","MN","St. Elizabeth's Medical Center - Emergency Room","1200 5th Grant Boulevard W","55981",44.38748,-92.04752
"55987","Winona","MN","winona area ambulance","not_available","55987",44.05508804321289,-91.63768768310547
"55987","Winona","MN","Community Memorial Hospital","855 Mankato Ave","55987",44.03276900657196,-91.62348077187741
"55987","Winona","MN","Winona Health - Urgent Care Clinic","420 E Sarnia St","55987",44.04063415527344,-91.6313247680664
"56001","Mankato","MN","Mayo Clinic Health System","1025 Marsh St","56001",44.163859522881914,-93.98334056138987
"56001","Mankato","MN","wing 3200","not_available","56001",44.157942,-93.979114
"56001","Mankato","MN","BioLife Plasma Services","35 Teton Ln.","56001",44.169957316238026,-93.96065112160808
"56001","Mankato","MN","Mayo Clinic Store","1400 Madison Ave Ste 100A","56001",44.169047,-93.97163
"56001","Mankato","MN","Ophthalmology Associates & LASIK Center of Mankato","1630 Adams St","56001",44.1705023,-93.962855
"56001","Mankato","MN","MedExpress Urgent Care","921 Madison Ave, Ste 102","56001",44.1665639522697,-93.98122429847717
"56007","Albert Lea","MN","Mayo Clinic Health System","404 W Fountain St","56007",43.6524503,-93.37275
"56007","Albert Lea","MN","Albert Lea Medical Center","500-598 Center Ave S","56007",43.56908838333333,-93.27962958333333
"56011","Belle Plaine","MN","Ridgeview Clinic-Belle Plaine","165 W Commerce Dr","56011",44.61441421508789,-93.7707748413086
"56013","Blue Earth","MN","United Hospital District","515 S Moore St","56013",43.633826,-94.10013599999999
"56031","Fairmont","MN","Fairmont Community Hospital","800 Clinic Cir","56031",43.63859176635742,-94.450439453125
"56031","Fairmont","MN","United Hospital District - Fairmont Clinic","221 E 1st St","56031",43.65331,-94.4597
"56031","Fairmont","MN","Center for Specialty Care","717 S State St Suite 900","56031",43.646808,-94.446047
"56050","Kasota","MN","Bartlett Hall","not_available","56082",44.30335817830922,-93.97973878638953
"56050","Kasota","MN","Minnesota Security Hospital","Freeman Dr.","56082",44.307199738883014,-93.9814576152459
"56058","Le Sueur","MN","River's Edge Hospital & Clinic","1900 North Sunrise Drive St.","56082",44.34916627017485,-93.97308322286395
"56062","Madelia","MN","Madelia Community Hospital","121 Drew Ave SE","56062",44.048772,-94.409805
"56071","New Prague","MN","Queen Of Peace Hospital","302 Church Ave N","56071",44.54608427653164,-93.57487839871315
"56071","New Prague","MN","Mayo Clinic Health System","301 2nd St NE","56071",44.54622268676758,-93.5748291015625
"56072","New Richland","MN","Mayo clinic-new richland","not_available","56072",43.89262771606445,-93.4974136352539
"56073","New Ulm","MN","New Ulm Medical Center","1324 5th St N","56073",44.31342247677396,-94.47655353005092
"56073","New Ulm","MN","Corner Home Medical","125 N Minnesota St","56073",44.314785,-94.461065
"56085","Sleepy Eye","MN","Sleepy Eye Medical Center","not_available","56085",44.29921227098838,-94.72828077341052
"56093","Waseca","MN","Waseca Medical Center","501 State St N","56093",44.08160690941303,-93.50788940073195
"56097","Wells","MN","United Hospital District - Wells Clinic","55 1st St SE","56097",43.7442794,-93.7247075
"56101","Windom","MN","Windom Area Hospital","2150 Hospital Dr","56101",43.879257,-95.11305
"56101","Windom","MN","Sogge Memorial Good Samaritan Center","not_available","56101",43.86085510253906,-95.1225814819336
"56123","Currie","MN","Rumah Sakit Harapan","Jalan Purworejo Magelang","56123",44.094273698427166,-95.58547496795654
"56136","Hendricks","MN","Hendricks Community Hospital","not_available","56136",44.50533676147461,-96.419189453125
"56142","Ivanhoe","MN","Ivanhoe Ambulance","312 E George St","56142",44.458641,-96.243034
"56143","Jackson","MN","Sanford Jackson Medical Center","1430 N. Highway","56143",43.6243188,-95.0043211
"56156","Luverne","MN","Sanford Luverne Medical Center","1600 N Kniss Ave","56156",43.6725157,-96.210809
"56164","Pipestone","MN","Pipestone County Medical Center & Family Clinic Avera","916 4th Ave SW","56164",43.990980531764386,-96.32267872542491
"56164","Pipestone","MN","Pipestone Hospital","920-998 4th Ave SW","56164",43.9911951710096,-96.32317580068091
"56172","Slayton","MN","Slayton Hospital","2042 Juniper Ave","56172",43.992252349853516,-95.7598876953125
"56175","Tracy","MN","Sanford Tracy Medical Center","not_available","56175",44.232944,-95.60736
"56175","Tracy","MN","Sanford Tracy Medical Center","249 5th St E","56175",44.23228104368803,-95.60739010455052
"56178","Tyler","MN","Avera Tyler Hospital","240 Willow St","56178",44.27196934041016,-96.13025807031681
"56183","Westbrook","MN","Sanford Westbrook Emergency Services","920 Bell Ave","56183",44.045315216163864,-95.43930854232786
"56186","Woodstock","MN","New Life Treatment Center","908 1st Ave","not_available",44.00892058341872,-96.10025916930736
"56187","Worthington","MN","Sanford Worthington Medical Center","1018 6th Ave","56187",43.6222438,-95.598851
"56187","Worthington","MN","Acute Care","not_available","56187",43.622100830078125,-95.59798431396484
"56201","Willmar","MN","Rice Care Center","not_available","56201",45.110227,-95.06783100000001
"56201","Willmar","MN","CABHS","1701 Technology Dr NE","56201",45.142489000000005,-95.019666
"56201","Willmar","MN","Rice Memorial Hospital","301 Becker Ave SW","56201",45.11999227733756,-95.04572868347168
"56218","Boyd","MN","Johnson Memorial Health Svc","115 3rd St","56218",44.846943,-95.903406
"56220","Canby","MN","Sanford Canby Medical Center: Emergency Services","112 Saint Olaf Ave S","56220",44.707810806353315,-96.27854778194438
"56232","Dawson","MN","Johnson Memorial Health Services","1282 Walnut St","56232",44.931209564208984,-96.0665512084961
"56232","Dawson","MN","Madison Hospital","not_available","56256",45.0171524250187,-96.18792041228922
"56236","Dumont","MN","Essentia Health-Graceville Clinic","115 W 2nd St","56240",45.56343622,-96.43379863
"56241","Granite Falls","MN","Granite Falls Municipal Hospital","345 10th Ave","56241",44.80848693847656,-95.54319763183594
"56244","Hancock","MN","scmc","not_available","56267",45.58497656241842,-95.90482860375401
"56258","Marshall","MN","Avera Marshall Regional Medical Center","311 S Bruce St","56258",44.4474993,-95.7773926
"56258","Marshall","MN","North Memorial Ambulance","not_available","56258",44.446625,-95.789059
"56258","Marshall","MN","Avera Marshall Regional Medical Center","Bruce Street","56258",44.44866525324151,-95.77801506597038
"56278","Ortonville","MN","Milbank Area Hospital","not_available","57252",45.22225570678711,-96.6263427734375
"56278","Ortonville","MN","Sanford Children's Hospital","300 North 7th St","58501",45.31545670854741,-96.44627781466261
"56278","Ortonville","MN","Sanford Health Advanced Reproductive Laboratory","1075 Roy St","56278",45.31776118,-96.44812108
"56278","Ortonville","MN","Milbank Area Health Care Campus","301 Flynn Dr","57252",45.221710205078125,-96.61933135986328
"56278","Ortonville","MN","Northside Medical Clinic","450 Eastvold Ave","56278",45.315277099609375,-96.44568634033203
"56285","Sacred Heart","MN","Sacred Heart Medical Group at Gulf Shores","1700 W 2nd St","36542",44.78698273269203,-95.34881830215453
"56285","Sacred Heart","MN","Ascension Medical Group Sacred Heart at Bluewater Bay","4586 Florida 20","32578",44.78765281232447,-95.34950494766235
"56285","Sacred Heart","MN","Sacred Heart Medical Group at Downtown Pensacola","151 W Main St","32502",44.78622126912213,-95.34826040267944
"56285","Sacred Heart","MN","Sacred Heart Medical Group at Gulf Breeze","2569 Gulf Breeze Pkwy","32563",44.786586772889265,-95.3464150428772
"56285","Sacred Heart","MN","Ascension Medical Group Sacred Heart at Mobile Highway","4929 Mobile Hwy","32506",44.78637356263971,-95.34727334976196
"56285","Sacred Heart","MN","Sacred Heart Medical Group at Freeport","281 Florida 20","32439",44.78643447993421,-95.34710168838501
"56285","Sacred Heart","MN","Sacred Heart Sports Medicine","4521 N Davis Hwy","32503",44.78616035160263,-95.34770250320435
"56285","Sacred Heart","MN","Ascension Medical Group Sacred Heart at Destin","36500 Emerald Coast Pkwy","32541",44.785810074617785,-95.34601807594298
"56285","Sacred Heart","MN","Ascension Medical Group Sacred Heart at Spanish Trail","4313 Spanish Trl","32504",44.78679998235134,-95.34984827041626
"56285","Sacred Heart","MN","Ascension Medical Group Sacred Heart at Pace","3754 U.S. 90","32571",44.78637356263971,-95.34667253494263
"56285","Sacred Heart","MN","Ascension Medical Group Sacred Heart at Apalachicola","55 Avenue E","32320",44.78655631433041,-95.3447413444519
"56285","Sacred Heart","MN","Sacred Heart Medical Park at Tiger Point","4033 Gulf Breeze Pkwy","32563",44.78661723143206,-95.3478741645813
"56285","Sacred Heart","MN","Sacred Heart Medical Group at Mack Bayou","23 Mack Bayou Loop","32459",44.78655631433041,-95.34740209579468
"56288","Spicer","MN","Total Health And Healing Center","Hampton Green NW #101","55433",45.2335883033054,-94.93838667869568
"56296","Wheaton","MN","Sanford Ambulance and Training Center","not_available","56296",45.808407607696346,-96.50085670396734
"56296","Wheaton","MN","Sanford Wheaton Emergency Services","400 13th St. N.","56296",45.80907282,-96.50125525
"56301","Saint Cloud","MN","Corner Home Medical","2958 W Division St","56301",45.553043365478516,-94.19417572021484
"56301","Saint Cloud","MN","419 Hemp","25113 21st ave","56301",45.48777617,-94.1547555
"56301","Saint Cloud","MN","BioLife Plasma Services","351 10th Avenue South","56387",45.546509610414525,-94.23035076464797
"56303","Saint Cloud","MN","St. Cloud Hospital","1406 6th Ave N","56303",45.575191035429214,-94.169315600347
"56303","Saint Cloud","MN","Kelly's Birthing Room","not_available","56304",45.57260036787588,-94.16132979438923
"56303","Saint Cloud","MN","VA Medical Center weight room","not_available","56303",45.566927940068396,-94.2165612630341
"56303","Saint Cloud","MN","St. Cloud Hospital Surgery/OR's","1406 6th Ave N, St Cloud, MN 56303","56303",45.57530212402344,-94.16918182373047
"56303","Saint Cloud","MN","Centra Care Heart and Vascular Center","not_available","56379",45.57470958307813,-94.16933559496272
"56303","Saint Cloud","MN","CentaCare - Heartland","1520 Whitney Ct","56303",45.578373,-94.17866500000001
"56303","Saint Cloud","MN","St. Cloud VA Health Care System","4801 Veterans Dr","56303",45.57439903249587,-94.20998801383688
"56304","Saint Cloud","MN","Rural AIDS Action Network","300 E Saint Germain St #220","56304",45.564457,-94.15257700000001
"56307","Albany","MN","Albany hospital","not_available","56307",45.62072400338715,-94.56707274695928
"56308","Alexandria","MN","Community Behavioral Health Hospital","1610 8th Ave E","56308",45.882554,-95.35404399999999
"56308","Alexandria","MN","Douglas County Hospital","1600 Broadway St","56308",45.87376039942537,-95.37588142712596
"56308","Alexandria","MN","Douglas County Hospital ER","111 17th Ave E, Alexandria, MN 56308","56308",45.87376022338867,-95.37610626220703
"56308","Alexandria","MN","midway medical clinic","not_available","56308",45.862606048583984,-95.37896728515625
"56308","Alexandria","MN","Vance Thompson â€"" Alexandria (Vance Thompson – Alexandria)","1501 Hawthorne Street","56308",45.875044,-95.3757011
"56308","Alexandria","MN","Vance Thompson Vision","2600 Jefferson St","56308",45.875044,-95.3757011
"56309","Ashby","MN","Evansville Care Center","649 State St NW","56326",46.00767517089844,-95.6967544555664
"56330","Foreston","MN","A New Story Birth Center","16802 145th Ave","56353",45.79001842,-93.70699531
"56345","Little Falls","MN","St Gabriels Hospital","815 2nd St SE","56345",45.966886,-94.362588
"56353","Milaca","MN","Fairview Milaca","not_available","56353",45.76342265075338,-93.65380400012113
"56362","Paynesville","MN","Paynesville Area Health Care System","200 W 1st St","56362",45.37429750368218,-94.71519980112309
"56362","Paynesville","MN","Emergency Room","not_available","56362",45.374332,-94.71601
"56367","Rice","MN","Rodan & Fields Consultant","9856 W Lake Ct","56367",45.712966946758186,-94.17978286743163
"56401","Brainerd","MN","Essentia Health-St. Joseph's Medical Center","523 N 3rd St","56401",46.36221314281864,-94.2056549422759
"56401","Brainerd","MN","Cuyuna Regional Medical Center","320 E Main St","56441",46.48200645521784,-93.94523391284534
"56401","Brainerd","MN","Captains Throne","not_available","56401",46.39606536062478,-94.37445305283919
"56401","Brainerd","MN","Community Behavioral Health Hospital","Grand Oaks Dr","56425",46.359179,-94.257571
"56401","Brainerd","MN","Gillette Children's Specialty Healthcare","15860 Audubon Way","56401",46.38263669,-94.25359386
"56401","Brainerd","MN","Skin Deep Aesthetics","714 SW 4th St","33004",46.349390052972694,-94.21257519730716
"56401","Brainerd","MN","CARE Brainerd","11600 State Ave","56401",46.35425,-94.152987
"56470","Park Rapids","MN","CHI St. Joseph's Health","600 Pleasant Ave S","56470",46.916393,-95.062447
"56470","Park Rapids","MN","St. Josephs Hospital","not_available","56470",46.92496905134444,-95.06198976384314
"56470","Park Rapids","MN","Essentia Health Walk-in Care-Park Rapids","705 Pleasant Ave S Ste A","56470",46.915623842958844,-95.06197214126587
"56470","Park Rapids","MN","Essentia Health Walk-in Care-Park Rapids Hwy 34","1103 1st Street E","56470",46.92307207985006,-95.0390598186641
"56481","Verndale","MN","TriCounty Hospital","415 Jefferson St N, Wadena, MN 56482","56482",46.446842193603516,-95.13322448730469
"56481","Verndale","MN","Tri-County Health Care","415 Jefferson St N","56482",46.4468419,-95.133226
"56501","Detroit Lakes","MN","Oak Crossing","not_available","56501",46.813274195479785,-95.8442914173621
"56501","Detroit Lakes","MN","St. Mary's Emergency Room","1050-1098 Lincoln Ave","56501",46.814621785807006,-95.8441312403439
"56501","Detroit Lakes","MN","St. Mary's Essentia Health","1047 Washington ave","56501",46.81504188427889,-95.84354477312613
"56520","Breckenridge","MN","St. Francis Medical Center","2400 St Francis Dr","56520",46.291485192614026,-96.58836847792719
"56529","Dilworth","MN","Sanford Health","1711 Center Ave W","56529",46.87822630073392,-96.72319181486556
"56531","Elbow Lake","MN","prairie ridge health services","not_available","56531",45.994693756103516,-95.96403503417969
"56535","Erskine","MN","Altru Clinic","23076 347th St SE","56535",47.66204833984375,-95.98253631591797
"56537","Fergus Falls","MN","Lake Region Healthcare Corporation","712 S Cascade St","56537",46.27674675323358,-96.07351391823461
"56537","Fergus Falls","MN","Community Behavioral Health Hospital","not_available","56537",46.275594755065924,-96.10578363008082
"56540","Fertile","MN","County EMS","not_available","56540",47.53703072960415,-96.28043071430888
"56540","Fertile","MN","Altru Clinic","101 S Mill St","56540",47.5338020324707,-96.2801742553711
"56542","Fosston","MN","sandford  Fosston","600 Hilligoss Blvd","56542",47.57122039794922,-95.73968505859375
"56542","Fosston","MN","First Care Clinic","not_available","56556",47.57138701666667,-95.7398764
"56542","Fosston","MN","Essentia Health-Fosston Clinic","900 Hilligoss Blvd SE, West Entrance","56542",47.571409493347275,-95.74022206847133
"56542","Fosston","MN","Essentia Health Ambulance","900 Hilligoss Blvd SE","56542",47.571206,-95.739264
"56560","Moorhead","MN","Sanford Southpointe","2400 32nd Ave S","58103",46.83162560839714,-96.81804178125192
"56560","Moorhead","MN","Essentia Health-Fargo","3000 32nd Ave S","58103",46.83138703759731,-96.82952708064056
"56560","Moorhead","MN","VA Hospital","2101 Elm St N","58102",46.90594922325753,-96.77504539489746
"56560","Moorhead","MN","Sanford Hospital","801 Broadway N","58102",46.88468,-96.78773
"56560","Moorhead","MN","Sanford Professional Building","100 4th St. S.","58103",46.8731993,-96.7846432
"56560","Moorhead","MN","Roger Maris Infusion Center","not_available","58102",46.88516977011093,-96.7856817546241
"56560","Moorhead","MN","Essentia Health-32nd Avenue Clinic","3000 32nd Avenue South, North Entrance","58103",46.83333390696647,-96.81935548782349
"56560","Moorhead","MN","Sanford Orthopedic, room 468","not_available","58103",46.85288107574516,-96.79759766615648
"56560","Moorhead","MN","Sanford Moorhead Campus","4000 28th Ave S","56560",46.8500552,-96.7175625
"56560","Moorhead","MN","Physicians Vein Clinics - Fargo/Moorhead","819 30th Avenue South","56560",46.8433702,-96.76688019999999
"56560","Moorhead","MN","UrgentMED","2301 25th St S","58103",46.84356,-96.8208
"56560","Moorhead","MN","Kindred Hospital Fargo","1720 University Dr S","58103",46.85323715209961,-96.79744720458984
"56560","Moorhead","MN","easentia health nicu","3000 32nd Ave S, Fargo, ND 58104","58104",46.83112443580063,-96.82763400174007
"56560","Moorhead","MN","Shanley Nurse's Office","not_available","58104",46.79893413219935,-96.81807488071406
"56560","Moorhead","MN","Essentia Health Cancer Center","1702 South University Drive, Floor LL","58103",46.83328986789469,-96.80464625358582
"56560","Moorhead","MN","Essentia Health","1702 University Dr S","58103",46.85380987835477,-96.79757840248118
"56560","Moorhead","MN","Prairie St John's","510 4th Street South","58103",46.8691927,-96.7849293
"56573","Perham","MN","Perham Memorial Hospital and Home","665 3rd St SW","56573",46.59568786621094,-95.5825424194336
"56573","Perham","MN","Lakes Family Eyecare","222 Market Drive","56573",46.5838653,-95.5722098
"56601","Bemidji","MN","IHS hospital","not_available","56633",47.384494489340874,-94.60917616775048
"56601","Bemidji","MN","Sanford Bemidji Medical Center","1300 Anne St NW","56601",47.5042286,-94.8986027
"56601","Bemidji","MN","Sanford Clinic- Emergency Room","not_available","56601",47.50340075634294,-94.90025869713868
"56601","Bemidji","MN","North Country Health Services","800 Bemidji Ave N","56601",47.476173400878906,-94.87841796875
"56601","Bemidji","MN","Sanford Health","Anne St.","56601",47.502890197790336,-94.89886005188825
"56601","Bemidji","MN","Sanford Bemidji Walk-In Clinic","1611 Anne St NW","56601",47.5056087,-94.9033229
"56601","Bemidji","MN","MedExpress Urgent Care","2317 Bemidji Ave N","56601",47.49146774615738,-94.88038122653961
"56601","Bemidji","MN","Sanford AirMed","3317 Gillett Dr NW","56601",47.50437079,-94.93026248
"56621","Bagley","MN","Sanford Bagley Medical Center","203 4th St NW","56621",47.526178,-95.402055
"56621","Bagley","MN","Sanford Health Bagley","not_available","56621",47.526273899789345,-95.40170095290516
"56623","Baudette","MN","Rainy River Health Centre","115 4th Street","P0W 1L0",48.71853,-94.56921
"56623","Baudette","MN","ER Room","not_available","56623",48.708158490851424,-94.60002764991118
"56628","Bigfork","MN","Bigfork Valley","258 Pine Tree Dr.","56628",47.747371673583984,-93.6460189819336
"56628","Bigfork","MN","KKH Delivery Suite Room 18","Kg Java Rd","56628",47.739674,-93.674475
"56629","Birchdale","MN","Emo Hospital","Front Street","P0W 1E0",48.63133447410468,-93.84133100509644
"56636","Deer River","MN","Essentia Health-Deer River","115 10th Ave NE","56636",47.34415054321289,-93.79277801513672
"56649","International Falls","MN","Riverside Health Care Facilities","110 Victoria Avenue","not_available",48.60733045587256,-93.39002257298898
"56649","International Falls","MN","Rainy lake medical center","not_available","56649",48.59525501005466,-93.42120936571791
"56649","International Falls","MN","Essentia Health-International Falls Clinic","2501 Keenan Dr Ste A","56649",48.58635255692763,-93.4370624474386
"56649","International Falls","MN","Rainy Lake Medical Center","1400 Highway 71","56649",48.594689,-93.431719
"56671","Redlake","MN","Red Lake IHS Hospital","not_available","56671",47.87760985867795,-95.02884584542592
"56673","Roosevelt","MN","Altru Clinic","412 North Main Ave","56763",48.9094101,-95.3182393
"56686","Williams","MN","harrison emergency Room","Myhre, MN","56686",48.76315262484734,-94.93645972253958
"56701","Thief River Falls","MN","Prairie Ridge Care Center","1005 7th St NE","51041",48.0911416,-96.1954341
"56701","Thief River Falls","MN","Sanford Health Hospital","not_available","56701",48.11362556645113,-96.17068989726508
"56701","Thief River Falls","MN","Altru Clinic","1845 Hwy 59 South, Suite 800","56701",48.1098284,-96.1493613
"56701","Thief River Falls","MN","Sanford Health Northwest Medical Center Foundation","120 Labree Ave S","56701",48.11619186401367,-96.17957305908203
"56701","Thief River Falls","MN","Sanford Thief River Falls Medical Center","3001 Sanford Pkwy","56701",48.091005,-96.195252
"56701","Thief River Falls","MN","Truyu Thief River Falls","1845 Highway 59 S Ste 800","56701",48.1098284,-96.1493613
"56714","Badger","MN","Altru Clinic","19120 200th Street","56726",48.691680908203125,-96.17613220214844
"56716","Crookston","MN","Altru Clinic Crookston","not_available","56716",47.77298224817999,-96.61870525045207
"56716","Crookston","MN","Altru Clinic","400 S. Minnesota Street","56716",47.7730134,-96.617547
"56721","East Grand Forks","MN","Altru Family Medicine Residency","725 Hamline St.","58203",47.9263272,-97.0699875
"56721","East Grand Forks","MN","Altru Family Medicine Center","1380 S. Columbia Road","58201",47.907749,-97.068713
"56721","East Grand Forks","MN","Altru Hospital","1200 S. Columbia Road","58201",47.91043963329026,-97.06872988042707
"56721","East Grand Forks","MN","Altru Health System","1200 S Columbia Rd","58201",47.9105352,-97.06811069999999
"56721","East Grand Forks","MN","Altru Emergency Room","not_available","58201",47.911021956980676,-97.06917889498037
"56721","East Grand Forks","MN","Truyu's Vein Therapy","3165 DeMers Ave, Truyu Aesthetic Center","58201",47.91669977259136,-97.07421228289604
"56721","East Grand Forks","MN","Altru's Breast Center","4440 S. Washington St, Altru Professional Center","58201",47.8771668999055,-97.04729426186532
"56721","East Grand Forks","MN","Bethann Nuelle, FNP","1300 S Columbia Rd","58201",47.9105921,-97.0682767
"56721","East Grand Forks","MN","Altru's Interventional Pain Management","4440 S. Washington, Altru Professional Center","58201",47.87682525415524,-97.04694467789523
"56721","East Grand Forks","MN","altru nicu","2100 S Columbia Rd, Grand Forks, ND 58201","58201",47.899452209472656,-97.06735229492188
"56721","East Grand Forks","MN","Altru's Infectious Disease","725 Hamline St, Altru Family Medicine Residency","58203",47.926264153160275,-97.06994193798897
"56728","Hallock","MN","Kittson Memorial Hospital","1010 S Birch Ave","56728",48.767256,-96.939835
"56728","Hallock","MN","Kittson County Volunteer Ambulance Service","not_available","56728",48.77577774279645,-96.9450588673821
"56750","Red Lake Falls","MN","Altru Clinic","312 International Drive","56750",47.876433,-96.278458
"56751","Roseau","MN","Roseau Hospital","not_available","56751",48.8385124206543,-95.76010131835938
"56751","Roseau","MN","Altru Clinic","711 Delmore Drive","56751",48.840189,-95.759935
"56762","Warren","MN","North Valley Health Center","109 S Minnesota St","56762",48.19481467199556,-96.77424310948402
