"zip","city","state","name","address","postalCode","lat","lon"
"35007","Alabaster","AL","Shelby Baptist Medical Center","not_available","35007",33.23845533821843,-86.81594665667242
"35007","Alabaster","AL","shelby baptist diagnostic center","1000 1st St S, Alabaster, AL 35007","35007",33.25254089204341,-86.81375960591318
"35007","Alabaster","AL","Diagnostic Center","Hwy 31","35007",33.253255,-86.81345
"35007","Alabaster","AL","SHAWN POWE, Family Nurse Practitioner","3590B pelham pwky  STE 124","35124",33.26464,-86.811112
"35007","Alabaster","AL","American Family Care","120 Colonial Promenade Pkwy","35007",33.2302054,-86.8025406
"35010","Alexander City","AL","Russell Medical Center","3316 Airport Drive","35010",32.930572,-85.97028527
"35010","Alexander City","AL","Rmc","not_available","35010",32.9312604,-85.9729537
"35016","Arab","AL","Marshal Medical","not_available","35976",34.363794,-86.420655
"35016","Arab","AL","Marshall Medical Center North","Medical Center Ln","35976",34.36512454,-86.42194055
"35016","Arab","AL","hospital","not_available","35016",34.32180404663086,-86.51802062988281
"35019","Baileyton","AL","Josiah Daily","105 Fire Station Rd","35019",34.26266860961914,-86.61395263671875
"35020","Bessemer","AL","Medical West Hospital","995 9th Ave SW","35022",33.3723203,-86.9911534
"35020","Bessemer","AL","VAMC 5 Main","19th St S","35020",33.39578,-86.94153
"35020","Bessemer","AL","GI Lab","not_available","not_available",33.37269594983997,-86.99038619089451
"35020","Bessemer","AL","GoNow Doctors","3029 Allison Bonnett Memorial Dr.","35023",33.450600145869636,-86.97938203811646
"35020","Bessemer","AL","UAB Spain-Wallace","7th Ave","35020",33.44155,-86.95115
"35020","Bessemer","AL","American CareSource Hueytown","3029 Allison Bonnett Memorial Dr","35023",33.45072937011719,-86.97937774658203
"35020","Bessemer","AL","ICT11","not_available","35022",33.375524533944734,-86.97948936317941
"35020","Bessemer","AL","NorthStar Paramedic Service","2212 19th St N","35020",33.416468,-86.977949
"35022","Bessemer","AL","Iag","not_available","35023",33.421692,-87.032964
"35022","Bessemer","AL","Middle Creek Medical Center/Urgent Care","4917 Promenade Pkwy","35022",33.33382034301758,-86.99230194091797
"35022","Bessemer","AL","American Family Care","5911 Harris Lane","35022",33.33544921875,-86.99462890625
"35022","Bessemer","AL","Brookwood Medical Center Pharmacy","not_available","35209",33.40487938542921,-87.02448263709117
"35031","Blountsville","AL","huntsville hospital","not_available","35031",34.17192459106445,-86.52275085449219
"35034","Brent","AL","Bibb County Nursing Home","not_available","35042",32.95214803816165,-87.14790716495231
"35040","Calera","AL","American Family Care Calera","72 County Road 304","35040",33.1455205,-86.7472463
"35043","Chelsea","AL","onmark physial theraphy","153 Narrows Parkway, Ste 101","35043",33.370662689208984,-86.66362762451172
"35043","Chelsea","AL","OrthoExpress","104 Chelsea Point Dr","35043",33.350653354629074,-86.62090677546308
"35043","Chelsea","AL","Child'sPlay Therapy Center","48 Chesser Crane Road","35043",33.34335310000001,-86.63135559999999
"35044","Childersburg","AL","Mainstreet Family Urgent Care","not_available","35150",33.175644,-86.292223
"35045","Clanton","AL","Urgent Care","1210 7th St S","35045",32.82081985473633,-86.61263275146484
"35045","Clanton","AL","Chilton Family Medicine","107 Health Center Dr","35045",32.85615158081055,-86.623779296875
"35045","Clanton","AL","Lee Helms Associates,  L.L.C.","236 Town Mart","35045",32.831077575683594,-86.62644958496094
"35045","Clanton","AL","St. Vincent's Chilton","2030 Lay Dam Rd","35045",32.8774299621582,-86.62307739257812
"35049","Cleveland","AL","St. Vincent's Family Care - Cleveland","6945 County Highway 1","35049",33.987060546875,-86.57685852050781
"35055","Cullman","AL","Andrews Sports Medicine & Orthopaedic Center - Cullman","1301- A Bridge Creek Drive NE","35055",34.1963585,-86.8302216
"35055","Cullman","AL","Internal Medicine And Pediatrics Cullman Reginal Medical Center","not_available","35058",34.200667648094,-86.80645728253937
"35055","Cullman","AL","CRMC","Hwy 157","35058",34.20137008191492,-86.80575347485919
"35055","Cullman","AL","Cullman Urgent Care","1707 Main Ave SW","35055",34.15850674081323,-86.84864044189453
"35055","Cullman","AL","sanctuary at the woodlands","not_available","35055",34.13985824584961,-86.80779266357422
"35055","Cullman","AL","American Family Care","1841 Cherokee Avenue Southwest","35055",34.14666,-86.84596
"35055","Cullman","AL","Cullman Regional Medical Center","1912 AL Highway 157","35058",34.19993886187946,-86.8059832314795
"35055","Cullman","AL","Cullman Spine & Orthopedics","1300 BRIDGECREEK DR NE STE#B","35055",34.17591,-86.84395
"35055","Cullman","AL","Sanctuary at the Woodlands","1910 Cherokee Ave SW","35055",34.150914424290676,-86.84542790812792
"35062","Dora","AL","Central Alabama Urgent Care","2371 Highway 78 Ste B","35062",33.75826852733511,-87.06507325172424
"35062","Dora","AL","Priceless House of Speedy Survival","Bed","35062",33.730817,-87.02876
"35064","Fairfield","AL","American Family Care","6554 Aaron Aronov Drive","35064",33.471954345703125,-86.92098236083984
"35064","Fairfield","AL","American Family Care Flintridge","6554 Aaron Aronov Dr","35064",33.47194,-86.92097
"35064","Fairfield","AL","childrens hospital","not_available","35212",33.459161467728464,-86.93628331991175
"35068","Fultondale","AL","Community Urgent Care of Fultondale","3477 Lowery Pkwy Ste 145","35068",33.605716705322266,-86.80624389648438
"35068","Fultondale","AL","Southeast Urgent Care","339 Walker Chapel Plz Ste 115","35068",33.61097509684767,-86.7976884227824
"35068","Fultondale","AL","Urgent Care Fdale","not_available","35068",33.61132464863166,-86.79783432415212
"35071","Gardendale","AL","Gardendale surgical center","2213 Decatur Hwy","35071",33.67604064941406,-86.81820678710938
"35071","Gardendale","AL","American Family Care","919 Odum Road","35071",33.64883,-86.82524
"35071","Gardendale","AL","St. Vincent's Primary Care - Gardendale","2217 Decatur Hwy","35071",33.6602995418136,-86.81212484836578
"35079","Hayden","AL","St. Vincent's Primary Care - Locust Fork","29829 Alabama 79","35097",33.84475621147173,-86.61786317825317
"35079","Hayden","AL","Urgent Care South","143 White Oak Trl","35180",33.85124588012695,-86.82637786865234
"35094","Leeds","AL","St  Vincent's East","not_available","35210",33.56907982886661,-86.63887619459582
"35094","Leeds","AL","St. Vincent's Primary Care - Morgan Road","2910 Morgan Rd","35022",33.46614006949795,-86.55888743698597
"35094","Leeds","AL","Trinity Medical Center","not_available","35094",33.54513326975317,-86.57946922084842
"35096","Lincoln","AL","Talladega Infield Medical","not_available","35096",33.569596,-86.069193
"35121","Oneonta","AL","St Vincents Blount ER","not_available","35121",33.94620895385742,-86.47896575927734
"35121","Oneonta","AL","A-Med Ambulance Service (Station 1)","County Highway 41","35952",34.029698916486325,-86.319357
"35121","Oneonta","AL","St Vincent's Primary Care - Oneonta","150 Gilbreath Dr","35121",33.9300796,-86.4940189
"35121","Oneonta","AL","St. Vincent's Home Health and Hospice - Blount","1103 2nd Ave E","35121",33.9579321,-86.4630745
"35124","Pelham","AL","Encompass Health Rehabilitation Hospital of Shelby County","900 Oak Mountain Commons Lane","35124",33.2833,-86.79881
"35124","Pelham","AL","Urgent Care, PC Pelham","3143 Pelham Pkwy","35124",33.288942,-86.81007
"35124","Pelham","AL","St. Vincent's South Tower","not_available","35244",33.3780172847801,-86.8029896438656
"35124","Pelham","AL","Riverchase Urgent Care","1924 Montgomery Hwy S","35244",33.349815368652344,-86.79548645019531
"35124","Pelham","AL","American Family Care","2970 Pelham Parkway","35124",33.29757,-86.81115
"35124","Pelham","AL","St. Vincent's Primary Care - Hoover","1870 Chace Dr","35244",33.36991500854492,-86.80159759521484
"35125","Pell City","AL","St. Vincent's St. Clair","7063 Veterans Pkwy","35125",33.60428490974198,-86.30191352250775
"35125","Pell City","AL","St. Vincent's Advanced Wound Center - St. Clair","7067 Veterans Pkwy","35125",33.60450744628906,-86.28778839111328
"35125","Pell City","AL","St. Vincent&#39;s St. Clair Hospital","2805 Doctor John Haynes Drive","35125",33.60511216472568,-86.27727224457595
"35125","Pell City","AL","Kindred at Home","614 Martin St N","35125",33.59479681,-86.28260283
"35125","Pell City","AL","St. Vincent's St. Clair Tree Lighting Ceremony","not_available","35125",33.60466122572945,-86.30070456759725
"35125","Pell City","AL","Alabama Podiatry","4109 Cogswell Avenue","35125",33.592369,-86.257348
"35125","Pell City","AL","American Family Care","20 Hazelwood Dr","35125",33.611426,-86.282321
"35126","Pinson","AL","St. Vincent’s Trussville","7201 Happy Hollow Rd","35173",33.65813446044922,-86.58029174804688
"35126","Pinson","AL","the asylum","not_available","35126",33.69029998779297,-86.67904663085938
"35146","Springville","AL","GoNow Doctors","110 Legacy Park Way","35146",33.76670837402344,-86.46009826660156
"35150","Sylacauga","AL","Coosa Valley Medical Center","315 W Hickory St","35150",33.1644466,-86.2552042
"35160","Talladega","AL","Citizens Baptist Medical Center","604 Stone Ave","35160",33.44011985670894,-86.09021132057941
"35160","Talladega","AL","Mainstreet Family Care - Talladega","not_available","35160",33.438572,-86.08418
"35173","Trussville","AL","American Family Care","5892 Trussville Crossings Parkway","35235",33.65265,-86.63624
"35173","Trussville","AL","St. Vincent's Primary Care - Northside Medical Associates","3536 Vann Rd","35173",33.6065692,-86.63256659999999
"35173","Trussville","AL","American Family Care Trussville","5892 Trussville Crossings Pkwy","35235",33.640955,-86.62619
"35173","Trussville","AL","Alabama Podiatry","1976 Gadsden Highway Suite 101","35235",33.6115438,-86.6263483
"35173","Trussville","AL","Trussville Urgent Care","not_available","35173",33.611568,-86.626379
"35173","Trussville","AL","EW Motion Therapy - Trussville","183 Main St Suite D","35173",33.6198524,-86.6069629
"35203","Birmingham","AL","Benjamin Russell Hospital for Children","1601 5th Ave N","35203",33.505665916236,-86.80607527550573
"35203","Birmingham","AL","Children's of Alabama - Emergency Department","1601 5th Ave S, Benjamin Russell Building","35233",33.5057258605957,-86.80590057373047
"35203","Birmingham","AL","UAB ER","1802 6th Ave S","35233",33.50703914807104,-86.80368122943324
"35203","Birmingham","AL","Childrens Park Place","not_available","35233",33.5067813426776,-86.80391175577229
"35203","Birmingham","AL","UAB Hospital Planning","2020 University Blvd","35233",33.505475,-86.798232
"35203","Birmingham","AL","UAB Hospital Patient Discharge","7th Ave S","35233",33.50507142963154,-86.80255310607308
"35203","Birmingham","AL","Children's on 3rd","1207 3rd Ave. South","35233",33.50507471652437,-86.81348203930877
"35204","Birmingham","AL","Children's Hospital Emergency Room","5th Ave","not_available",33.501307,-86.841148
"35204","Birmingham","AL","Baptist Princeton Hospital West Wing","not_available","35211",33.49914656387064,-86.845663137117
"35204","Birmingham","AL","Princeton Baptist Medical Center","701 Princeton Ave SW","35211",33.498956646027516,-86.84612379058383
"35204","Birmingham","AL","The Walter G. Hayes M.D. North Tower Bldg","650-842 Princeton Ave SW","35211",33.49915240552667,-86.84588856382807
"35204","Birmingham","AL","Slossfield Community Center","1920 25th Ct. N.","35234",33.54353332519531,-86.82495880126953
"35205","Birmingham","AL","UAB Highlands","1201 11th Ave S","35205",33.4950681700304,-86.80628538489317
"35205","Birmingham","AL","Callahan Eye Foundation Hospital","1720 University Blvd","35233",33.50391401746224,-86.8025658870537
"35205","Birmingham","AL","St. Vincent's Birmingham","810 Saint Vincents Dr","35205",33.50814319447806,-86.78930796423083
"35205","Birmingham","AL","Children's Hospital McWane Building","1600 7th Ave S","35233",33.50367474573009,-86.80548711700507
"35205","Birmingham","AL","Cooper Green Mercy Hospital","1501 6th Ave S","35233",33.503128007612275,-86.80721257700696
"35205","Birmingham","AL","Andrews Sports Medicine XRay","St. Vincents hospital","35205",33.50903435234392,-86.78802250320996
"35205","Birmingham","AL","Saint Vincent's Women's & Children's Hospital","Address: 810 St. Vincent's Drive","35205",33.50842131903379,-86.78959820390544
"35205","Birmingham","AL","EW Motion Therapy - Homewood","3125 Independence Drive Suite 300B","35209",33.47479986757292,-86.78679098012508
"35205","Birmingham","AL","St Vincents Outpatient","2720 University Blvd","35233",33.510196685791016,-86.78873443603516
"35205","Birmingham","AL","St. Vincent's North Tower Imaging","not_available","35205",33.50913455368267,-86.78990116420657
"35205","Birmingham","AL","POD 3 Room 6","11th Ave","35205",33.495016,-86.806036
"35206","Birmingham","AL","American Family Care","9232 Parkway E","35206",33.58712,-86.70045
"35206","Birmingham","AL","SVE 5th Floor","not_available","35235",33.58808517456055,-86.6770248413086
"35207","Birmingham","AL","Carraway Medical Center","1600 Carraway Blvd, Birmingham, AL 35234","35234",33.53717803955078,-86.8110580444336
"35209","Birmingham","AL","Brookwood Medical Center","2010 Brookwood Medical Ctr Dr","35209",33.46356015188317,-86.77670702131445
"35209","Birmingham","AL","Vikon Surgical","2717 19th Street","35209",33.4822883605957,-86.78819274902344
"35209","Birmingham","AL","UAB Highlands POD 3","11th Ave","not_available",33.49678039550781,-86.79974365234375
"35209","Birmingham","AL","Walker Baptist Medical Center","Hwy 118 E","35209",33.472665931858586,-86.80900267616656
"35209","Birmingham","AL","Lakeshore Rehabilitation Hospital","3800 Ridgeway Dr","35209",33.4684537,-86.7858536
"35210","Birmingham","AL","St. Vincent's East","50 Medical Park Dr East","35235",33.59623637829464,-86.66758341004903
"35210","Birmingham","AL","American Family Care","1652 Montclair Road","35210",33.52647,-86.71984
"35210","Birmingham","AL","TrustCare","1337 Montclair Rd","35210",33.521978,-86.729261
"35210","Birmingham","AL","American Family Care Montclair","1652 Montclair Rd","35210",33.5267171,-86.71999009999999
"35210","Birmingham","AL","Birmingham Heart Clinic","100 Pilot Medical Dr","35235",33.601671,-86.66268000000001
"35210","Birmingham","AL","Emergency - St. Vincent's East (Emergency Room - St. Vincent's East)","50 Medical Park Dr E","35235",33.59646,-86.66765
"35211","Birmingham","AL","Ball Healthcare","1020 Tuscaloosa Ave SW","35211",33.496219,-86.848851
"35211","Birmingham","AL","Princeton Hospital ER","800 Tuscaloosa Ave","35211",33.49802326454489,-86.8464496458145
"35211","Birmingham","AL","GRIFFIN PHARMACY","817 Princeton Ave SW Ste 107","35211",33.49884639872554,-86.84743221859729
"35211","Birmingham","AL","Concentra","110 Oxmoor Ct","35209",33.44154739379883,-86.84339904785156
"35213","Birmingham","AL","Trinity Medical Center Diagnostics","not_available","35213",33.51734276858492,-86.74706627749542
"35213","Birmingham","AL","Trinity Medical Center ER","800 Montclair Rd, Birmingham, AL 35213","35213",33.517032623291016,-86.74939727783203
"35213","Birmingham","AL","Trinity school of nursing building","Montclair Road","35213",33.516864520270175,-86.74872109574135
"35214","Birmingham","AL","American Family Care","1664 Forestdale Blvd.","35214",33.57002258300781,-86.90049743652344
"35215","Birmingham","AL","American Family Care Parkway","9772 Parkway E","35215",33.60369,-86.69154
"35216","Birmingham","AL","Children's of Alabama - Pediatric Imaging Center (PIC)","1940 Elmer J Bissell Rd., Children's South","35243",33.41317385843917,-86.76212310791016
"35216","Birmingham","AL","MedCenter Hoover, P.C.","1575 Montgomery Hwy","35216",33.402618408203125,-86.80508422851562
"35216","Birmingham","AL","Child'sPlay Therapy Center","3057 Lorna Road, Suite 220","35216",33.40365219116211,-86.80384063720703
"35216","Birmingham","AL","American Family Care Cahaba Village","3000 Cahaba Village Plz Ste 110","35243",33.460517,-86.7535411
"35216","Birmingham","AL","Urgent Care for Children","520 Montgomery Highway","35216",33.450005,-86.789639
"35216","Birmingham","AL","vida flo","796 Montgomery Hwy Unit P1","35216",33.444192,-86.791642
"35222","Birmingham","AL","St. Vincent's Birmingham Bruno Rehabilitation Center","2700 10th Avenue South","35205",33.507715999999995,-86.78859200000001
"35222","Birmingham","AL","St. Vincent's Neurosurgery Center North Tower","800 Saint Vincents Dr Ste 710","35205",33.508277893066406,-86.78945922851562
"35222","Birmingham","AL","St. Vincent's Birmingham Bruno Cancer Center","2728 10th Ave S","35205",33.50889205932617,-86.78712463378906
"35222","Birmingham","AL","St. Vincent Bldg 1","2660 10th Ave S","35205",33.507118225097656,-86.7879409790039
"35222","Birmingham","AL","Critical Care Pod!","St. Vincent's","35205",33.50656829460285,-86.78933740187232
"35226","Birmingham","AL","Hoover Urgent Care","2503 John Hawkins Pkwy","35244",33.355131,-86.84615500000001
"35226","Birmingham","AL","American Family Care","5569 Grove Boulevard","35226",33.36069869995117,-86.8522720336914
"35226","Birmingham","AL","Medical West Freestanding Emergency Department","5300 Medford Dr","35244",33.35501063859607,-86.8556542877568
"35226","Birmingham","AL","American Family Care","1680 Montgomery Highway","35216",33.39123,-86.8065
"35226","Birmingham","AL","American Family Care The Grove","5569 Grove Blvd #121","35226",33.3599137,-86.8524545
"35234","Birmingham","AL","RHC Norwood Medical Center","not_available","35203",33.526106,-86.8051723
"35242","Birmingham","AL","American Family Care","5410 US-280","35242",33.408253,-86.6645505
"35242","Birmingham","AL","Trinity On 280","not_available","35243",33.423818085141505,-86.71328588192696
"35242","Birmingham","AL","Brookwood Freestanding Emergency Department","7131 Cahaba Valley Rd","35242",33.420927,-86.67004200000001
"35242","Birmingham","AL","St. Vincent's Primary Care - Double Oak","101 Missionary Rdg","35242",33.421723,-86.68701800000001
"35242","Birmingham","AL","Grandview Emergency Department","3690 Grandview Pkwy","35243",33.433292388916016,-86.71762084960938
"35242","Birmingham","AL","American Family Care Greystone","5410 Old Highway 280","35242",33.4184311,-86.6738312
"35242","Birmingham","AL","Grandview Comprehensive Wound Care Center","3686 Grandview Pkwy","35243",33.433375,-86.719104
"35242","Birmingham","AL","Grandview ER","3690 Grandview Parkway","35243",33.433292388916016,-86.71762084960938
"35242","Birmingham","AL","St. Vincent's Primary Care - BIMA","3056 Healthy Way","35243",33.42998504638672,-86.73651123046875
"35242","Birmingham","AL","Urgent Care for Children","500 Cahaba Park Cir #100","35242",33.430782,-86.70648800000001
"35242","Birmingham","AL","American Family Care Corporate Office","3700 Cahaba Beach Rd","35242",33.44028,-86.69768
"35243","Birmingham","AL","Children's South Surgery","1950 Elmer J Bissell Rd","35243",33.41315250119282,-86.76224210497149
"35243","Birmingham","AL","Childrens South MRI","not_available","35216",33.40873718261719,-86.76580047607422
"35243","Birmingham","AL","Gastro Health - Brookwood","513 Brookwood Blvd Ste 401","35209",33.46448,-86.775469
"35244","Birmingham","AL","EW Motion Therapy - Hoover AL","1021 Brock's Gap Pkwy, Suite 115","35244",33.345062255859375,-86.84879302978516
"35244","Birmingham","AL","UAB Medical West Freestanding Emergency Department","Medford Drive","35244",33.34880991156173,-86.86278768270152
"35244","Birmingham","AL","OS1 Sports Injury Clinic","1031 Brocks Gap Pkwy Ste 185","35244",33.34521020806006,-86.84962749481201
"35401","Tuscaloosa","AL","DCH Regional Medical Center","809 University Blvd E","35401",33.2041583,-87.5274955
"35401","Tuscaloosa","AL","DCH Medical Towers","not_available","35401",33.205248131234,-87.5277467431994
"35401","Tuscaloosa","AL","Druid City Regional Medical Center","6th Avenue E","35404",33.204190598206765,-87.52675024683433
"35401","Tuscaloosa","AL","University Medical Center","850 Peter Bryce Blvd","35401-7457",33.2078398,-87.5310823
"35401","Tuscaloosa","AL","EW Motion Therapy - Tuscaloosa","401 22nd Avenue B","35401",33.21137020552141,-87.56576189161461
"35401","Tuscaloosa","AL","Patient Anne's Emergency Room","2nd Floor Crimson Compound","not_available",33.2034,-87.54956
"35401","Tuscaloosa","AL","DCH Cafeteria","not_available","35404",33.204601302634764,-87.52642881970418
"35401","Tuscaloosa","AL","American Family Care Midtown","710 15th St E","35401",33.197961,-87.527151
"35401","Tuscaloosa","AL","DCH ED Front Hall","University Blvd","35401",33.205337265322015,-87.52682536858975
"35401","Tuscaloosa","AL","DCH Northport Radiology","not_available","35476",33.226672,-87.571608
"35404","Tuscaloosa","AL","DCH Portables And Surgery","not_available","35405",33.204773480458115,-87.52657151868314
"35405","Tuscaloosa","AL","American Family Care","9070 Alabama 69","35405",33.1617,-87.5144
"35405","Tuscaloosa","AL","American Family Care Tuscaloosa","9070 Alabama Highway 69 South","35405",33.122659999999996,-87.55143299999999
"35405","Tuscaloosa","AL","Tuscaloosa VA Medical Center","3701 Loop Rd E","35404",33.19018837693272,-87.48819171718847
"35405","Tuscaloosa","AL","Med Center South","5005 Oscar Baxter Dr","35405",33.1662,-87.55229
"35405","Tuscaloosa","AL","Crimson Care Skyland","1771 Skyland Blvd E","35405",33.168209,-87.514583
"35406","Tuscaloosa","AL","DCH Regional Medical Center","University Boulevard","35401",33.225387941672096,-87.52687583917428
"35443","Boligee","AL","Whatley Health Eutaw","not_available","35462",32.839406,-87.886485
"35446","Buhl","AL","DCH Conference Room","not_available","35452",33.245904,-87.667388
"35447","Carrollton","AL","Pickens County Medical Center","241 Robert K Wilson Dr","35447",33.274701833725,-88.0896301567554
"35452","Coker","AL","Old Bryce Hospital","not_available","35475",33.228797778822226,-87.62579868444507
"35462","Eutaw","AL","Hudspeth Regional Center","875 Highway 475 S.","39193",32.92513127949797,-87.94100773163234
"35470","Livingston","AL","MedCenter Demopolis, P.C.","705 US-80","36732",32.49806213378906,-87.8458480834961
"35473","Northport","AL","Northport Urgent Care Center","2810 lurleen wallace blvd","35476",33.235981,-87.577074
"35473","Northport","AL","St.1 Nurses Desk (Glen Haven)","not_available","35473",33.23833402968003,-87.57948817744845
"35473","Northport","AL","North Harbor Pavilion","2700 Hospital Dr","35476",33.23409652709961,-87.5701904296875
"35501","Jasper","AL","Walker Baptist Medical Center","3400 U.S. 78","not_available",33.84234076719597,-87.23593458954609
"35501","Jasper","AL","Fresenius","not_available","35501",33.84458992030893,-87.23507909139337
"35501","Jasper","AL","Walker Regional Medical Center","Viking Dr","35504",33.84324913340866,-87.2365130141495
"35501","Jasper","AL","Urgent Care Northwest","2708 Highway 78 East","not_available",33.843344,-87.244082
"35501","Jasper","AL","Walker Baptist ER","3004 hwy 78 east","not_available",33.843370767904894,-87.23657134228655
"35503","Jasper","AL","Smith Lake Urgent Care","6610 Curry Hwy","35503",33.959381103515625,-87.21343231201172
"35555","Fayette","AL","MedCenter Fayette, P.C.","122 17th Ct NE","35555",33.7100715637207,-87.82173156738281
"35555","Fayette","AL","Baptist Hospital","20 Th Ave N","not_available",33.684268951416016,-87.82394409179688
"35555","Fayette","AL","Fayette Medical Center","1653 Temple Ave N","35555",33.7080266,-87.8242179
"35555","Fayette","AL","YD Home Medical","not_available","35555",33.682725796005855,-87.82927011452644
"35563","Guin","AL","Northwest Medical Center","not_available","35594",33.93003569509764,-87.82410664188303
"35565","Haleyville","AL","Northwest Home Health","42024 Highway 195","35565",34.24199295043945,-87.59117889404297
"35601","Decatur","AL","Decatur General Hospital","1201 7th St SE","35601",34.59047877395926,-86.97128334828905
"35601","Decatur","AL","Decatur Morgan Neurology","1215 7th Street SE Suite 260","35601",34.590839,-86.971149
"35601","Decatur","AL","room 289","not_available","35601",34.57364273071289,-87.01033020019531
"35601","Decatur","AL","American Family Care","2604 US-31","35603",34.5621978,-86.9732404
"35601","Decatur","AL","Decatur Morgan Hospital - Parkway Campus","1874 Beltline Road SW","35603",34.576881408691406,-87.01596069335938
"35601","Decatur","AL","Decatur General Oncology Center","1001-1049 14th Ave SE","35601",34.591388,-86.971188
"35601","Decatur","AL","River Oaks Urgent Care","1813 Beltline Rd SW","35601",34.571827,-87.015292
"35601","Decatur","AL","Mental Health Center Of North Central Alabama Inc","1316 Somerville Rd SE Ste 1","35601",34.5858755,-86.972315
"35601","Decatur","AL","Parkway QuickER","1874 Beltline Rd SW, Decatur, AL 35601","35601",34.576881408691406,-87.01596069335938
"35601","Decatur","AL","Decatur General West","2205 Beltline Rd SW","35601",34.58393859863281,-87.02507781982422
"35601","Decatur","AL","American Family Care Decatur","2604 U.S. 31","35603",34.5598882,-86.9728379
"35601","Decatur","AL","Littlejohn William F DMD MD","2023 Danville Park Dr","35601",34.56554202638211,-87.01959371566771
"35601","Decatur","AL","Decatur EMS","1207 Somerville Rd SE","35601",34.58877182006836,-86.97315216064453
"35611","Athens","AL","Athens-Limestone Hospital","700 W Market St","35611",34.80426732650454,-86.97844352856895
"35611","Athens","AL","Senior Rehab & Recovery Center at Limestone Health Facility","1600 W Hobbs St","35611",34.80572798,-86.99155231
"35611","Athens","AL","American Family Care Athens","1285 US Highway 72 E","35611",34.7854106,-86.94640989999999
"35611","Athens","AL","American Family Care","1285 Highway 72 East","35611",34.79047,-86.98576
"35611","Athens","AL","Oxford Health Care","not_available","35611",34.790504455566406,-86.97882080078125
"35613","Athens","AL","Community Urgent Care Of Madison","30694 Hwy 72 Suite E","35756",34.7469866978976,-86.78652602686792
"35613","Athens","AL","Urgent MedCare","22292 US Highway 72","35613",34.77983093261719,-86.92558288574219
"35619","Danville","AL","Lawrence Urgent Care","not_available","35650",34.47340792947575,-87.27095291311315
"35622","Falkville","AL","County EMS Falkville East Pike Office","East Pike","35622",34.369306279784745,-86.90427305539085
"35630","Florence","AL","North Alabama Medical Center","1701 Veterans Dr","35630",34.804411,-87.65094
"35630","Florence","AL","Room 284","not_available","35630",34.794089,-87.683362
"35630","Florence","AL","Smoke depot","863 Florence blvd","35630",34.80923843383789,-87.66548156738281
"35630","Florence","AL","ECM East","2111 Cloyd Blvd","35630",34.83687,-87.64752
"35630","Florence","AL","Riverbend","635 W College St","35630",34.79478073120117,-87.6844482421875
"35630","Florence","AL","Florence MRI Center","West Alabama Street","35630",34.794559,-87.681976
"35633","Florence","AL","Helen Keller Hospital","1300 S Montgomery Ave","35660",34.746192080386756,-87.69972194261761
"35633","Florence","AL","Charles McGahey","108 Avalon Ave","35661",34.74469342987518,-87.67689408159731
"35633","Florence","AL","Keller EMS","not_available","35660",34.74693934472246,-87.6998085631136
"35633","Florence","AL","Helen Keller Family Suites","not_available","35674",34.744743,-87.702047
"35633","Florence","AL","Shoals Senior Care Center","not_available","35661",34.74690816163254,-87.67600542937488
"35634","Florence","AL","Lauderdale Christian Nursing Home","1923-2409 Lauderdale County 394","35645",34.91453552246094,-87.52892303466797
"35640","Hartselle","AL","The Bloodmobile!","not_available","35640",34.442698858801315,-86.94310147112566
"35640","Hartselle","AL","Hartselle Internal Medicine & Pediatrics","301 Pine Street NW Suite D","35640",34.445309,-86.9371792
"35640","Hartselle","AL","Hartselle Hospital","Sparkman St","35640",34.44609401383462,-86.93727500605954
"35640","Hartselle","AL","Hartselle Urgent Care","1635 us hwy 31","35640",34.460358,-86.9484444
"35650","Moulton","AL","E.R.","Hospital Drive","35650",34.483513,-87.28528
"35653","Russellville","AL","Northwest Home Health Russellville","711 Hospital Dr NE","35653",34.5078726,-87.7286431
"35653","Russellville","AL","Russellville Urgent Care","1-191 Industrial Dr","35654",34.48758984712146,-87.73141882359307
"35653","Russellville","AL","Schofield Medical","16109 Highway 43","35653",34.524662017822266,-87.71503448486328
"35654","Russellville","AL","Terrace Manor","not_available","35653",34.51186136233844,-87.68356433449699
"35741","Brownsboro","AL","Huntsville Hospital Cardiology","Governors Dr","35741",34.71014,-86.5313
"35749","Harvest","AL","American Family Care Madison","7559 Highway 72 W","35758",34.754681,-86.731142
"35749","Harvest","AL","Urgent Care for Children","8490 Hwy 72 W Madison Ste 100","35758",34.749287,-86.769155
"35750","Hazel Green","AL","Urgent Care","not_available","35759",34.87078929977858,-86.57174757545819
"35750","Hazel Green","AL","Urgent Medcare - Meridianville","12287 US-231","35759",34.8707782,-86.5721379
"35750","Hazel Green","AL","Urgent Medcare","Highway 231/431","35759",34.906023982340514,-86.56055964986653
"35750","Hazel Green","AL","urgent care","not_available","35750",34.88380460055671,-86.5694116268813
"35752","Hollywood","AL","Highlands Medical ER","not_available","35768",34.66283416748047,-86.04674530029297
"35756","Madison","AL","Madison Hospital","8372 Hwy. 72","35758",34.74737529029421,-86.76457406585747
"35756","Madison","AL","Bradford","1600 Browns Ferry Rd","35758",34.72424132598809,-86.78341241149099
"35756","Madison","AL","Approxie Urgent Care","101 Ivory Pl","35758",34.678218841552734,-86.7526626586914
"35756","Madison","AL","Surgery Waiting Room","not_available","35758",34.747258,-86.764632
"35756","Madison","AL","Vanderbilt Children's Neurosurgery Madison, AL","460 Lanier Rd Ste 202","35758",34.68654251098633,-86.73747253417969
"35756","Madison","AL","Huntsville Hospital Training Ctr","not_available","35824",34.66697,-86.744475
"35756","Madison","AL","Huntsville Hospital Pediatric Emergency Room","not_available","35801",34.721352571221644,-86.76836839266521
"35756","Madison","AL","Best Friends Animal Hospital","34 Hughes Rd","35758",34.68915414592092,-86.73631104947259
"35758","Madison","AL","American Family Care","7559 Hwy 72 W","35758",34.69581,-86.70351
"35758","Madison","AL","UW Hospital","600 Highland","not_available",34.71368408203125,-86.72128295898438
"35763","Owens Cross Roads","AL","American Family Care","410 Sutton Rd","35763",34.63707,-86.48581
"35763","Owens Cross Roads","AL","American Family Care Hampton Cove","410 Sutton Rd SE","35763",34.659394,-86.48455600000001
"35768","Scottsboro","AL","higlands medical center","not_available","35769",34.63460159301758,-86.05414581298828
"35801","Huntsville","AL","Huntsville Hospital","101 Sivley Rd SW","35801",34.721031834745425,-86.58141053006374
"35801","Huntsville","AL","Huntsville Hospital for Women & Children","245 Governors Dr SE","35801",34.720380336794896,-86.57469034194946
"35801","Huntsville","AL","Blackwell towers outpatient","Sivley suite 210","not_available",34.72054338025978,-86.58064189896776
"35802","Huntsville","AL","American Family Care Whitesburg","8151 Whitesburg Dr SE","35802",34.657634,-86.56569499999999
"35802","Huntsville","AL","Heartlite Hospice Care","2227 Drake Ave SW Ste 3","35805",34.69818566530986,-86.60388886928558
"35802","Huntsville","AL","Alabama Children's Clinic PC","333 Whitesport Dr SW Ste 104","35801",34.6932857,-86.5710006
"35802","Huntsville","AL","Crestwood Medical Center - Emergency Room","1 Hospital Dr SW","35801",34.69297155645738,-86.57227082177997
"35802","Huntsville","AL","American Family Care","8151 Whitesburg Dr S","35802",34.65867,-86.56607
"35803","Huntsville","AL","HEMSI Station 14","11545 Memorial Pkwy SE","35803",34.620511,-86.566616
"35805","Huntsville","AL","American Family Care","4550 University Drive Northwest","35816",34.735538,-86.643345
"35805","Huntsville","AL","Animal Emergency Clinic","2112 Mims Ct. NE","35801",34.717902900541816,-86.5932693475136
"35805","Huntsville","AL","VA Medical Clinic","Markaview Dr","not_available",34.726414,-86.62111
"35805","Huntsville","AL","Ohg","not_available","35805",34.72063708012087,-86.59193858932925
"35810","Huntsville","AL","Tutt Fann Veterans Home","not_available","35811",34.75862584668779,-86.57763131230372
"35811","Huntsville","AL","Urgent Medcare - Huntsville","46 Shields Rd","35811",34.7756694,-86.526833
"35816","Huntsville","AL","huntsville surgery center","not_available","35816",34.74354553222656,-86.62948608398438
"35901","Gadsden","AL","A-Med Station #7","US 431","35905",33.96601216047248,-85.94179964382481
"35901","Gadsden","AL","GRMC 8 Main <3","not_available","35903",34.008046283697674,-85.96617796095556
"35901","Gadsden","AL","Doctors MedCare of E Gadsden","2108 Rainbow Dr","35901",33.9731884,-86.0170186
"35901","Gadsden","AL","Gadsden Regional Medical Center - Emergency Room","1007 Goodyear Ave","35903",34.008018493652344,-85.96607208251953
"35901","Gadsden","AL","Rural/Metro Glencoe Office","302 N College St","35905",33.958542110109136,-85.93034731918522
"35901","Gadsden","AL","Physicians Urgent Care(Dr kelly)","Forrest Ave","35901",34.01770666666667,-86.0170158
"35901","Gadsden","AL","Riverview Regional Medical Center","600 S 3rd St","35901",34.0042649,-86.003393
"35901","Gadsden","AL","Mountain View Hospital","3001 Scenic Hwy","35904",34.07246780395508,-86.01993560791016
"35901","Gadsden","AL","American Family Care","366 East Meighan Boulevard","35903",34.01004,-85.98902
"35901","Gadsden","AL","American Family Care Gadsden","366 E Meighan Blvd","35903",34.01068878173828,-85.98831939697266
"35901","Gadsden","AL","Psychology Specialists","not_available","35904",34.073229,-86.033168
"35901","Gadsden","AL","Grmc 8th floor","not_available","35905",34.008007767675615,-85.96549470574944
"35901","Gadsden","AL","GRMC Cath Lab Waiting","Goodyear Ave","35903",34.008345,-85.96644
"35903","Gadsden","AL","Encompass Health Rehabilitation Hospital of Gadsden","801 Goodyear Ave","35903",34.00670593448062,-85.96841186285013
"35904","Gadsden","AL","Rural/Metro: Attalla Station","Gilbert Ferry Rd SE","35956",34.00097058152853,-86.11082473810464
"35904","Gadsden","AL","Doctors MedCare of Gadsden PC","3206 W Meighan Blvd","35904",34.0221005,-86.0547608
"35906","Rainbow City","AL","Alabama Life Saver","1758-1898 Pineview Cir","35906",33.95772998333333,-86.10558106666667
"35906","Rainbow City","AL","Urgent Care In Rbc","not_available","35906",33.955763,-86.041355
"35906","Rainbow City","AL","A-Med Ambulance Service Station #4","3512-3520 Alabama 25","35906",33.95380931964832,-86.04232562253465
"35906","Rainbow City","AL","GoNow Doctors","115 West Grand Avenue,Suite 90","35906",33.9561545,-86.04163020000001
"35950","Albertville","AL","cullman emergency room","not_available","35950",34.263399791593486,-86.18843866810924
"35950","Albertville","AL","Kindred at Home","700 AL-75","35951",34.28080383,-86.19392421
"35950","Albertville","AL","Marshall Sleep Disorders Center","11491 U.S. 431","35950",34.299462,-86.273305
"35950","Albertville","AL","Doctors MedCare of Albertville PC","604 Smith Rd","35951",34.2819834,-86.2190214
"35950","Albertville","AL","Marshall Medical Center South","5991 Florida Short Route","35950",34.295856532090006,-86.3240015894967
"35950","Albertville","AL","marshall","Us Hwy 69","35976",34.27476501464844,-86.20106506347656
"35951","Albertville","AL","Boaz Hospital","not_available","35957",34.26321662407602,-86.12268464718645
"35952","Altoona","AL","St Vincent's Primary Care - Snead","180 Medical St","35952",34.11509704589844,-86.39088439941406
"35953","Ashville","AL","St. Vincent's Primary Care - Northside Medical Associates - Ashville","35717 US-231","35953",33.8462835,-86.2713662
"35954","Attalla","AL","Marshall Medical Center South","2505 U.S. 431","35957",34.22146188,-86.16042671
"35954","Attalla","AL","A-Med Ambulance Service (Station #2)","1800-1998 3rd St SW","35954",34.000846308508805,-86.11937176048491
"35954","Attalla","AL","Babtist Health Center South","us hwy 431","35957",34.221678266666665,-86.1600739
"35956","Boaz","AL","A-MED STATION 3","not_available","35956",34.1707012586228,-86.13992013816497
"35957","Boaz","AL","MMCS Second Floor","2505 US Highway 431","35957",34.2215461730957,-86.16034698486328
"35959","Cedar Bluff","AL","Cherokee EMS","not_available","35960",34.15967051682236,-85.71367405818053
"35961","Collinsville","AL","Dekalb Regional","Unnamed Rd","35968",34.41952105499863,-85.76809882047128
"35961","Collinsville","AL","Dekalb Ambulance Service #2","not_available","35974",34.29117626769867,-85.97454586107573
"35961","Collinsville","AL","Doctors MedCare of Fort Payne PC","1040 Glenn Blvd SW","35967",34.436136,-85.744718
"35966","Flat Rock","AL","Dekalb Ambulance Service #6","not_available","35978",34.69520568847656,-85.66805267333984
"35967","Fort Payne","AL","DeKalb Regional Medical Center Emergency Department","200 Medical Center Dr SW","35968",34.441459852927075,-85.75653076171875
"35967","Fort Payne","AL","Dekalb Ambulance Service #4","not_available","35986",34.51518630981445,-85.83303833007812
"35967","Fort Payne","AL","DeKalb County Hospital","not_available","35967",34.441738233764646,-85.75659846015945
"35967","Fort Payne","AL","Northside Medical, Inc.","211 Greenhill Blvd NW","35967",34.4686439,-85.70089569999999
"35978","Henagar","AL","Dekalb Ambulance Service #3","not_available","35989",34.581180572509766,-85.62662506103516
"36009","Brantley","AL","Crenshaw County Hospital","Highway 331","not_available",31.69341278076172,-86.26470947265625
"36009","Brantley","AL","Crenshaw Community Hospital","101 Hospital Circle","36049",31.69389533996582,-86.26454162597656
"36009","Brantley","AL","Beacons Children's Hospital","not_available","36049",31.694358825683594,-86.2633285522461
"36010","Brundidge","AL","Dale County Medical Center","Ozark, AL","36311",31.597879727907106,-85.73493773861152
"36022","Deatsville","AL","Main Street Family Urgent Care","not_available","36054",32.49405,-86.404144
"36022","Deatsville","AL","Prattville Hospital Er","not_available","36066",32.51711093439823,-86.375555625721
"36024","Eclectic","AL","Ivy Creek Urgent Care Of Tallassee","2256 Gilmer Ave","36078",32.566070556640625,-85.93376922607422
"36033","Georgiana","AL","Georgiana Doctors Hospital","Miranda Avenue","36033",31.63636589050293,-86.74308776855469
"36037","Greenville","AL","L. V. Stabler Memorial Hospital Emergency Department","29 L V Stabler Dr","36037",31.828880310058594,-86.64619445800781
"36037","Greenville","AL","LifeFlight 3 - Greenville","Butler County Industrial Park","36037",31.85440950540346,-86.58732933973526
"36037","Greenville","AL","AFC PriMed Greenville","101 Paul Stabler Dr","36037",31.8515114,-86.64364839999999
"36037","Greenville","AL","AFC PriMed","101 Paul Stabler Drive","36037",31.8532548,-86.6438176
"36064","Pike Road","AL","Baptist Medical Center East","400 Taylor Rd","36117",32.376228392886915,-86.17411851882933
"36064","Pike Road","AL","Your Doctor's Office, PC","8630 Vaughn Rd","36117",32.338079,-86.14925699999999
"36064","Pike Road","AL","Baptist East","not_available","36117",32.36011627242108,-86.1715622636371
"36064","Pike Road","AL","Recovery Nation","Auburn St","not_available",32.38761823031254,-85.99865462199843
"36064","Pike Road","AL","Montgomery Surgical Specialists","470 Taylor Rd Ste 202","36117",32.37474822998047,-86.17326354980469
"36064","Pike Road","AL","Vaughn Urgent Care","9540 Wynlakes Pl","36117",32.339296000000004,-86.147681
"36064","Pike Road","AL","Jackson Hospital","not_available","36104",32.357111473910486,-86.17086682426871
"36064","Pike Road","AL","AFC PriMed Eastchase","2570 Berryhill Rd","36117",32.35968,-86.16229799999999
"36064","Pike Road","AL","baptist breast center","Winton Blount Blvd, Montgomery, AL 36117","36117",32.377826526871466,-86.1764052396731
"36064","Pike Road","AL","The Jackson Clinic and Urgent Care - Pike Road","11123 Chantilly Pkwy Ct","36064",32.3544,-86.1252
"36064","Pike Road","AL","AFC PriMed Taylor Crossing","34 Taylor Rd N","36117",32.383168,-86.172926
"36064","Pike Road","AL","Center For Diabetes","350 Taylor Rd, Montgomery, AL 36117","36117",32.377257,-86.17371
"36064","Pike Road","AL","East Montgomery Primary Medicine","470 Taylor Rd Ste 310","36117",32.3745274,-86.1733222
"36066","Prattville","AL","AFC PriMed Prattville","1965 Cobbs Ford Rd","36066",32.46027755737305,-86.41314697265625
"36066","Prattville","AL","Kindred at Home","1988 Fairview Ave","36066",32.48246264,-86.41608466
"36066","Prattville","AL","The Jackson Clinic and Urgent Care - Prattville","1840 E Main St","36066",32.4591255,-86.42165709999999
"36066","Prattville","AL","Prattville Baptist Hospital","not_available","36067",32.463683708551244,-86.45187069646067
"36066","Prattville","AL","AFC PriMed","1965 Cobbs Ford Road","36066",32.46057,-86.41797
"36066","Prattville","AL","Prattville Baptist Hospital Emergency Room","124 S Memorial Dr","36067",32.46340956326989,-86.45168022672976
"36075","Shorter","AL","Care Ambulance Shorter","not_available","36075",32.402648,-85.951727
"36078","Tallassee","AL","Tallassee community hospital ER","850 Friendship Rd","36078",32.5359001159668,-85.9100112915039
"36078","Tallassee","AL","Community Hospital","805 Friendship Rd","36078",32.5338192225248,-85.91199068876168
"36078","Tallassee","AL","Herring Chiropractic Clinic","315 Friendship Rd","36078",32.5356949,-85.904188
"36078","Tallassee","AL","Tallassee Comm Hospital","not_available","36078",32.541133880615234,-85.90312957763672
"36079","Troy","AL","SARHA Urgent Care","1414 Elba Hwy","36079",31.76518257396652,-85.9607565574358
"36092","Wetumpka","AL","Elmore Community Hospital","100 Hospital Dr","not_available",32.552368656959146,-86.1865283467026
"36092","Wetumpka","AL","AFC PriMed Wetumpka","4452 U.S. 231","36092",32.5060357,-86.2149096
"36092","Wetumpka","AL","AFC PriMed","4452 US-231","36092",32.576509,-86.2045859
"36104","Montgomery","AL","Jackson Hospital Critical Care","not_available","36106",32.36381315085065,-86.28747354281364
"36105","Montgomery","AL","Baptist Medical Center South","2105 E South Blvd","36116",32.32746685116684,-86.27702951431273
"36105","Montgomery","AL","Baptist Hospital Radiology Dept","not_available","36111",32.34397878679027,-86.28183320133104
"36105","Montgomery","AL","Montgomery Primary Medicine Associates","2055 E South Blvd","36116",32.328003,-86.27742099999999
"36105","Montgomery","AL","PA emergência HC","HC","36106",32.349427,-86.285309
"36105","Montgomery","AL","ER solutions","2400 Presidents Dr","36116",32.3333625793457,-86.23641204833984
"36105","Montgomery","AL","Encompass Health Rehabilitation Hospital of Montgomery","4465 Narrow Lane Rd","36116",32.319145,-86.280635
"36105","Montgomery","AL","AFC PriMed","2815 East Boulevard","36116",32.343038,-86.223392
"36105","Montgomery","AL","MedHealth Urgent Care","2908 McGehee Rd","36111",32.3373663013632,-86.25891923904419
"36105","Montgomery","AL","AFC PriMed Vaughn Road","2815 Eastern Blvd","36116",32.343014,-86.2233533
"36105","Montgomery","AL","Patient First","Taylor Road","not_available",32.296868930220946,-86.1962938789869
"36106","Montgomery","AL","Jackson Hospital","1725 Pine St","36106",32.36702030198154,-86.2849805694854
"36106","Montgomery","AL","Baptist Hospice","300 Interstate Park Dr","36109",32.361914,-86.242166
"36106","Montgomery","AL","Care Ambulance Montgomery","not_available","36107",32.367425,-86.27408
"36106","Montgomery","AL","Jackson Hospital Nucllear Medicene","1725 Pine At","36106",32.36563703267571,-86.28522838544663
"36106","Montgomery","AL","The Jackson Clinic and Urgent Care - Montgomery","1801 Pine St Ste 103","36106",32.366955,-86.283823
"36106","Montgomery","AL","Jackson Surgery Center","1725 Park Pl","36106",32.369164000000005,-86.285051
"36106","Montgomery","AL","Alabama Podiatry","1558 East Trinity Boulevard","36106",32.3572917,-86.233674
"36107","Montgomery","AL","Crisis Residential Facility","2140 Upper Wetumpka Rd, Montgomery, AL 36104","36104",32.389373779296875,-86.27613830566406
"36109","Montgomery","AL","Rehab Select","100 Perry Hill Rd, Montgomery, AL 36109","36109",32.38121798015525,-86.24687829888562
"36109","Montgomery","AL","OccuMed Urgent Care LLC","4135 Atlanta Hey","36109",32.382154,-86.239018
"36109","Montgomery","AL","American Family Care Atlanta HWY","4305 Atlanta Hwy","36109",32.382373,-86.233305
"36201","Anniston","AL","RMC Women's and Children's Pavillion","400 East 10th Street","36207",33.65647035176105,-85.82282755341562
"36201","Anniston","AL","Regional Medical Center","400 E 10th St","36207",33.655977007934425,-85.82329263866852
"36201","Anniston","AL","RMC Surgery Scrub Room","not_available","36207",33.6555871283982,-85.82347767144111
"36201","Anniston","AL","Oxford Pediatric Dental Associates","1409 Hamric Dr E","36203",33.6154644,-85.81204579999999
"36201","Anniston","AL","Anniston EMS Station 1","1501 Noble St","36201",33.66381929576197,-85.82907933850055
"36201","Anniston","AL","Southern Immediate Care","4100 McClellan Blvd","36201",33.6927791,-85.82391308
"36201","Anniston","AL","ANAD West","not_available","36260",33.616877,-85.966485
"36201","Anniston","AL","Grayson's Room","not_available","36201",33.670652,-85.830913
"36201","Anniston","AL","American Family Care Oxford","30 Holmes Dr","36203",33.60918045043945,-85.82705688476562
"36201","Anniston","AL","Rmc er","not_available","36203",33.615013122558594,-85.82478332519531
"36203","Oxford","AL","Tanner Medical Center","not_available","30117",33.605979004635316,-85.80877803793935
"36203","Oxford","AL","T","Carrollton, GA","30117",33.609438203102975,-85.79601068002937
"36207","Anniston","AL","Doctors MedCare of Jacksonville PC","1505 Pellham Road S, Suite 2","36265",33.796194,-85.761915
"36251","Ashland","AL","Clay County Hospital","83825 Highway 9","36251",33.27730941772461,-85.82380676269531
"36264","Heflin","AL","RMC Hospital Alexander City","not_available","36264",33.63914396275307,-85.52363254975471
"36278","Wedowee","AL","Wedowee Hospital","209 Main St","36278",33.311213109788795,-85.48552809157462
"36301","Dothan","AL","AllSouth Urgent Care","1052 Ross Clark Cir","36303",31.218796,-85.361563
"36301","Dothan","AL","Laurel Oaks Behavioral Health Center","not_available","36301",31.204025301571008,-85.38394763731772
"36301","Dothan","AL","Love Home Care","545 W Main St","36301",31.225004512582245,-85.3993034362793
"36301","Dothan","AL","Southeast Alabama Medical Center","Ross Clark Circle","36303",31.215962813446037,-85.3626704962745
"36301","Dothan","AL","SE Alabama Medical Center - SAMC","Ross Clark Cr","36301",31.214372127439567,-85.40618416626657
"36301","Dothan","AL","SAMC E.R.","150 Alma St","36301",31.21688093932454,-85.36419507151047
"36301","Dothan","AL","Extendicare Rehab","950 S Saint Andrews St","36301",31.211441,-85.391019
"36301","Dothan","AL","southern Cardiovascular Care, PC","1800 Fairview Ave","36301",31.216269,-85.365335
"36301","Dothan","AL","Birthplace Of @UKRandi","1108 Ross Clark Cir","36301",31.216215133666992,-85.36285400390625
"36301","Dothan","AL","SAMC Hospital","Alma St","36301",31.21590150446739,-85.36282182078995
"36301","Dothan","AL","Pro-Vision Eye Health","3300 S Oates St","36301",31.178998947143555,-85.40400695800781
"36301","Dothan","AL","Martin Plastic Surgery","2431 West Main St. 302","36301",31.2276352,-85.4253506
"36303","Dothan","AL","American Family Care","2445 Murphy Mill Road","36303",31.26403045654297,-85.43973541259766
"36303","Dothan","AL","Flowers Hospital Outpatient","4300 W Main St","36305",31.236474990844727,-85.45659637451172
"36303","Dothan","AL","Flowers Hospital Radiology","4370 W Main St","36305",31.237499237060547,-85.45709991455078
"36303","Dothan","AL","Flowers Hospital South Tower","not_available","36305",31.237425955503713,-85.45718131711193
"36303","Dothan","AL","Urgent Care Clinic","not_available","36303",31.266587184472826,-85.44418344395753
"36303","Dothan","AL","Flowers Hospital North Tower","4300 West Main Street","36305",31.2377629,-85.4567517
"36303","Dothan","AL","First Light Home Care","301 Perry Ave","36303",31.23611,-85.433457
"36310","Abbeville","AL","Early Memorial hospital","630 Columbia Road","39823",31.558872,-85.241687
"36310","Abbeville","AL","Henry County Health and Rehabilitation","212 Dothan Rd, Abbeville, AL 36310","36310",31.555091857910156,-85.2536849975586
"36322","Daleville","AL","Nutrition at lyster","not_available","36322",31.31471536015132,-85.72030860191948
"36322","Daleville","AL","Nutrition","not_available","36360",31.324698536288636,-85.72853548403043
"36323","Elba","AL","Elba General Hospital","not_available","36323",31.429515838623047,-86.07685852050781
"36323","Elba","AL","Mizell Memorial Hospital Inc","702 N Main St","36467",31.2220879,-86.17252309999999
"36330","Enterprise","AL","Ivy Creek Urgent Care","6582 Boll Weevil Cir","36330",31.292299270629883,-85.8384017944336
"36330","Enterprise","AL","Emergency Room Enterprise","not_available","36330",31.31840317473942,-85.8551136825192
"36330","Enterprise","AL","American Family Care","606-A Boll Weevil Circle","36330",31.3332793,-85.8644944
"36330","Enterprise","AL","American Family Care Enterprise","606 Boll Weevil Cir","36330",31.31749,-85.829732
"36330","Enterprise","AL","Medical Center Enterprise - Emergency Room","400 N Edwards St","36330",31.318586349487305,-85.85511016845703
"36345","Headland","AL","Headland Fire And Rescue","not_available","36345",31.340795273722314,-85.33407775617023
"36360","Ozark","AL","DMC Surgery Center","Roy Parker Rd","36360",31.473683689328038,-85.67655741579216
"36420","Andalusia","AL","Andalusia Regional Hospital","S 3 Notch St.","36420",31.296127485912354,-86.49449460480056
"36420","Andalusia","AL","Andalusia Health: Emergency Room","849 S Three Notch St","36420",31.297136306762695,-86.49547576904297
"36426","Brewton","AL","MainStreet Family Urgent Care","2134 Douglas Ave","36426",31.141780853271484,-87.0687026977539
"36426","Brewton","AL","D.W. McMillan Memorial Hospital","1301 Belleville Ave","36426",31.126616198972588,-87.07339429946704
"36442","Florala","AL","Florala Memorial Hospital","not_available","36442",31.000049591064453,-86.31331634521484
"36451","Grove Hill","AL","Clarke County Health Care Authority","295 S Jackson St","36451",31.695007,-87.77728909999999
"36451","Grove Hill","AL","Grove Hill Memorial Hospital","not_available","36451",31.694355150978236,-87.77627322194843
"36460","Monroeville","AL","Monroe County Hospital","not_available","36460",31.497873306274414,-87.32073974609375
"36460","Monroeville","AL","Carter Hospital","not_available","36475",31.41130127724858,-87.23844266500535
"36507","Bay Minette","AL","North Baldwin Infirmary","1815 Hand Ave","36507",30.9035455,-87.7850321
"36507","Bay Minette","AL","Infirmary Urgent Care - Bay Minette","108C McMeans Ave","36507",30.8802744,-87.7830937
"36522","Citronelle","AL","Greater Mobile Urgent Care","not_available","36522",31.094794,-88.238413
"36526","Daphne","AL","Focused Counseling  and  Therapy, LLC.","1605 Main St","36526",30.6016677,-87.90287039999998
"36526","Daphne","AL","Urgent Care by the Bay","1208 US Highway 98","36526",30.595922609753,-87.8978651607132
"36526","Daphne","AL","American Family Care","6631 Park Drive","36526",30.63108,-87.91015
"36526","Daphne","AL","Thomas Hospital Emergency - Malbis","29487 State Highway 181","36526",30.63197435550482,-87.91465955214574
"36526","Daphne","AL","Thomas Medical Center","27961 US Highway 98","36526",30.6319682,-87.9141964
"36526","Daphne","AL","Eastern Shore Urgent Care","29710 Urgent Care Dr","36526",30.65772354764557,-87.85145935623527
"36532","Fairhope","AL","Thomas Hospital","750 Morphy Ave","36532",30.5187996,-87.8896788
"36532","Fairhope","AL","Fairhope Health And Rehab","108 S Church St","36532",30.520318,-87.905419
"36532","Fairhope","AL","American Family Care Fairhope","10040 County Road 48","36532",30.523203,-87.851797
"36532","Fairhope","AL","American Family Care","10040A County Road 48","36532",30.52353,-87.84964
"36532","Fairhope","AL","Thomas Hospital Endoscopy Waiting Room","not_available","36532",30.518972396850586,-87.88957214355469
"36532","Fairhope","AL","Thomas Hospital Outpatient Lab","750 Morphy Ave Ste 403","36532",30.519023895263672,-87.8892822265625
"36535","Foley","AL","South Baldwin Regional Medical Center ER Nurses Station","1613 N McKenzie St","36535",30.425859451293945,-87.68404388427734
"36535","Foley","AL","so baldwin regional med","not_available","36535",30.38656234741211,-87.6846923828125
"36535","Foley","AL","Foley Urgent Care","22t W.  9th Ave.","36535",30.384049824298476,-87.68479187881442
"36535","Foley","AL","Gulf Coast Sleep Specialist","316 S McKenzie St #171","36535",30.403555,-87.68417099999999
"36535","Foley","AL","Immediate Care","1265 S McKenzie St","36535",30.392441125936937,-87.68280744552612
"36542","Gulf Shores","AL","American Family Care","25775 Perdido Beach Boulevard","36561",30.270278930664062,-87.58577728271484
"36542","Gulf Shores","AL","South Baldwin Medical Center Urgent Care Walk-in Center","101 E 15th Ave","36542",30.2679233989429,-87.68797753961779
"36549","Lillian","AL","Perdido Urgent Care","12385 Sorrento Rd.","32507",30.340476,-87.4023
"36551","Loxley","AL","Robertsdale Urgent Care","18557 E Hammond St","36567",30.551207205967298,-87.70734108465575
"36560","Mount Vernon","AL","Searcy Hospital","725 E Coy Smith Hwy","36560",31.105419158935547,-88.05525207519531
"36571","Saraland","AL","American Family Care","1097 Industrial Pkwy","36571",30.80138,-88.098141
"36571","Saraland","AL","Newman's Ambulance Station 3","Hwy 43","36571",30.809999239870717,-88.07774987209052
"36575","Semmes","AL","Greater Mobile Urgent Care - Semmes","7943 Moffett Rd","36575",30.764293670654297,-88.22869110107422
"36582","Theodore","AL","American Family Care","5235 Rangeline Service Rd","36619",30.595658,-88.163203
"36587","Wilmer","AL","Compass Urgent Care","9985 Airport Blvd","36608",30.670115999999997,-88.278518
"36587","Wilmer","AL","Providence Medical Group - Dawes","8833 Cottage Hill Rd","36695",30.639530181884766,-88.24964141845703
"36603","Mobile","AL","University Of South Alabama (Spring Hill Campus) SHAC","not_available","36603",30.69846218917211,-88.07745401803548
"36604","Mobile","AL","Mobile Infirmary Emergency Room","not_available","36607",30.695840448815936,-88.07927265396583
"36604","Mobile","AL","USA Children's & Women's Hospital","1700 Center St","36604",30.6974512,-88.0779587
"36604","Mobile","AL","Infirmary Health","5 Mobile Infirmary Cir","36607",30.6973217,-88.0805779
"36604","Mobile","AL","USACWH NICU","not_available","36604",30.698469657840942,-88.07801193974939
"36604","Mobile","AL","MIMC HR Building","1 Mobile Infirmary Cir, Mobile, AL 36604","36604",30.69465446472168,-88.08007049560547
"36606","Mobile","AL","Springhill Medical Center","3719 Dauphin St","36608",30.6852336,-88.13171109999999
"36607","Mobile","AL","USA ER","not_available","36617",30.70747701115857,-88.0984451103579
"36608","Mobile","AL","Providence Hospital","6801 Airport Blvd","36608",30.679405549081864,-88.1990161060418
"36608","Mobile","AL","Providence Hospital Emergency Room","not_available","36695",30.67978094333236,-88.1998308980304
"36608","Mobile","AL","Greater Mobile Urgent Care - Springhill Clinic","4402 Old Shell Rd","36608",30.697662424426166,-88.14353187680348
"36608","Mobile","AL","American Family Care West Mobile","535 Schillinger Rd S Ste A","36695",30.679079055786133,-88.22489166259766
"36608","Mobile","AL","Knollwood Hospital ER","not_available","36693",30.619525291672666,-88.17069280190424
"36608","Mobile","AL","Immediate Care of the South/Urgent Care","4270 Cottage Hill Rd","36609",30.650551,-88.156001
"36608","Mobile","AL","Hillcrest Urgent Care","2370 Hillcrest Rd Ste M","36695",30.641768,-88.19233299999999
"36608","Mobile","AL","Providence Home Medical Services, LLC","6701 Airport Blvd Ste B121","36608",30.679785,-88.197284
"36608","Mobile","AL","Greater Mobile Urgent Care - West Mobile Clinic","2350 Schillinger Rd S Ste A","36695",30.64206278010216,-88.22509179991334
"36608","Mobile","AL","Mainstreet Urgent Care","6280 Grelot Rd","36609",30.66159439086914,-88.18815612792969
"36608","Mobile","AL","USA Urgent Care","not_available","36608",30.702777834139063,-88.18020100095544
"36608","Mobile","AL","Compass Urgent Care","6901 Airport Blvd","36608",30.683045,-88.202624
"36608","Mobile","AL","Alabama Podiatry","6316 Piccadilly Square Drive Suite A","36609",30.6744185,-88.1889166
"36609","Mobile","AL","American Family Care","900 Montlimar Drive","36609",30.672937393188477,-88.13504028320312
"36609","Mobile","AL","American Family Care Festival Centre","900 Montlimar Dr","36609",30.67294,-88.13504
"36619","Mobile","AL","BayPointe Hospital","5800 Southland Dr","36693",30.624796,-88.178619
"36695","Mobile","AL","Canale Sports Institute: Providence Hospital Building B","6601 Airport Blvd","36608",30.680143,-88.196311
"36695","Mobile","AL","Providence Medical Group - West Mobile","610 Providence Park Dr E Ste 101","36608",30.678594090302806,-88.19770014109285
"36701","Selma","AL","Vaughn Medical Center","1000 Medical Center Pkwy","36701",32.42970967260263,-87.0558371502611
"36701","Selma","AL","Vaughan Regional Medical Center: Emergency Room","1015 Medical Center Pkwy","36701",32.429441137964595,-87.0559785711813
"36726","Camden","AL","J Paul Jones Hospital","317 McWilliams Ave","36726",31.997549057006836,-87.30015563964844
"36732","Demopolis","AL","Trinty Medical","not_available","36732",32.504878997802734,-87.83642578125
"36732","Demopolis","AL","Bryan Whitfield Memorial Hospital","Hwy 80","not_available",32.5045813891166,-87.8369710339196
"36744","Greensboro","AL","Whatley Health Greensboro","not_available","36744",32.693237,-87.591032
"36801","Opelika","AL","Stopwatch Urgent Care","not_available","36801",32.636915,-85.403491
"36801","Opelika","AL","Auburn Urgent Care","not_available","36804",32.64166497064137,-85.32695625167312
"36801","Opelika","AL","Urgent Care","110 University","36832",32.637569,-85.479583
"36801","Opelika","AL","Rousso Facial Plastic Surgery Clinic","2700 US , Hwy 280 Suite No- 300 W","35223",32.6458897,-85.4296069
"36801","Opelika","AL","American Family Care","2544 Enterprise Dr","36801",32.62558,-85.40932
"36801","Opelika","AL","Premier Ob/Gyn","2505 Village Professional Dr.","36801",32.64546585083008,-85.41595458984375
"36801","Opelika","AL","East Alabama Emergency Room","pepperell pkway","36804",32.643141632317516,-85.40386566078284
"36801","Opelika","AL","EAMC outpatient surgery","1900 Pepperell Pkwy","36801",32.63890075683594,-85.39999389648438
"36801","Opelika","AL","American Family Care South College St.","1902 North College St","36830",32.6481709,-85.4826295
"36801","Opelika","AL","BIT","1708 Corporate Dr","36801",32.62779546210345,-85.40203810338578
"36801","Opelika","AL","EAMC Emergency Room","2000 Pepperell Pkwy","36801",32.638641357421875,-85.40412139892578
"36801","Opelika","AL","Twilight After Hours Urgent Care","151 N 20th St","36801",32.6357,-85.4036
"36804","Opelika","AL","American Family Care","1902 S College St","36830",32.570847,-85.50086
"36804","Opelika","AL","Stopwatch Urgent Care","not_available","36830",32.585582,-85.437551
"36804","Opelika","AL","Moores Mill Urgent Care","2415 Moores Mill Rd","36830",32.58565457970585,-85.43736988432313
"36804","Opelika","AL","Auburn Urgent Care","1658 S College St","36832",32.57506120395111,-85.49919049203177
"36804","Opelika","AL","Auburn Urgent Care","not_available","36832",32.57155543500148,-85.50375357689295
"36850","Camp Hill","AL","Lake Martin Community Hospital","not_available","36853",32.81860434976762,-85.74120161114854
"36854","Valley","AL","George H. Lanier Memorial Hospital (Pharmacy)","4800 48th St","36854",32.824659672546574,-85.16848018757572
"36854","Valley","AL","Mainstreet Family Urgent Care","3306 20th Ave","36854",32.83992004394531,-85.17703247070312
"36854","Valley","AL","Medical Park Lazer epilasyon cilt Bakımı ünitesi","Medical Park","not_available",32.828250885009766,-85.16941833496094
"36854","Valley","AL","LHS Cath Lab","not_available","36854",32.82494349182143,-85.16841871130605
"36856","Fort Mitchell","AL","Fort Benning Fire Station Dixie Road","not_available","31905",32.35181857585451,-84.95393179092304
"36856","Fort Mitchell","AL","Radiology","Fort Benning, GA 31905","31905",32.37031220603703,-84.92739477208237
"36867","Phenix City","AL","Jack Hughston Memorial Hospital","4401 Riverchase Dr","36867",32.508087,-85.008865
"36867","Phenix City","AL","Office #2","not_available","36867",32.508096,-85.008422
"36867","Phenix City","AL","Stadium Healthcare Center","2008-2150 Stadium Dr","36867",32.49643448670893,-85.01955212506206
"36867","Phenix City","AL","Houghston Hospital","4401 River Chase Dr","36867",32.50789725,-85.0087134
"36867","Phenix City","AL","Regional Rehabilitation Hospital","3715 US Highway 431 N","36867",32.498736307460945,-85.04635123547814
"36869","Phenix City","AL","Alabama Podiatry","5511 US-280 Ste 118","35242",32.453177,-84.9876402
"36869","Phenix City","AL","Department of Veteran's Affairs","1310 13th Ave","31901",32.47132873535156,-84.97399139404297
"36869","Phenix City","AL","Piedmont Urgent Care - Columbus Uptown","101 13th St Ste 200","31901",32.470831010390995,-84.99131478406144
"36869","Phenix City","AL","Columbus Medical Center Rehab","not_available","31904",32.45416445091581,-84.98792215201155
"36869","Phenix City","AL","Uptown Pediatrics","104 14th St","31901",32.471936,-84.99103199999999
"36874","Salem","AL","Cerrahpaşa Kulak Burun Boğaz Kliniğı","not_available","36877",32.573417,-85.093282
