"zip","city","state","name","address","postalCode","lat","lon"
"01001","Agawam","MA","Heritage Hall","not_available","01001",42.07849825260791,-72.6198031872336
"01001","Agawam","MA","Nobel Perio in Agawam, MA","158 Main St Suite 101","01001",42.0861188,-72.6216541
"01002","Amherst","MA","AEIOU Occupational & Urgent Healthcare","170 University Dr #202","01002",42.368169,-72.532575
"01002","Amherst","MA","Hospital Of Massachusetts","not_available","not_available",42.4314079284668,-72.460205078125
"01002","Amherst","MA","Cooley Dickinson Urgent Care Amherst","170 University Dr","01002",42.36816,-72.53259
"01002","Amherst","MA","Baystate Plastic Surgery","17 Research Dr","01002",42.35152816772461,-72.47754669189453
"01002","Amherst","MA","MedExpress Urgent Care","424 Russell St","01035",42.363608,-72.54023000000001
"01007","Belchertown","MA","Baystate Health Urgent Care","95 Sargent St","01007",42.288182,-72.398376
"01011","Chester","MA","Fairview Hospital","not_available","01223",42.277589,-73.015715
"01013","Chicopee","MA","Shriners Hospital For Children","516 Carew St","01104",42.12135535422968,-72.5923196722832
"01013","Chicopee","MA","Mercy Medical Center","299 Carew St","01104",42.11556784881918,-72.59334238856103
"01013","Chicopee","MA","Baystate Children's Specialty Center","50 Wason Ave","01107",42.12509514634767,-72.61574921311082
"01013","Chicopee","MA","Mercy Medical Center ER","300 Stafford St","01104",42.115072724997795,-72.59272524134354
"01013","Chicopee","MA","Mercy Family Life Center","222 Carew St","01104",42.11439514160156,-72.5965805053711
"01013","Chicopee","MA","Baystate Hospital- Wesson Woman","not_available","01107",42.121508741135685,-72.60421755910662
"01013","Chicopee","MA","Sr Caritas Cancer Center","not_available","01104",42.116113,-72.592371
"01013","Chicopee","MA","PVEMS","not_available","01013",42.13416530458539,-72.60099382426546
"01013","Chicopee","MA","Benjamin B Mattingly, MD","759 Chestnut St","01199",42.121864,-72.602904
"01020","Chicopee","MA","Concentra Urgent Care","140 Carando Dr","01104",42.1460899,-72.5335329
"01020","Chicopee","MA","MedExpress Urgent Care","1505 Memorial Drive","01020",42.198530121453004,-72.57220476865768
"01027","Easthampton","MA","Cooley Dickinson Hospital","30 Locust St","01060",42.32980296388874,-72.65298580331026
"01027","Easthampton","MA","395 southampton rd","395 Southampton Rd","01027",42.265697,-72.742028
"01027","Easthampton","MA","Cooley Dickinson Urgent Care - Southampton","12 College Hwy","01073",42.25357437133789,-72.69847869873047
"01027","Easthampton","MA","bay state blood bank","not_available","01027",42.26343536376953,-72.66012573242188
"01027","Easthampton","MA","Ann S Cooper-Ciccarelli, DO","325B King St","01060",42.334991,-72.63481
"01027","Easthampton","MA","Cooley Dickinson Medical Group Pulmonary, Allergy and Critical Care Medicine","10 Main St","01062",42.3305027,-72.6531304
"01027","Easthampton","MA","Calvin Coolidge","548 Elm St","01060",42.327165,-72.65809899999999
"01027","Easthampton","MA","OnCall Urgent Care","51 Locust St","01060",42.333177,-72.656576
"01027","Easthampton","MA","Scanning","not_available","01060",42.329917,-72.653536
"01028","East Longmeadow","MA","Dores Dental","281 Maple Street","01028",42.060066,-72.532268
"01028","East Longmeadow","MA","East Point Foot and Ankle, P.C.","250 N Main St #102","01028",42.073682,-72.52078999999999
"01030","Feeding Hills","MA","Baystate Health Urgent Care (Baystate Health Urgent Care - Feeding Hills)","241 S Westfield St","01030",42.05907440185547,-72.67548370361328
"01036","Hampden","MA","Wingate Hampden","18-44 Main St","01036",42.0557788174204,-72.43800530941785
"01040","Holyoke","MA","Holyoke Medical Center","575 Beech St","01040",42.200038266046754,-72.62881278991699
"01040","Holyoke","MA","Providence Behavioral Health Hospital","1221 Main St","01040",42.16695271905707,-72.63314897513465
"01040","Holyoke","MA","Soldier's Home","110 Cherry St","01040",42.19915894574452,-72.6403319428992
"01040","Holyoke","MA","Pennhurst Insane Asylum","not_available","01040",42.16758541746217,-72.64114618905704
"01040","Holyoke","MA","Baystate Medical Education Ctr","361 Whitney Ave","01040",42.16769790649414,-72.648193359375
"01056","Ludlow","MA","Encompass Health Rehabilitation Hospital of Western Massachusetts","222 State St","01056",42.155475,-72.472087
"01069","Palmer","MA","Baystate Wing Hospital","40 Wright St","01069",42.16961121634015,-72.34033088543114
"01077","Southwick","MA","Mundale Asylum For Nervous Diseases","not_available","01085",42.101282,-72.771724
"01082","Ware","MA","Baystate Mary Lane Radiology","not_available","01082",42.253597259521484,-72.24229431152344
"01082","Ware","MA","Baystate Mary Lane Hospital","85 South St","01082",42.25375932818749,-72.24280230327153
"01085","Westfield","MA","Baystate Noble Hospital","115 W Silver St","01085",42.118021,-72.760508
"01085","Westfield","MA","MedExpress Urgent Care","311 East Main Street","01085",42.1127364,-72.7260854
"01085","Westfield","MA","Western Massachusetts Hospital","91 E Mountain Rd","01085",42.110347747802734,-72.70101165771484
"01085","Westfield","MA","Baystate Health Urgent Care (Baystate Health Urgent Care - Westfield)","57 Union St Ste 101","01085",42.130849,-72.739437
"01089","West Springfield","MA","Doctors Express","Park St","01089",42.104610443115234,-72.62039947509766
"01095","Wilbraham","MA","Urgent Care of Wilbraham","2040 Boston Rd","01095",42.150341999999995,-72.472708
"01103","Springfield","MA","PeoplesDental","293 Bridge St. Suite 427","01103",42.1039653,-72.5908791
"01105","Springfield","MA","Spfs","130 Maple St","01103",42.1000862121582,-72.58038330078125
"01106","Longmeadow","MA","Baystate Urgent Care Longmeadow","622 Bliss Rd","01106",42.05707,-72.55525
"01106","Longmeadow","MA","Baystate Health Urgent Care (Baystate Health Urgent Care - Longmeadow)","688 Bliss Rd","01106",42.057254791259766,-72.55552673339844
"01108","Springfield","MA","Baystate Health and Wellness Center - Longmeadow","21 Dwight Rd","01108",42.0809694,-72.5399001
"01108","Springfield","MA","Ora Care Inc.","878 Sumner Ave","01108",42.088912,-72.545145
"01109","Springfield","MA","Vibra Hospital of Western Massachusetts","1400 State St","01109",42.120568,-72.547579
"01118","Springfield","MA","AFC Urgent Care Springfield","415 Cooley St #3","01128",42.091465,-72.498448
"01118","Springfield","MA","MedExpress Urgent Care","430 Cooley Street","01128",42.09200740647074,-72.5002066791194
"01118","Springfield","MA","Doctors Express","415 Cooley St","01128",42.09117,-72.49916076666666
"01119","Springfield","MA","MedExpress Urgent Care","1312 Boston Rd","01119",42.1411934,-72.5001538
"01199","Springfield","MA","Wesson Children Medical Center","759 Chesnut St","not_available",42.121471,-72.604089
"01201","Pittsfield","MA","Berkshire Medical Center","725 North St","01201",42.45976226306417,-73.24908461146276
"01201","Pittsfield","MA","BHS Urgent Care","505 East St","01201",42.44754409790039,-73.24423217773438
"01201","Pittsfield","MA","Kindred at Home","279 Dalton Ave","01201",42.460606,-73.221862
"01201","Pittsfield","MA","MedExpress Urgent Care","999 Dalton Avenue","01201",42.46990240795265,-73.1978181362457
"01201","Pittsfield","MA","Crane Center for Ambulatory Surgery","24 Park St","01201",42.459334999999996,-73.250721
"01201","Pittsfield","MA","510 Medical Walk-In","510 North St Ste 7","01201",42.455513,-73.251108
"01230","Great Barrington","MA","Fairview Hospital","29 Lewis Ave","01230",42.19130036428631,-73.37199931859396
"01238","Lee","MA","The Barn","70 orchard","not_available",42.306019,-73.244506
"01247","North Adams","MA","Berkshire Health North","71 Hospital Ave","01225",42.707285392503344,-73.10987278481949
"01247","North Adams","MA","BMC North Adams Satellite Emergency Facility","71 Hospital Ave","01247",42.707175,-73.109466
"01301","Greenfield","MA","Baystate Radiology Department","164 High St","01301",42.595895,-72.59229
"01301","Greenfield","MA","Farren Care Center","340 Montague City Rd","01376",42.58649444580078,-72.57669830322266
"01301","Greenfield","MA","A E I O U Heathcare","489 Bernardston Rd","01301",42.608751,-72.585741
"01301","Greenfield","MA","Fred Landes, MD (Fred  Landes, MD)","48 Sanderson St Ste 1","01301",42.594336,-72.593826
"01331","Athol","MA","Athol Hospital","2033 Main St","01331",42.5850878,-72.2086842
"01331","Athol","MA","Q Worx","20 Hardwick Rd","01366",42.485054,-72.193263
"01331","Athol","MA","Mclean Naukeag At Prescott","211 N Main St","01366",42.516734,-72.18361800000001
"01420","Fitchburg","MA","HealthAlliance Hospital","60 Hospital Rd","01453",42.54045870135683,-71.76257535952219
"01420","Fitchburg","MA","Highlands","335 Nichols Street","01420",42.59824936,-71.80836997
"01420","Fitchburg","MA","MedExpress Urgent Care","241 N Main St","01453",42.5405376,-71.75946859999999
"01420","Fitchburg","MA","Center For Digestive Wellness","105 Erdman Way","01453",42.547132,-71.757374
"01420","Fitchburg","MA","Health Alliance Burbank Hospital","not_available","01420",42.5977857748706,-71.80484622531341
"01420","Fitchburg","MA","Simons-Sinon Cancer Center","275 Nichols Rd","01420",42.597755432128906,-71.80551147460938
"01420","Fitchburg","MA","Labor And Delivery Triage","not_available","01605",42.54030513496349,-71.76243055515559
"01420","Fitchburg","MA","Neurology Of Central Massachusetts","50 Memorial Dr","01453",42.5404167175293,-71.76372528076172
"01420","Fitchburg","MA","SMG Otolaryngology at Lunenburg","119 Massachusetts Ave Ste 1","01462",42.58932113647461,-71.76715850830078
"01432","Ayer","MA","Nashoba Valley Medical Center","200 Groton Rd","01432",42.577455568742245,-71.57379806041718
"01432","Ayer","MA","Apple Valley Center","400 Groton Rd","01432",42.57830810546875,-71.57322692871094
"01434","Devens","MA","NVMC","not_available","01432",42.538627079512544,-71.62931669680994
"01440","Gardner","MA","Heywood Hospital","242 Green St","01440",42.5864159,-71.9870586
"01440","Gardner","MA","Heywood Hospital ER","not_available","01440",42.58702546307135,-71.98755597725633
"01440","Gardner","MA","Heywood Urgent Care","266 Main St","01440",42.571529,-71.993259
"01440","Gardner","MA","Clearview Dermatology","242 Green Street Ste 109","01440",42.5864159,-71.9870586
"01460","Littleton","MA","Emerson Urgent Care","830 Constitution Ave","01460",42.551307678222656,-71.47438049316406
"01460","Littleton","MA","Westford Vet","11 Cornerstone Sq #100","01886",42.564788818359375,-71.42898559570312
"01463","Pepperell","MA","Immediate Care Pepperell","68 Main St","01463",42.66621017456055,-71.58283996582031
"01501","Auburn","MA","Pro Weight Loss of Auburn","7 Midstate Dr #2","01501",42.18588020220197,-71.85739192268449
"01501","Auburn","MA","Readymed","460 Southbridge St","01501",42.19892120361328,-71.84234619140625
"01503","Berlin","MA","Emerson Urgent Care","38 Highland Cmn E","01749",42.39487838745117,-71.59274291992188
"01503","Berlin","MA","Clearview Dermatology","101 Coolidge Street","01749",42.3978893,-71.6012788
"01507","Charlton","MA","Harrington Hospital","100 South St","01550",42.07861838485376,-72.04233200387544
"01507","Charlton","MA","Harrington Cardiology Department","South Street","not_available",42.078191343904535,-72.04339928126082
"01520","Holden","MA","Keeping-Track","123,Main street","01520",42.31786805635183,-71.83089852333069
"01520","Holden","MA","Maura O'Shea, NP","102 Shore Dr Ste 502","01605",42.304826129253634,-71.810063123703
"01524","Leicester","MA","Kindred Hospital Park View - Central Massachusetts","111 Huntoon Memorial Hwy","01542",42.20179748535156,-71.89891815185547
"01524","Leicester","MA","Vibra Hospital of Western Massachusetts - Central Campus","111 Huntoon Memorial Highway","01542",42.2014853,-71.9001023
"01532","Northborough","MA","Westborough State Hospital","286 Lyman St","01581",42.299597982775936,-71.60850754458254
"01532","Northborough","MA","MedPost Urgent Care","10002 Shops Way, Suite A","01532",42.285770416259766,-71.66936492919922
"01532","Northborough","MA","AFC Urgent Care Marlborough","38 Boston Post Rd W","01752",42.340029,-71.582509
"01532","Northborough","MA","Endodontic Associates in Marlboro, MA","201 Boston Post Road West Suite 409","01752",42.3392826,-71.5908872
"01536","North Grafton","MA","Grafton State Hospital","101 Pine St","not_available",42.24839782714844,-71.6866226196289
"01540","Oxford","MA","Webster Medical Center","54 Cudworth Rd","01570",42.078325052835545,-71.8626832121556
"01545","Shrewsbury","MA","UMass Memorial Medical Center - Children's Medical Center","55 Lake Ave N","01655",42.27668921761267,-71.76192084326927
"01545","Shrewsbury","MA","Umass Emergency Room","Main St","01546",42.27660905922868,-71.76112504641299
"01545","Shrewsbury","MA","Umass Radiology","Lake Ave, Worcester, MA 01604","01604",42.276692743639835,-71.76124894910066
"01545","Shrewsbury","MA","Fallon Clinic Urgent Care","Plantation Street","01604",42.292247898415916,-71.75997466322325
"01545","Shrewsbury","MA","UMass Memorial Hospital","Lake Ave","01604",42.258223645470935,-71.75955762311875
"01564","Sterling","MA","Clinton Hospital ER","100 Hospital Rd","01510",42.46441776879101,-71.73510770988078
"01568","Upton","MA","Metrowest medical center","not_available","01748",42.21516387552554,-71.59695279103718
"01570","Webster","MA","Harrington HealthCare at Webster","340 Thompson Rd","01570",42.02742062871829,-71.85130678117271
"01581","Westborough","MA","Westborough Health Care","5 Colonial Dr","01581",42.272812,-71.61072
"01581","Westborough","MA","Whittier Rehab Hospital","150 Flanders Rd","01581",42.27628473298542,-71.56781673431396
"01602","Worcester","MA","Fairlawn Rehabilitation Hospital","189 May St","01602",42.260097,-71.834872
"01602","Worcester","MA","Providence Health System Infectious Disease","1140 Varnum St NE","20017",42.25059887769627,-71.85961961746216
"01602","Worcester","MA","Medical Express","237 Park Ave","01609",42.265776,-71.81827
"01602","Worcester","MA","Grace House","280 Highland St","01602",42.270391,-71.81904399999999
"01602","Worcester","MA","The Hermitage HealthCare","383 Mill St","01602",42.261835999999995,-71.852496
"01603","Worcester","MA","AFC Urgent Care Worcester","115 Stafford Street","01603",42.23854,-71.8444
"01604","Worcester","MA","Saint Vincent Hospital","123 Summer St","01608",42.26466664334617,-71.79648707430987
"01604","Worcester","MA","Montilla Plastic Surgery","123 Summer Street Suite 675","01608",42.264922,-71.796561
"01604","Worcester","MA","Emergency Services - Memorial Campus","119 Belmont St","01605",42.27285,-71.792244
"01604","Worcester","MA","Eagle Cleaning Corporation","997 Millbury St","01607",42.237241,-71.793213
"01604","Worcester","MA","UMassMemorial MRI & Imaging Center","214 Shrewsbury St","01604",42.266975,-71.78454
"01605","Worcester","MA","Worcester Recovery Center And Hospital","309 Belmont St, Worcester, MA 01604","01604",42.279579053216075,-71.76979811897323
"01605","Worcester","MA","Worcester State Hospital","305 Belmont St","01604",42.278075073577234,-71.77232923219508
"01606","Worcester","MA","Knollwood Nursing Center at Briarwood","not_available","01606",42.32048824257876,-71.77112449428328
"01608","Worcester","MA","Caregiver Advantage Services","35 Harvard St Ste 115","01609",42.269935607910156,-71.8024673461914
"01608","Worcester","MA","Saint Vincent Hospital Cancer Center","1 Eaton Pl","01608",42.262063,-71.797012
"01608","Worcester","MA","CCU","not_available","01608",42.25330734540938,-71.80059294164779
"01608","Worcester","MA","Endodontic Associates in Marlboro, MA","65 Elm Street","01601",42.2657185,-71.8086926
"01609","Worcester","MA","Ascension Medical Group - St. Vincent Greenwood Primary & Specialty Care","1300 Innovation Pkwy","46143",42.27714157104492,-71.8012924194336
"01701","Framingham","MA","Natick Urgent Care","4 Mercer Rd","01760",42.296253,-71.386074
"01701","Framingham","MA","Tufts Medical Center","Washington St, Boston, MA 02136","02136",42.31548758981519,-71.4119133407868
"01701","Framingham","MA","Encompass Health Rehabilitation Hospital of Braintree at Framingham","125 Newbury St","01701",42.306991,-71.3964187
"01701","Framingham","MA","ConvenientMD Urgent Care","236 Cochituate Rd","01701",42.302115,-71.405003
"01702","Framingham","MA","MetroWest Medical Center","115 Lincoln St","01702",42.28487942151926,-71.41930007872483
"01702","Framingham","MA","Community United For Health And Prevention, Inc","7 Liberty St","01702",42.27062,-71.442888
"01702","Framingham","MA","Va Framingham Cboc","61 Lincoln St","01702",42.283386,-71.417549
"01702","Framingham","MA","Edward Kennedy Community Hospital","354 Waverly St","01702",42.276595,-71.413693
"01702","Framingham","MA","MWMC Emergency Room","not_available","01702",42.28482921818794,-71.41935805880131
"01719","Boxborough","MA","Emerson Hospital Surgical Center","not_available","01742",42.46753326522235,-71.47739140992257
"01720","Acton","MA","Bio-Signal Group Corp.","3 Post Office Sq Ste K","01720",42.48932647705078,-71.42658233642578
"01721","Ashland","MA","Fallon Ambulance - Metrowest","150 Kuniholm Drive","01746",42.23042397936038,-71.42842769622803
"01721","Ashland","MA","BAA Boston Marathon FA 1","not_available","01721",42.255538502180436,-71.46713045621047
"01730","Bedford","MA","Sad_room","Bed","01730",42.470859,-71.289368
"01730","Bedford","MA","Complex Care Service at Lexington | Boston Children's Hospital","482 Bedford St","02420",42.47554239999999,-71.252062
"01730","Bedford","MA","carewell urgent care","58 Bedford St","02420",42.453128,-71.23384899999999
"01730","Bedford","MA","Children's Hospital Boston at Lexington","not_available","02420",42.47563424794069,-71.25183580859984
"01730","Bedford","MA","Edith Nourse Rogers Memorial Veterans Hospital","200 Springs Rd","01730",42.50464986418847,-71.27339895841516
"01730","Bedford","MA","Boston Children's at Lexington","482 Bedford Street","02420",42.475541,-71.252081
"01730","Bedford","MA","Boston IVF","450 Bedford Street, Suite 1000","02420",42.4736785,-71.2509018
"01742","Concord","MA","Emerson Hospital - Main Campus","133 Old Road To 9 Acre Cor","01742",42.45197064954007,-71.37553986912263
"01742","Concord","MA","Clough surgical center","Acre Corner","not_available",42.45115439346419,-71.37611973932974
"01742","Concord","MA","Nathan Narasimhan, MD","131 Old Road To 9 Acre Cor Ste 700","01742",42.4524040222168,-71.37622833251953
"01746","Holliston","MA","Medstar","not_available","01746",42.222793,-71.438338
"01747","Hopedale","MA","Milford Regional Medical Center","14 Prospect St","01757",42.133507145511295,-71.52889456117094
"01747","Hopedale","MA","Boston Children's Physicians Milford","14 Prospect Street","01757",42.133291,-71.528646
"01747","Hopedale","MA","medical center","14 Asylum St","01757",42.14440155029297,-71.54581451416016
"01748","Hopkinton","MA","Northeast Dermatology Associates - Hopkinton","22 South Street","01748",42.20985794067383,-71.55126953125
"01752","Marlborough","MA","UMass Memorial-Marlborough Hospital","157 Union St","01752",42.355220454427624,-71.55500145448165
"01752","Marlborough","MA","Metro West Emergency Room","not_available","01772",42.322846,-71.548367
"01752","Marlborough","MA","Women's Health of Central Massachusetts","340 Maple St","01752",42.3358231,-71.5412797
"01757","Milford","MA","ReadyMED","340 E Main St","01757",42.152706,-71.49255600000001
"01760","Natick","MA","MWMC Leonard Morse Hospital","67 Union St","01760",42.28096799336311,-71.33451002720673
"01760","Natick","MA","Mass General Brigham Urgent Care - Natick","219 N Main Street","01760",42.30167449161612,-71.35964558650818
"01760","Natick","MA","brain and spine surgery center","not_available","01760",42.280059814453125,-71.33494567871094
"01760","Natick","MA","AFC Doctors Express Urgent Care Natick","945 Worcester St","01760",42.300024,-71.362537
"01760","Natick","MA","Advanced Cosmetic Surgery: George M. Hricko MD","6 Union St","01760",42.284602,-71.339557
"01770","Sherborn","MA","Medfield State Hospital","45 Hospital Rd","02052",42.211690000000004,-71.33475
"01773","Lincoln","MA","Care Dimensions Hospice","125 Winter St","01773",42.41067123413086,-71.27446746826172
"01776","Sudbury","MA","MedPost Urgent Care","84 Andrew Ave Ste 5","01778",42.3648895,-71.3675049
"01776","Sudbury","MA","Emerson Medical At Sudbury","490 Boston Post Rd","01776",42.36180114746094,-71.4275894165039
"01776","Sudbury","MA","Northeast Dermatology Associates - Sudbury","616 Boston Post Rd. Unit H","01776",42.36048889160156,-71.43830871582031
"01776","Sudbury","MA","Forever Slender Med Spa","109 Andrew Avenue","01778",42.3652224,-71.3663865
"01801","Woburn","MA","Lahey Clinic West","not_available","01803",42.485185336979484,-71.20572973577256
"01801","Woburn","MA","Winchester Hospital","41 Highland Ave","01890",42.4659564,-71.1227128
"01801","Woburn","MA","Winchester Hospital Outpatient Surgery","620 Washington St","01890",42.47016498088607,-71.1260316572137
"01801","Woburn","MA","The Waiting Room At Day Surgery","not_available","01890",42.46605264076481,-71.12340311863278
"01801","Woburn","MA","PM Pediatrics Woburn","90 Commerce Way","01801",42.5140032934836,-71.13633396631123
"01801","Woburn","MA","Audiology and Hearing Solutions, Inc","955 Main St","01890",42.46302720161006,-71.14332497119904
"01801","Woburn","MA","Lahey clinic 7 Central","41 Mall Rd","01805",42.4847719781707,-71.2041023238259
"01801","Woburn","MA","Lahey Clinic 5East Cardiology","41 Burlington Mall Rd","01803",42.48475,-71.20456300000001
"01801","Woburn","MA","New England Rehabilitation Hospital","2 Rehabilitation Way","01801",42.4635158,-71.1620027
"01801","Woburn","MA","Woburn Nursing Home","14 Frances St","01801",42.488087516318004,-71.15038439643898
"01801","Woburn","MA","Lahey","8 Presidential Way","01801",42.526771545410156,-71.14028930664062
"01801","Woburn","MA","Nova Aesthetic Center","83 Cambridge St # 3E","01803",42.49454116821289,-71.19503021240234
"01801","Woburn","MA","DermPhysicians of New England","172 Cambridge Street","01803",42.50968933105469,-71.19795989990234
"01801","Woburn","MA","Mass General Brigham Urgent Care - Woburn","425 Washington St","01801",42.5038045,-71.1250363
"01801","Woburn","MA","Winchester Hospital Urgent Care, Woburn","7 Alfred St","01801",42.501527,-71.1568736
"01801","Woburn","MA","Lahey Clinic Registration and Scheduling","31 Mall Rd, Burlington, MA 01803","01803",42.48649754216421,-71.20335102458915
"01803","Burlington","MA","AFC Urgent Care Burlington","90 Middlesex Turnpike","01803",42.478172302246094,-71.21635437011719
"01803","Burlington","MA","X-ray","Burlington Mall Rd","01803",42.484756,-71.204377
"01803","Burlington","MA","Lahey Wall St Clinic","Wall St","01803",42.485660669142256,-71.18786402081071
"01803","Burlington","MA","Lahey Clinic GIM","41 Mall Rd, Burlington, MA 01803","01803",42.484162473249725,-71.2046031105613
"01803","Burlington","MA","Northeast Dermatology Associates - Burlington","83 Cambridge Street Suite 1A","01803",42.49454116821289,-71.19503021240234
"01810","Andover","MA","Tewksbury Hospital","365 East St","01876",42.609042926154345,-71.21915102005005
"01810","Andover","MA","Circle Health Urgent Care - Tewksbury","1574 Main St","01876",42.59842300415039,-71.2174301147461
"01810","Andover","MA","AFC Urgent Care North Andover","129 Turnpike St.","01845",42.675540924072266,-71.13066101074219
"01810","Andover","MA","Academy Manor","89 Morton St","01810",42.6556355448029,-71.12896737698802
"01810","Andover","MA","Northeast Dermatology Associates - Turnpike","538 Turnpike Street","01845",42.666465,-71.115371
"01810","Andover","MA","Northeast Dermatology Associates - Mass Ave","198 Massachusetts Ave.","01845",42.69593048095703,-71.13758087158203
"01810","Andover","MA","Accessible Home Health Care","800 Turnpike St Ste 300","01845",42.659776,-71.107315
"01810","Andover","MA","Griswold Home Care","300 Brickstone Square","01810",42.675304,-71.14587399999999
"01810","Andover","MA","Pro Weight Loss North Andover","800 Turnpike St Suite 300","01845",42.6607381,-71.1072514
"01821","Billerica","MA","Circle Health Urgent Care - Billerica","199 Boston Rd","01862",42.58049119350518,-71.28968238830566
"01821","Billerica","MA","12 Step Education Program","not_available","01821",42.57049199855796,-71.2889608362734
"01824","Chelmsford","MA","Saints Medical Center - Occupational Health and Urgent Care","85 Parkhurst Rd","01824",42.62514114379883,-71.359130859375
"01824","Chelmsford","MA","AFC Urgent Care Chelmsford","not_available","01824",42.625213,-71.361525
"01824","Chelmsford","MA","VA Lowell Clinic","130 Marshall Rd","01852",42.621095000000004,-71.31455799999999
"01826","Dracut","MA","Circle Health Urgent Care - Dracut","9 Loon Hill Rd","01826",42.6715927,-71.2949523
"01826","Dracut","MA","Pokemon Center","100 Pawtucket St, Lowell, MA 01854","01854",42.65214157104492,-71.32034301757812
"01826","Dracut","MA","Saints Medical Center Urgent Care/Walk-In","1565 Bridge St.","01852",42.665286676295445,-71.3036298751831
"01826","Dracut","MA","Room 410 Saints Medical Center","not_available","01826",42.654436,-71.282776
"01826","Dracut","MA","Lowell general OR","not_available","01854",42.64973042219254,-71.33183241977223
"01830","Haverhill","MA","Merrimack Valley Hospital","140 Lincoln Ave","01830",42.76566295702432,-71.0450497282227
"01830","Haverhill","MA","Whittier Pavilion","76 Summer St","01830",42.778608,-71.072935
"01830","Haverhill","MA","MedExpress Urgent Care","296 Main Street","01830",42.7809888,-71.0781465
"01830","Haverhill","MA","Anna Jaques Hospital","not_available","01830",42.77599,-71.075161
"01830","Haverhill","MA","Merrimack Valley Gynecology","62 Brown St","01830",42.76529497478418,-71.04550241285732
"01830","Haverhill","MA","Harborside Hospice, LLC","241 Winter Street, Suite 201","01831",42.777887,-71.086546
"01830","Haverhill","MA","Oxford Rehab","600 Main St","01830",42.791563000000004,-71.08293
"01830","Haverhill","MA","Hospitality Network","not_available","33422",42.80276901711794,-71.08325958251952
"01830","Haverhill","MA","Northeast Dermatology Associates - Haverhill","62 Brown St., Suite 304C","01830",42.765198,-71.045008
"01832","Haverhill","MA","Whittier Rehab Hospital","not_available","01835",42.7611951153403,-71.11906280080454
"01833","Georgetown","MA","Baldpate Hospital","83 Baldpate Rd","01833",42.704663000000004,-71.011555
"01835","Haverhill","MA","AFC Urgent Care Methuen","380 Merrimack St","01844",42.74801,-71.12998
"01840","Lawrence","MA","Lawrence General Hospital","1 General St","01841",42.70952210175362,-71.15093851475906
"01840","Lawrence","MA","Lawrence General Hospital - Emergency Room","Prospect St.","01841",42.70964069615338,-71.14893576089396
"01840","Lawrence","MA","Work Health","50 Prospect St","01841",42.709809,-71.149958
"01840","Lawrence","MA","Lawrence CSU","not_available","01840",42.70718680978036,-71.14903788341354
"01841","Lawrence","MA","SMG Primary Care of Lawrence","25 Marston St","01841",42.706703186035156,-71.14582824707031
"01841","Lawrence","MA","nevins nursing and rehab","not_available","01844",42.72082508888208,-71.18348337223833
"01844","Methuen","MA","Holy Family Hospital","70 East St","01844",42.7275945,-71.1681541
"01844","Methuen","MA","Parkland Urgent Care at Salem","31 Stiles Rd Ste 1100","03079",42.77233735765868,-71.2484461069107
"01844","Methuen","MA","Urgent Care And Drug Tests","not_available","03079",42.786983,-71.23336
"01844","Methuen","MA","Saints Medical Center Dialysis - Methuen","100 Milk St","01844",42.742536850071545,-71.15434885025024
"01850","Lowell","MA","Lowell General Hospital at Saints Campus","1 Hospital Dr","01852",42.64522661859002,-71.30077537030591
"01850","Lowell","MA","Saints Campus Imaging","not_available","01852",42.645383,-71.301405
"01850","Lowell","MA","Saints Medical Center Walk In Clinic","Bridge St","not_available",42.648369,-71.304418
"01854","Lowell","MA","Lowell General Hospital","295 Varnum Ave","01854",42.6474506158804,-71.34206056594843
"01854","Lowell","MA","Lowell General Hospital Cancer Center","not_available","01876",42.64822324427195,-71.34179564517997
"01854","Lowell","MA","Group Fun","373-381 Varnum Ave","01854",42.64589817,-71.34440617
"01854","Lowell","MA","Encompass Health Rehabilitation Hospital of New England at Lowell","1071 Varnum Ave","01854",42.645547,-71.366229
"01863","North Chelmsford","MA","Lowell General Chelmsford Patient Service Center","10 Research Pl","01863",42.626965341433916,-71.36592693788637
"01867","Reading","MA","Hallmark Health Urgent Care","30 New Crossing Rd","01867",42.517826080322266,-71.09555053710938
"01867","Reading","MA","AFC Urgent Care - Stoneham","16 Main Street","02180",42.500404357910156,-71.10060119628906
"01879","Tyngsboro","MA","Lowell General Hospital - Tyngsboro","100 Potash Hill Rd","01879",42.665307102411546,-71.42154969885382
"01879","Tyngsboro","MA","Trinity EMS (Tyngsboro)","Progress Ave","not_available",42.682411125750335,-71.44188261136601
"01886","Westford","MA","Senior Helpers","66 Tadmuck Rd","01886",42.574490000000004,-71.405968
"01886","Westford","MA","Circle Health Urgent Care - Westford","198 Littleton Rd","01886",42.564250758119776,-71.42620414495474
"01887","Wilmington","MA","Concentra Urgent Care","66B Concord Street","01887",42.55851167062279,-71.13681524991989
"01887","Wilmington","MA","Winchester Hospital Urgent Care, Wilmington","500 Salem St","01887",42.57975769042969,-71.14463806152344
"01890","Winchester","MA","Winchester Hospital Imaging Ultrasound","1021 Main St","01890",42.46535110473633,-71.14508819580078
"01890","Winchester","MA","Winchester Hospital - Labor and Delivery","41 Highland Ave, Winchester, MA 01890","01890",42.46586669866589,-71.12213816455122
"01890","Winchester","MA","Privilege","40 Church Street","01890",42.4511284,-71.1390261
"01901","Lynn","MA","Elder Service Plan of the North Shore","20 School St","01902",42.466116,-70.941283
"01901","Lynn","MA","Lynn Hospital","not_available","01901",42.465094,-70.94345
"01902","Lynn","MA","Bayridge Hospital","60 Granite St","01904",42.471554,-70.9569612
"01902","Lynn","MA","Step Ahead Physical Therapy","161 Eastern Avenue","01902",42.4724203,-70.92570450000001
"01902","Lynn","MA","Lynch Memorial Hospital","not_available","01902",42.468577,-70.941188
"01902","Lynn","MA","Atlantic Ambulance- Lynn","5 Stetson St","01904",42.47461958550371,-70.95608488234025
"01902","Lynn","MA","Squadie Truck","53 N Franklin St","01904",42.471526000000004,-70.961557
"01904","Lynn","MA","Union Hospital","500 Lynnfield St","01904",42.50177119735922,-70.97969546358327
"01904","Lynn","MA","Union Hospital Emergency Room","not_available","01904",42.501324,-70.979885
"01904","Lynn","MA","phillips Manor Nursing Home","Linwood St","01905",42.470253,-70.964974
"01904","Lynn","MA","Mass General Brigham Urgent Care - Lynn","480 Lynnfield St Ste 1A","01904",42.5016657,-70.9792433
"01906","Saugus","MA","AFC Urgent Care Saugus","371 Broadway","01906",42.487365,-71.018419
"01906","Saugus","MA","Annemark","not_available","02151",42.4385493143481,-71.01748146065279
"01907","Swampscott","MA","Northeast Dermatology Associates - Salem","Paradise Plaza, 5 Paradise Rd.","01970",42.48522186279297,-70.89942932128906
"01907","Swampscott","MA","Reflexology with John Bongiorno","9 Linden Ave","01970",42.488331,-70.896836
"01907","Swampscott","MA","AFC Urgent Care Swampscott","450 Paradise Rd","01907",42.48279280000001,-70.9045223
"01913","Amesbury","MA","ConvenientMD Urgent Care","not_available","01950",42.821273,-70.904455
"01913","Amesbury","MA","Kratom EMT Time","not_available","01913",42.8678600439623,-70.9563314600466
"01913","Amesbury","MA","Pedi Clinic","not_available","03827",42.878575,-70.973865
"01915","Beverly","MA","Beverly Hospital","133 Brimbal Ave","01915",42.56448684602699,-70.87574057025508
"01915","Beverly","MA","Beverly Hospital","85 Herrick St","01915",42.5644962,-70.8758405
"01915","Beverly","MA","Beverly Hospital Emergency Department","not_available","01915",42.563812329159795,-70.87530103242862
"01915","Beverly","MA","Wound Center & Hyperbaric Medicine Center","Cummings Center","01915",42.56209571782209,-70.88709688238939
"01915","Beverly","MA","Children's Hospital North","1 Essex Center Dr","01960",42.55184476666667,-70.87926465
"01915","Beverly","MA","Encompass Health Rehabilitation Hospital of New England at Beverly","800 Cummings Ctr Ste 147U","01915",42.5604465,-70.8874204
"01915","Beverly","MA","Ledgewood","87 Herrick St","01915",42.56549772828784,-70.87509786345535
"01915","Beverly","MA","Danvers Lunatic Asylum","not_available","01923",42.55917464052956,-70.91890575905937
"01915","Beverly","MA","Northeast Dermatology Associates - Beverly","138 Conant Street","01915",42.573321,-70.906246
"01923","Danvers","MA","Beverly Hospital At Danvers","480 Maple St","01923",42.584337759424194,-70.97200627076526
"01923","Danvers","MA","Mass General / North Shore","102 Endicott St","01923",42.54843397634065,-70.93299378543895
"01923","Danvers","MA","Danvers State Mental Hospital","50 Hathorne Green","01923",42.58144378677905,-70.97311884438382
"01923","Danvers","MA","New England Rehab at Danvers Hospital","75 Lindall St","01923",42.574351,-70.94372
"01923","Danvers","MA","CareWell Urgent Care","229 Andover St","01960",42.547189,-70.94727
"01923","Danvers","MA","Audiology @ MGH North shore","104 Endicott St","01923",42.548418,-70.933002
"01930","Gloucester","MA","Addison Gilbert Hospital","298 Washington St","01930",42.62523958739283,-70.68063423173038
"01930","Gloucester","MA","Gloucester HealthCare","272 Washington St","01930",42.62395855,-70.67856245
"01930","Gloucester","MA","Lahey Health Urgent Care, Gloucester","305 Gloucester Crossing Rd","01930",42.622291564941406,-70.65633392333984
"01930","Gloucester","MA","Northeast Dermatology Associates - Gloucester","1 Blackburn Drive","01930",42.6269909,-70.6556036
"01938","Ipswich","MA","Action Linebrook","not_available","01938",42.684461,-70.919625
"01940","Lynnfield","MA","Lahey Health Urgent Care, Lynnfield","1350 Market St","01940",42.51679144319336,-71.03334955584677
"01940","Lynnfield","MA","Facility","693 Market Street","01940",42.5167498,-71.0351352
"01945","Marblehead","MA","Nsmc ER","Highland ave","01970",42.505489,-70.897566
"01945","Marblehead","MA","Step Ahead Physical Therapy","14 Bessom Street","01945",42.500237,-70.85967699999999
"01945","Marblehead","MA","Northeast Dermatology Associates - Marblehead","1 Widger Road Suite 301","01945",42.4946174621582,-70.87213897705078
"01950","Newburyport","MA","Anna Jaques Hospital","25 Highland Ave","01950",42.81417341216096,-70.89116673662846
"01950","Newburyport","MA","Anna Jaques Emergency Room","Highland Avenue","01950",42.814494089025786,-70.89189893445271
"01950","Newburyport","MA","Anna Jaques Hospital Radiology Department","Highland Ave","01950",42.81457948719376,-70.89126543447836
"01950","Newburyport","MA","Northeast Dermatology Associates - Newburyport","1 Wallace Bashaw JR Way, Suite 1002","01950",42.81301900309449,-70.89294944509777
"01960","Peabody","MA","Boston Children's North","10 Centennial Dr","01960",42.5257491865861,-70.95232583157043
"01960","Peabody","MA","Shields MRI at Lahey Essex North","not_available","01960",42.535332906876526,-70.94672427413957
"01960","Peabody","MA","Boston Children's at Peabody","10 Centennial Drive","01960",42.526186,-70.953418
"01960","Peabody","MA","Kindred Hospital Boston North Shore","15 King St","01960",42.52902,-70.937798
"01970","Salem","MA","NSMC Salem Hospital","81 Highland Ave","01970",42.51124622143515,-70.90663659210071
"01970","Salem","MA","Spaulding Rehabilitation Hospital","14 Dove Ave.","01970",42.51172140524062,-70.90563285485302
"01970","Salem","MA","NSMC CSU","not_available","01970",42.510782,-70.906124
"01970","Salem","MA","Mass General for Children","Highland Ave","not_available",42.5119709665128,-70.90655172048399
"01970","Salem","MA","Salem Dialysis","10 Colonial Rd","01970",42.509525299072266,-70.90056610107422
"01970","Salem","MA","North Shore Children's Hospital","57 Highland Ave","01970",42.51197821723939,-70.90649020926489
"02019","Bellingham","MA","ConvenientMD Urgent Care","245 Hartford Avenue","02019",42.11124087,-71.46159735
"02021","Canton","MA","CareCentral Urgent Care","286 Washington St","02072",42.138323,-71.100013
"02021","Canton","MA","New England Baptist Outpatient Care Center","40 Allied Dr","02026",42.225072298271485,-71.17163507153971
"02021","Canton","MA","Dedham HealthCare","1007 East St","02026",42.228246,-71.162785
"02021","Canton","MA","Mass General Brigham Urgent Care - Canton","95 Washington St","02021",42.14045154989335,-71.14686895789583
"02021","Canton","MA","Mass General Brigham Urgent Care - Westwood","90 Brigham Way","02090",42.2097729883187,-71.14908165333179
"02021","Canton","MA","PhysicianOne Urgent Care Westwood","211 University Avenue, University Station","02090",42.2047447,-71.1534729
"02021","Canton","MA","Red Cross Blood Drive Instron","not_available","02062",42.18546676635742,-71.16546630859375
"02026","Dedham","MA","VA Hospital","1400 Veterans of Foreign Wars Pkwy","02132",42.27469220632847,-71.17289035629892
"02026","Dedham","MA","AFC Urgent Care Dedham","370 Providence Hwy","02026",42.250826,-71.171443
"02026","Dedham","MA","RSU/NewBridge","5000 Great Meadow Rd","02026",42.266352000000005,-71.195044
"02026","Dedham","MA","Magnus Med Web","220 Kinderkamack Rd, Westwood","07675",42.21408870789412,-71.22378587722778
"02026","Dedham","MA","Northeast Dermatology Associates - West Roxbury","1208B VFW Parkway, Suite 200","02132",42.279258728027344,-71.16924285888672
"02030","Dover","MA","Beth Israel Deaconess Hospital","148 Chestnut St","02492",42.27708537841342,-71.23686460364041
"02035","Foxboro","MA","Cottage Caregivers","20 Cabot Blvd #300","02048",42.02803039550781,-71.24404907226562
"02035","Foxboro","MA","Southwood Community Hospital (Defunct)","111 Dedham St","02056",42.096737,-71.288857
"02035","Foxboro","MA","SERVPRO of Taunton/Mansfield","PO Box 2305","02780",42.03276713950524,-71.2199342250824
"02035","Foxboro","MA","Mario Hearing and Tinnitus Clinics","20 Cabot Blvd","02048",42.02803039550781,-71.24404907226562
"02035","Foxboro","MA","Jesse''s Palm & Tarot Card Reading","4 Central St","02035",42.06424331665039,-71.24962615966797
"02038","Franklin","MA","MedPost Urgent Care","648 Old West Central St Ste C","02038",42.091102,-71.423725
"02043","Hingham","MA","CareWell Urgent Care - Norwell","42 Washington St","02061",42.1732292175293,-70.88214874267578
"02043","Hingham","MA","Northeast Dermatology Associates","75 Washington Street","02061",42.17422103881836,-70.87881469726562
"02043","Hingham","MA","South Shore Hospital Ambulatory Surgery Center","2 Pond Park","not_available",42.1759147644043,-70.9181900024414
"02048","Mansfield","MA","Beth-Israel Hospital","330 Brookline Ave","02215",41.9889,-71.19003
"02050","Marshfield","MA","Pembroke Hospital","199 Oak St","02359",42.097698647360644,-70.76482716382532
"02056","Norfolk","MA","KingaMed","314 Main St","02056",42.112357,-71.351614
"02061","Norwell","MA","Hanover Family Health & Urgent Care, Surender Singh, MD","1399 Washington St","02339",42.144135999999996,-70.84408499999999
"02062","Norwood","MA","Norwood Urgent Care","1210 Boston Providence Tpke Ste E","02062",42.1709750762639,-71.19404821095642
"02062","Norwood","MA","Ellis Nursing Home","135 Ellis Ave","02062",42.20707,-71.187071
"02062","Norwood","MA","Norwood MRI","Washington Street","not_available",42.18878936767578,-71.2015380859375
"02062","Norwood","MA","Norwood HealthCare","460 Washington Street","02062",42.19806,-71.1979
"02062","Norwood","MA","Norwood Hospital","800 Washington St","02062",42.18889444713368,-71.2019442175347
"02062","Norwood","MA","Boston Children's Physicians Norwood","269 Walpole Street","02062",42.184295,-71.213193
"02062","Norwood","MA","Robert Condon, OD","736 Washington St","02062",42.1915304,-71.2022298
"02062","Norwood","MA","Keymed Supplies","300 Buckminster Dr","02062",42.171174,-71.22122900000001
"02062","Norwood","MA","ENT Specialists, Inc. - Norwood","825 Washington Street Suite 310","02062",42.1886914,-71.2037978
"02067","Sharon","MA","ThermoWave Therapy","68 Baldwin Dr","02067",42.139925,-71.17988299999999
"02072","Stoughton","MA","GSMC Emergency Room","235 N Pearl St","02301",42.098228415426696,-71.06115732636944
"02072","Stoughton","MA","North Easton Surgery Center","15 Roche Brothers Way","02356",42.08973693847656,-71.09473419189453
"02072","Stoughton","MA","Good Samaritan SurgiCenter","909 Sumner St","02072",42.10076904296875,-71.08174133300781
"02072","Stoughton","MA","SMG Brockton Pulmonary","1 Pearl St Ste 1500","02301",42.0888949,-71.064773
"02072","Stoughton","MA","Good SAMARITAN HOSPITAL EMS ROOM","not_available","02301",42.09804511784523,-71.0610036590722
"02072","Stoughton","MA","SMG Endocrinology - Brockton","830 Oak St Ste 201W","02301",42.09877371659987,-71.06086642096255
"02072","Stoughton","MA","Steward Center for Weight Control - Brockton","1 Pearl St Ste 2000","02301",42.0888977,-71.0648107
"02072","Stoughton","MA","ENT Specialists, Inc. - Brockton","35 Pearl Street 1st Floor","02301",42.0878097,-71.0648185
"02093","Wrentham","MA","ConvenientMD Urgent Care","86 Taunton St","02762",42.0281344,-71.31048129999999
"02093","Wrentham","MA","ENT Specialists, Inc. - Plainville","188 Washington Street","02762",42.0281565,-71.3115021
"02108","Boston","MA","CT Scan Dept Mass General","not_available","02114",42.35987132743684,-71.06575083481682
"02108","Boston","MA","MGH Fertility Center","55 Fruit St","02114",42.361884,-71.069371
"02108","Boston","MA","Mgh Anesthesia Call Room","Fruit St","02114",42.360735917453944,-71.06779361231277
"02108","Boston","MA","Drug & Alcohol Rehab Boston","1 State St #551","02109",42.35846710205078,-71.05764770507812
"02108","Boston","MA","MGH Clinical Neurophysiology Lab","5 Blossom St","02114",42.36185073852539,-71.06661224365234
"02108","Boston","MA","MGH Downtown","294 Washington St","02108",42.357144,-71.058049
"02108","Boston","MA","MGH Ellison 18","not_available","02141",42.36126418230712,-71.07121756304461
"02108","Boston","MA","Mgh Specialized Healthcare Services (10th Floor)","50 Staniford St","02114",42.361672,-71.064109
"02109","Boston","MA","VA Boston Health Care System","251 Causeway St","02114",42.36640548706055,-71.05890655517578
"02109","Boston","MA","Addiction Solutions","71 Commercial St #47","02109",42.36233338659881,-71.05433464050293
"02109","Boston","MA","Spaulding Nursing and Therapy Center North End","70 Fulton St","02109",42.362431,-71.053573
"02109","Boston","MA","Downtown Boston Dental","21 Merchants Row Ste 2A","02109",42.3594451,-71.0553946
"02110","Boston","MA","Innoneo","1 International Pl Fl 14","02110",42.35596726509938,-71.05297207832336
"02110","Boston","MA","jeffrey carson","125 Summer St","02110",42.353050231933594,-71.05748748779297
"02111","Boston","MA","Tufts Medical Center","800 Washington St","02111",42.349512,-71.06330799999999
"02111","Boston","MA","Tufts Medical Center Emergency Room","not_available","02111",42.34891259429331,-71.06337419091044
"02111","Boston","MA","Tufts Medical Center - New England Cardiac Arrythmia Center","860 Washington St","02111",42.34870756946487,-71.06398873285053
"02111","Boston","MA","Proger Building","800 Washington Street, Proger Building","02111",42.34993802625441,-71.06335932779967
"02111","Boston","MA","Pratt Building","800 Washington Street, Pratt Building","02111",42.34945,-71.06365
"02111","Boston","MA","Tufts Center For Pre-Operative Assessment","800","02111",42.348636,-71.063655
"02111","Boston","MA","Kidney Transplant/Dialysis Association,","not_available","02205",42.35071056661143,-71.0541844367981
"02114","Boston","MA","Lunder Building (MGH)","45 Fruit St","02114",42.36362773558137,-71.06853583919803
"02114","Boston","MA","Mass General Cancer Center Admin Office","Lawrence House","not_available",42.36221796182732,-71.06928506556795
"02114","Boston","MA","Shriners Hospitals for Children","51 Blossom St","02114",42.36310612618215,-71.06657619119473
"02115","Boston","MA","Brigham and Women's Hospital","75 Francis St","02115",42.33599207260953,-71.10712088186774
"02115","Boston","MA","Dana-Farber Cancer Institute","450 Brookline Ave","02215",42.3374895,-71.1081414
"02115","Boston","MA","Boston Children's Hospital","300 Longwood Ave","02115",42.33770528874969,-71.105572730164
"02115","Boston","MA","Peter Bent Brigham Building","15 Francis St","02115",42.33517931063576,-71.10463728955021
"02115","Boston","MA","Beth Israel Hospital West Clinical Center","1 Deaconess Rd","02215",42.33814280055222,-71.1088906970227
"02115","Boston","MA","Beth Israel Deaconess Medical Center, West Campus - Farr Building","185 Pilgrim Rd","02215",42.33830125590251,-71.10954821697956
"02115","Boston","MA","Children's Hospital Boston ER","300 Longwood Ave, Boston, MA 02115","02115",42.33773850301577,-71.10561456052255
"02115","Boston","MA","Beth Israel Deaconess Emergency Room","110 Francis St","02215",42.33796581976967,-71.10953990345357
"02115","Boston","MA","Dana farber Head And Neck, 11th Floor","not_available","02115",42.337081,-71.108119
"02115","Boston","MA","Dana Farber Blood Lab 2nd Floor","75 Jimmy Fund Way","02115",42.33763,-71.108393
"02115","Boston","MA","Farr Memorial Building","175-191 Pilgrim Rd","02215",42.33833610808051,-71.10953208294491
"02115","Boston","MA","MGH Back Bay HealthCare Center","388 Commonwealth Ave","02215",42.348854275728506,-71.09002151031422
"02115","Boston","MA","Ct Scan At Dana Farber","Jimmy fund Way","02115",42.337557,-71.107507
"02115","Boston","MA","Brigham & Women Surgical Dept","75 Francis St, Boston, MA 02115","02115",42.33600748740079,-71.10740416259944
"02115","Boston","MA","Mass. Eye and Ear, Longwood","800 Huntington Ave","02115",42.33312985175444,-71.10727800292888
"02116","Boston","MA","Partners Urgent Care Boston Common","not_available","02116",42.351227,-71.065959
"02116","Boston","MA","Walkin On Bone","900 Boylston St","02115",42.349029,-71.084721
"02116","Boston","MA","Mass General Brigham Urgent Care - Boston Common","137 Stuart St Ste A7","02116",42.351316,-71.065906
"02116","Boston","MA","Urgent Care Walk-in Medical Clinic","581 Boylston St","02116",42.35074228255108,-71.07360363006592
"02116","Boston","MA","Tufts Neurology Dept","Tremont st","not_available",42.350216594220356,-71.065158891703
"02116","Boston","MA","Boston Nutrition (Boston Nutrition Inc)","278 Clarendon St Suite 2","02116",42.3539043,-71.0769599
"02118","Boston","MA","Boston Medical Center","1 Boston Medical Ctr Pl","02118",42.33482640825546,-71.0738754575343
"02118","Boston","MA","Shapiro Ambulatory Care Center At Boston Medical Center","725 Albany St","02118",42.33480286109987,-71.07203263316512
"02118","Boston","MA","Boston Medical Center ER","771 Albany St","02118",42.33416168179921,-71.07260895952494
"02118","Boston","MA","Boston Medical Menino Pavilion (BMC)","840 Harrison Ave","02118",42.33490464948377,-71.07350003864069
"02118","Boston","MA","BMC ER Ambulance Bay","not_available","02118",42.33431966238445,-71.07234373955487
"02118","Boston","MA","Belkin Breast Health Center","830 Harrison Ave","02118",42.334983825683594,-71.07328033447266
"02118","Boston","MA","Boston Medical Center Trauma Surgery & Critical Care","751 Albany St","02118",42.33412551879883,-71.07321166992188
"02118","Boston","MA","Franciscan Children’s Hoapital","30 Warren St","02135",42.329781,-71.083063
"02118","Boston","MA","Boston Medical Center Department Of Orthopaedic Surgery","725 Albany St Ste 4B","02118",42.33475857786439,-71.0717746777349
"02118","Boston","MA","BMC SICU","Mass Ave","02118",42.33468246459961,-71.0731201171875
"02118","Boston","MA","Boston Medical Center Emergency Services Team (B.E.S.T)","85 East Newton St","02118",42.33643188450943,-71.07098322513122
"02118","Boston","MA","BOSTON MEDICAL CTR (HAWLEY BLDG)","HARRISON AVE","not_available",42.3328814116523,-71.07263936465348
"02118","Boston","MA","Boston Medical Center Room 804","88 East Newton St","02118",42.337440490722656,-71.07139587402344
"02118","Boston","MA","Orthopedics","Tremont st.","02116",42.343942684784835,-71.06176390730117
"02118","Boston","MA","BMC Yawkey Center Pediatrics","850 Harrison Ave Fl 5","02118",42.334381103515625,-71.07443237304688
"02118","Boston","MA","Wish","730 Massachusetts Ave","02118",42.335707,-71.075932
"02119","Roxbury","MA","Boston Children's Primary Care at Martha Eliot","75 Bickford Street","02130",42.32448008,-71.10215361
"02119","Roxbury","MA","Roxbury Multi Service Center","321 Blue Hill Ave","02121",42.313481,-71.07973
"02119","Roxbury","MA","Spine Center","125 Parker Hill Ave","02120",42.330539758137455,-71.10073778661908
"02119","Roxbury","MA","MGH Blood Bus","10 Saint James St","02119",42.325931549072266,-71.0843276977539
"02119","Roxbury","MA","Radius Specialty Hospital","36 Townsend st.","02119",42.318534899531684,-71.09223212308028
"02119","Roxbury","MA","617 Nutrition","953 Massachusetts Ave","02118",42.3293831,-71.0693112
"02120","Roxbury Crossing","MA","VA Boston Healthcare System","150 S Huntington Ave","02130",42.32672033829476,-71.11074443502562
"02121","Dorchester","MA","Lemuel Shattuck Hospital","170 Morton St","02130",42.29908231484862,-71.10135288928845
"02122","Dorchester","MA","Carney Hospital","2100 Dorchester Ave","02124",42.27806415464159,-71.06593500363539
"02122","Dorchester","MA","andrew house detox center","not_available","02125",42.322598453563515,-70.96467879695369
"02122","Dorchester","MA","EasCare Ambulance","500 Neponset Ave","02122",42.285529742399035,-71.0402612950734
"02124","Dorchester Center","MA","Milton EMS","95 Eliot St","02186",42.26995849609375,-71.07244873046875
"02124","Dorchester Center","MA","Boston EMS","not_available","02126",42.27185078822457,-71.07973303811467
"02128","East Boston","MA","EBNHC","10 Gove St","02128",42.37228012084961,-71.03817749023438
"02128","East Boston","MA","Quigley Memorial Hospital","not_available","02128",42.39381408691406,-71.01033782958984
"02128","East Boston","MA","East Boston Neighborhood Health Center Elder Service Plan","30 Gove St","02128",42.371983,-71.037696
"02128","East Boston","MA","East Boston Neighborhood Health Center","20 Maverick Sq","02128",42.36956456465398,-71.0394301716366
"02129","Charlestown","MA","Partners HealthCare / MGH - Charlestown Navy Yard (CNY)","149 13th St","02129",42.377105170989864,-71.05270724915515
"02129","Charlestown","MA","Spaulding Rehabilitation Hospital","300 1st Ave","02129",42.37847112968563,-71.04890220803142
"02129","Charlestown","MA","Children's Hospital Boston Otolaryngology and Communication Enhancement","333 Longwood Ave","02115",42.38284,-71.07764
"02130","Jamaica Plain","MA","Brigham and Women's Faulkner Hospital","1153 Centre St","02130",42.30142846716464,-71.12824559211731
"02130","Jamaica Plain","MA","Brigham and Women's Faulkner Hospital Sagoff Center","not_available","02130",42.301627,-71.127226
"02130","Jamaica Plain","MA","Cloud 9 Float & Wellness","162 South ST","02130",42.304098605594056,-71.11451268196106
"02130","Jamaica Plain","MA","Roslindale Podiatry","4199 Washington St","02131",42.287180757712406,-71.1280130295795
"02130","Jamaica Plain","MA","Arbour Hospital","49 Robinwood Avenue","02130",42.315774,-71.112267
"02131","Roslindale","MA","Cataldo Ambulance Boston Base","34 Lochdale Rd","02131",42.29419067051541,-71.12082505531035
"02132","West Roxbury","MA","Emerson Building","not_available","02467",42.29865829120731,-71.14899001559718
"02132","West Roxbury","MA","Dodge Building","300 South St","02467",42.29833221435547,-71.14934539794922
"02132","West Roxbury","MA","Chestnut Hill Dental","631-A VFW Parkway","02467",42.2962219,-71.1560287
"02134","Allston","MA","Harvard University Health Services","75 Mount Auburn St","02138",42.372385792336175,-71.11882460417752
"02134","Allston","MA","Maria Zuckerman's Office- HRI hospital","227 Babcock Street","02446",42.3507761,-71.1212243
"02134","Allston","MA","Chemo","not_available","02215",42.349620809309485,-71.11360832405795
"02134","Allston","MA","SoundStairs","300 Blackfan Circle","02115",42.34994859767809,-71.13235632598615
"02134","Allston","MA","Kennedy Hope Academy (FHFC)","30 Warren Street","not_available",42.34993362426758,-71.14256286621094
"02134","Allston","MA","Kindred Hospital Boston","1515 Commonwealth Ave","02135",42.346579999999996,-71.141879
"02134","Allston","MA","SECOND FLOOR","North Beacon Street","02134",42.35415165273146,-71.14314794540405
"02134","Allston","MA","Computer Central","North Beacon Street","02135",42.35416750983511,-71.14319086074829
"02135","Brighton","MA","St. Elizabeth's Medical Center","736 Cambridge St","02135",42.3489047,-71.1480227
"02135","Brighton","MA","AFC Urgent Care Watertown","376 Arsenal St","02472",42.36391830444336,-71.16534423828125
"02135","Brighton","MA","Spaulding Outpatient Center Brighton","280 Washington St","02135",42.34830856323242,-71.15033721923828
"02135","Brighton","MA","St. E's Ambulance Bay","Washington st.","02135",42.3485223,-71.149434
"02135","Brighton","MA","SMG Plastic Surgery","11 Nevins St","02135",42.349841,-71.146987
"02135","Brighton","MA","Yawkey (DFCI) Med Room 9","420 Chestnut Hill Ave","02445",42.33508101666666,-71.14837286666666
"02135","Brighton","MA","GI Unit","not_available","02135",42.348854,-71.148561
"02135","Brighton","MA","The Hearing Aid Center at Steward St. Elizabeth's Medical Center","736 Cambridge St., St. Margaret's Center 8th Floor","02135",42.3496485890175,-71.1483207032822
"02138","Cambridge","MA","Mount Auburn Hospital","300 Mount Auburn St","02138",42.37439206099105,-71.13433408856575
"02138","Cambridge","MA","Spaulding Hospital for Continuing Medical Care Cambridge","1575 Cambridge St","02138",42.37525193029068,-71.1072369372089
"02138","Cambridge","MA","CareWell Urgent Care","601-603 Concord Ave","02138",42.3889255,-71.1444937
"02138","Cambridge","MA","Somerville Hospital","33 Tower St","02143",42.3900624,-71.1094393
"02138","Cambridge","MA","Hoffman Breast Center, Mount Auburn Hospital","330 Mount Auburn St","02138",42.37408447265625,-71.13423156738281
"02138","Cambridge","MA","Somerville Hospital Radiology","230 Highland Ave","02143",42.389793395996094,-71.10975646972656
"02138","Cambridge","MA","Dr. Burton D. Rabinowitz","300 Mount Auburn St Ste 511","02138",42.374244689941406,-71.13432312011719
"02138","Cambridge","MA","Somerville Hospital Emergency Room","Tower St","02144",42.389637163330285,-71.1096083273419
"02138","Cambridge","MA","Somerville Hosptial","26 Central St","02143",42.38507843017578,-71.10604095458984
"02138","Cambridge","MA","Barf Town","not_available","02139",42.38734425505972,-71.11695065052282
"02138","Cambridge","MA","Neville Manor Nursing And Rehab","not_available","02138",42.389054,-71.148265
"02138","Cambridge","MA","Fertility Solutions","Mount Auburn Hospital 330 Mount Auburn Street","02138",42.37424,-71.13432
"02138","Cambridge","MA","MedPanel, Inc.","50 Church St","02138",42.37414428190191,-71.11280679702759
"02138","Cambridge","MA","Cambridge Health Alliance, Somerville Hospital, School of Nursing","125 Lower St 4th FL","02143",42.38845328293355,-71.10889652492652
"02139","Cambridge","MA","The Cambridge Hospital","1493 Cambridge St","02139",42.3748656,-71.1044036
"02139","Cambridge","MA","Windsor Street Medical Center","119 Windsor St","02139",42.3645761,-71.0966091
"02139","Cambridge","MA","CareWell Urgent Care","1400 Cambridge St","02139",42.373529,-71.100933
"02139","Cambridge","MA","Partners Urgent Care","76 Prospect St","02139",42.366982,-71.10231
"02139","Cambridge","MA","Cambridge Rolfing","335 Broadway","02139",42.370067,-71.102331
"02141","Cambridge","MA","MGH Blake 14 Family Room","55 Blossom St","02114",42.36355217002205,-71.06870487022462
"02143","Somerville","MA","Cataldo Ambulance Somerville Base","137 Washington St","02143",42.38091014982726,-71.08870619888688
"02144","Somerville","MA","Spaulding Outpatient Center","101 Main St Ste 101","02155",42.416067941674925,-71.1107496784718
"02144","Somerville","MA","Healing Impressions","269 Main St","02155",42.40925979614258,-71.10987091064453
"02144","Somerville","MA","Mass. Eye and Ear, Medford","101 Main St","02155",42.41578967907076,-71.11124038696289
"02144","Somerville","MA","mass general hospital","not_available","02155",42.41410146932522,-71.10409762844684
"02145","Somerville","MA","Carewell Urgent Care","349 Broadway","02145",42.39323333,-71.09476833
"02148","Malden","MA","Malden Hospital","100 Hospital Rd","02148",42.427046401281046,-71.0825638829093
"02148","Malden","MA","Hallmark Health VNA and Hospice","178 Savin St","02148",42.429528000000005,-71.086986
"02148","Malden","MA","Training center","350 Main St., Malden","not_available",42.4256706237793,-71.06824493408203
"02148","Malden","MA","Dexter House HealthCare","120 Main St","02148",42.419138000000004,-71.06625
"02149","Everett","MA","Whidden Memorial Hospital","103 Garland St","02149",42.40930229387444,-71.03967583068845
"02149","Everett","MA","CHA Everett Hospital Emergency Department","62 Lawrence Street","02149",42.409191706628405,-71.0393772896881
"02151","Revere","MA","MGH","Revere beach parkway","02151",42.40621883528305,-70.99218669480871
"02151","Revere","MA","Children's Hospital Boston - Six West","300 Longwood Ave Fl 6","02115",42.4020101496587,-71.00480524776937
"02152","Winthrop","MA","Winthrop Action Base","not_available","02152",42.37364,-70.972007
"02155","Medford","MA","PhysicianOne Urgent Care Medford","4110 Mystic Valley Parkway, Wellington Circle Plaza","02155",42.4054952,-71.0837071
"02155","Medford","MA","LMH Switchboard","170 Governors Ave","02155",42.426097,-71.111028
"02155","Medford","MA","Boston medical center radiology","850 Harrison Ave","02118",42.413945,-71.138053
"02169","Quincy","MA","QMC Emergency Room","114 Whitwell St","02169",42.25097055668859,-71.01468250366743
"02169","Quincy","MA","ConvenientMD Urgent Care","479 Washington St","02169",42.2475187,-70.9820782
"02169","Quincy","MA","The Hunt Mental Institution","20 1st St","02169",42.250325660483675,-70.98851250026777
"02169","Quincy","MA","Boston Facial Plastic Surgery","500 Congress St #2A","02169",42.23506164550781,-71.01602935791016
"02169","Quincy","MA","Quincy Pediatric Associates","191 Independence Ave","02169",42.232614,-71.00620500000001
"02169","Quincy","MA","QMC Maintenance dept.","not_available","02169",42.25109303954117,-71.01368882661285
"02169","Quincy","MA","Brewster Ambulance- Quincy","365 Washington St","02169",42.248653999999995,-70.987315
"02169","Quincy","MA","Mass. Eye and Ear, Quincy","500 Congress St","02169",42.234675,-71.01620799999999
"02169","Quincy","MA","Frank Cardarelli LLC","Chinese Medical Center 38 Billings Road","02171",42.2736701965332,-71.02538299560547
"02169","Quincy","MA","Health Express Urgent Care","119 Parkingway","02169",42.246364,-71.003051
"02169","Quincy","MA","SMG Multispecialty Clinic","54 Miller St","02169",42.243344028741696,-71.0260786441803
"02169","Quincy","MA","Wollaston Dental Group","628 Hancock Street","02170",42.2686549,-71.017462
"02176","Melrose","MA","Melrose - Wakefield Hospital","585 Lebanon St","02176",42.4599105,-71.0609894
"02176","Melrose","MA","Melrose Wakefield Medical Building","50 Rowe St","02176",42.45927158434567,-71.06078185201231
"02176","Melrose","MA","Melrose HealthCare","40 Martin St","02176",42.45707718,-71.07499566
"02176","Melrose","MA","MelroseWakefield Cardiovascular Center","585 Lebanon St Ste 401","02176",42.460237171271345,-71.06116354465485
"02176","Melrose","MA","Bodyography Wellness Center","18A Essex St","02176",42.456098,-71.0653907
"02176","Melrose","MA","The Elmhurst HealthCare","743 Main Street","02176",42.460089,-71.062167
"02184","Braintree","MA","Braintree Rehabilitation Hospital","250 Pond St","02184",42.1976443,-71.0182748
"02186","Milton","MA","Beth Israel Deaconess Hospital-Milton","199 Reedsdale Road","02186",42.2514762878418,-71.07730102539062
"02186","Milton","MA","Beth Isreal Deaconess Cafeteria","not_available","02186",42.251162,-71.07679
"02186","Milton","MA","Milton Hospital","199 Reedsdale Rd","02186",42.25124698354402,-71.0770640401538
"02186","Milton","MA","Mass. Eye and Ear, Milton","100 Highland St","02186",42.250662,-71.077083
"02186","Milton","MA","Apex Medical Associates Dr. Saraswathi Muppana","100 Highland St. Suite 103","02186",42.2506517,-71.0771224
"02188","Weymouth","MA","Asian Plan","4160 Front Street","48075",42.2032173725705,-70.95832228660583
"02188","Weymouth","MA","Developmental Medicine Center at Weymouth | Boston Children's Hospital","541 Main St","02190",42.18796469999999,-70.9558874
"02188","Weymouth","MA","Brewster Ambulance Service","25 Main St","02188",42.20662,-70.957
"02190","South Weymouth","MA","South Shore Hospital","55 Fogg Rd","02190",42.17554615745955,-70.95479726454118
"02190","South Weymouth","MA","South Shore Hospital - Oncology","not_available","02190",42.17558288574219,-70.95455932617188
"02190","South Weymouth","MA","Dana Farber/Brigham & Womens Cancer Center","816 Main St.","02190",42.17726770891424,-70.95474719219335
"02190","South Weymouth","MA","South Shore Hospital- Pratt 5","Fogg Road","not_available",42.176063,-70.954005
"02301","Brockton","MA","VA Medical Center - Brockton","940 Belmont St","02301",42.06328798663903,-71.05454439395263
"02301","Brockton","MA","Tristan Medical Easton / Brockton Care Center","1340 Belmont St","02301",42.056758880615234,-71.0697021484375
"02301","Brockton","MA","Good Samaritan Medical Center","Reynolds Memorial Hwy & Massachusetts 24","not_available",42.06190851752253,-71.06178712096535
"02301","Brockton","MA","Vet Center","Pearl Street","02301",42.05315753376806,-71.06770075901176
"02301","Brockton","MA","Michael L Shapiro D.M.D., P.C.","838 Pleasant St","02301",42.087325,-71.054389
"02301","Brockton","MA","Morton Hospital","2-56 Hill St","02302",42.083033323287964,-70.99857151508331
"02302","Brockton","MA","Brockton Hospital","680 Centre St","02302",42.087494119225084,-70.99128701348747
"02302","Brockton","MA","The Recovery Room At The Nelson Resort","not_available","02343",42.121171,-71.015848
"02302","Brockton","MA","Respiratory Care Office at Brockton Hospital","not_available","02302",42.08689957493049,-70.99143792790794
"02302","Brockton","MA","champion rehab & Health Care Center","2 Beaumont Ave","02302",42.08335876464844,-70.98697662353516
"02324","Bridgewater","MA","CareCentral Urgent Care","233 Broad St","02324",41.9960003,-70.9720684
"02324","Bridgewater","MA","Bridgewater State Hospital","20 Administration Rd","02324",41.94387544985409,-70.95607341918472
"02332","Duxbury","MA","Mass. Eye and Ear, Duxbury","20 Tremont St","02332",42.01424455035305,-70.72373628616333
"02332","Duxbury","MA","ROOM 381 Jordan hospital","not_available","02332",42.028749,-70.717233
"02333","East Bridgewater","MA","Mass. Eye and Ear, East Bridgewater","400 N Bedford St","02333",42.04382711030031,-70.95607995986938
"02333","East Bridgewater","MA","BAMSI","288 Bedford St","02382",42.068543,-70.948815
"02333","East Bridgewater","MA","Compass Medical Center","1 Compass Way","02333",42.04563546333928,-70.95664808977952
"02346","Middleboro","MA","Lakeville State Hospital","Rhode Island Rd.","02347",41.87908982604219,-70.93166000507384
"02346","Middleboro","MA","Zombie Land NB","Page Street","02346",41.84892485294047,-70.86835532662577
"02346","Middleboro","MA","Cranberry Specialty Hospital @ St Luke's","339-367 Centre St","02346",41.893918,-70.914442
"02346","Middleboro","MA","Compass Medical Urgernt Care","8 Commerce Blvd","02346",41.906169,-70.959108
"02346","Middleboro","MA","Oakhill HealthCare","76 North Street","02346",41.90155792236328,-70.91329956054688
"02346","Middleboro","MA","SMG New England Cardiology","511 W Grove St","02346",41.900349,-70.953607
"02346","Middleboro","MA","Neuro-Rehabilitation Center At Middleboro","23 Isaac St","02346",41.90200980892138,-70.91585211496957
"02347","Lakeville","MA","Tristan Medical Raynham Care Center","675 Paramount Dr","02767",41.90399,-71.0232
"02351","Abington","MA","Health Express Urgent Care","170 Bedford St","02351",42.10865,-70.94927
"02356","North Easton","MA","CareCentral Urgent Care","682 Depot St","02356",42.025163,-71.117393
"02360","Plymouth","MA","Beth Israel Deaconess Plymouth","not_available","02360",41.943367620273996,-70.6452319560737
"02360","Plymouth","MA","Jordan Hospital","275 Sandwich St","02360",41.9426878259679,-70.64477588201282
"02360","Plymouth","MA","Northeast Dermatology Associates","One Scobee Circle, Unit 3","02360",41.94938659667969,-70.70862579345703
"02360","Plymouth","MA","Fertility Solutions","101 Court St. 4th Floor, Suite 8","02360",41.959951,-70.66960499999999
"02360","Plymouth","MA","Health Express Urgent Care","59 Long Pond Rd","02360",41.930009000000005,-70.659174
"02360","Plymouth","MA","Beth Israel Breast Center","Overy St.","not_available",41.943214,-70.644671
"02360","Plymouth","MA","Joel Price Energy Medicine Center","225 Water Street Suite A208","02360",41.9653854,-70.6701019
"02360","Plymouth","MA","Plymouth Harborside HealthCare","19 Obery St","02360",41.94457621,-70.64961239
"02360","Plymouth","MA","Brewster Ems","16 Obery St","02360",41.944148999999996,-70.64733299999999
"02360","Plymouth","MA","Vein And Lazer Center Of New England","45 Resnik Rd","02360",41.952781677246094,-70.708740234375
"02360","Plymouth","MA","Public Spectacle Opticians","53 Court Street","02360",41.958465999999994,-70.66721
"02360","Plymouth","MA","Plymouth Dental Group","1 Scobee Circle Unit 2A","02360",41.9493554,-70.7086228
"02379","West Bridgewater","MA","West Bridgewater Dental","399 West Center Street","02379",42.0166319,-71.0350586
"02420","Lexington","MA","Integrated Muscular Therapy","363 Massachusetts Ave","02420",42.427787,-71.19967700000001
"02421","Lexington","MA","Mass. Eye and Ear, Waltham","1601 Trapelo Rd","02451",42.4187251,-71.2587515
"02421","Lexington","MA","Lahey Lexington","16 Hayden Ave","02421",42.422473242038144,-71.23398795089173
"02421","Lexington","MA","minuteman health occupations","not_available","02421",42.44401168823242,-71.25861358642578
"02421","Lexington","MA","Red Cross Blood Drive","not_available","02451",42.418954,-71.258379
"02421","Lexington","MA","PhysicianOne Urgent Care Waltham","1019 Trapelo Rd","02452",42.4113743,-71.2332375
"02445","Brookline","MA","Brigam & Women's Hospital/Partners Health Care","850 Boylston St","02467",42.32605977525936,-71.14904626429798
"02445","Brookline","MA","PhysicianOne Urgent Care Chestnut Hill","1210 Boylston St","02467",42.3230124,-71.1649868
"02445","Brookline","MA","Severe Tilt","Centre st","02130",42.31603,-71.114242
"02445","Brookline","MA","New England Baptist Surgicare","1 Brookline Pl","02445",42.332675,-71.115112
"02445","Brookline","MA","Warby Parker","33 Boylston St Space 4340","02467",42.3227864,-71.1687194
"02445","Brookline","MA","Northeast Dermatology Associates - Brookline","235 Cypress Street, Suite 200","02445",42.32691955566406,-71.12419128417969
"02445","Brookline","MA","The Boston Center for Facial Rejuvenation","1 Brookline Place Suite 427","02445",42.332834,-71.1150208
"02446","Brookline","MA","Partners Urgent Care - Brookline","1285 Beacon St","02446",42.342178000000004,-71.119681
"02446","Brookline","MA","BIDMC Transplant Institute","110 Francis St Ste 7","02215",42.33694076538086,-71.10989379882812
"02451","Waltham","MA","Mass General Orthopedic","52 2nd Ave","02451",42.39546,-71.26352
"02451","Waltham","MA","AFC Urgent Care Waltham","1030 Main St.","02451",42.37623,-71.25318
"02451","Waltham","MA","MGH Rheumatology","Second St","02451",42.394265,-71.265341
"02451","Waltham","MA","Waltham Walk-In","9 Hope Ave","02453",42.36980595172331,-71.24986410146448
"02452","Waltham","MA","Mount Auburn Hospital","not_available","02452",42.38616760685929,-71.20461864317802
"02452","Waltham","MA","Metropolitan State Hospital","Trapelo Rd","02452",42.40533187934525,-71.21318712359474
"02453","Waltham","MA","Thoreau","169-177 South St","02453",42.36934886666667,-71.25010115
"02453","Waltham","MA","24 Hours Care","73 Lexington St Ste LL5","02466",42.35771942138672,-71.23990631103516
"02453","Waltham","MA","BEMCo Office","415 South St","02453",42.366151,-71.255517
"02458","Newton","MA","Mass General Brigham Urgent Care - Watertown","11 Mount Auburn St","02472",42.365313,-71.183584
"02458","Newton","MA","Cataldo Ambulance - Newton","455 Watertown St","02460",42.359330193537915,-71.20408656610742
"02459","Newton Center","MA","Mass General Brigham Urgent Care - Newton","71 Needham St","02461",42.3150452,-71.2109553
"02459","Newton Center","MA","Beth Israel Deaconess Urgent Care Chestnut Hill","200 Boylston St","02467",42.31892096032648,-71.17577332748137
"02459","Newton Center","MA","Heathwood HealthCare","188 Florence St","02467",42.31842409,-71.17403952
"02462","Newton Lower Falls","MA","Newton-Wellesley Hospital","2014 Washington St","02462",42.33145974441577,-71.2470603858109
"02462","Newton Lower Falls","MA","Newton-Wellesley Hospital Maternal and Fetal Medicine","Washington St","02458",42.330843744632546,-71.24649435085178
"02462","Newton Lower Falls","MA","Newton-Wellesley - Outpatient Surgery Center","25 Washington St","02481",42.32601,-71.261737
"02462","Newton Lower Falls","MA","Newton Wellesley Imaging","not_available","02462",42.330989,-71.2463
"02462","Newton Lower Falls","MA","Mass. Eye and Ear, Wellesley","65 Walnut St","02481",42.3246822,-71.2537318
"02462","Newton Lower Falls","MA","Vernon Cancer Institute","2000 Washington St","02462",42.33049541528281,-71.24664233282985
"02462","Newton Lower Falls","MA","Newton-Wellesley Hospital Nephrology","2000 Washington St Ste 460","02462",42.332122802734375,-71.24608612060547
"02462","Newton Lower Falls","MA","auerbach breast center","Newton Wellesley Hospital","02462",42.33077161737333,-71.24658323816068
"02465","West Newton","MA","Chetwynde HealthCare","1650 Washington St","02465",42.34169569,-71.23678196
"02466","Auburndale","MA","Seasons Hospice & Palliative Care","275 Grove St Ste 3","02466",42.33811190509449,-71.25201909362865
"02474","Arlington","MA","AFC Urgent Care Arlington","1398 Massachusetts Ave","02476",42.42424392700195,-71.18533325195312
"02478","Belmont","MA","McLean Hospital","115 Mill St","02478",42.39454450341786,-71.19136236189604
"02481","Wellesley Hills","MA","carewell urgent care, needham, ma.","922 Highland Ave","02494",42.29307189101233,-71.23488883688495
"02481","Wellesley Hills","MA","christopherdavidsonmd","FRASER MEDICAL BUILDING 332  Suite 100","02481",42.2943260619727,-71.29382371902466
"02481","Wellesley Hills","MA","Agnes Vision","582 Washington St","02482",42.295491,-71.292849
"02481","Wellesley Hills","MA","UW Hospital","600 Highland Avenue","not_available",42.300079345703125,-71.2295913696289
"02534","Cataumet","MA","Kaehler Memorial Clinic","not_available","02534",41.660526275634766,-70.6023941040039
"02536","East Falmouth","MA","Falmouth Hospital","100 Ter Heun Dr","02540",41.56414198381556,-70.62233940528131
"02536","East Falmouth","MA","Cape Cod Healthcare Urgent Care - Falmouth","273 Teaticket Highway ","02540",41.567618954716266,-70.5946335196495
"02536","East Falmouth","MA","Gosnold","Massachusetts 28A","02534",41.566136184199074,-70.62649222038628
"02536","East Falmouth","MA","Northeast Dermatology Associates - Cape Cod","37 Edgerton Dr, Ste 1","02556",41.64057922363281,-70.61185455322266
"02554","Nantucket","MA","Nantucket Cottage Hospital","57 Prospect St","02554",41.275340658761486,-70.10092903311329
"02557","Oak Bluffs","MA","Martha's Vineyard Hospital","1 Hospital Rd","02557",41.46077712618921,-70.58075488026826
"02571","Wareham","MA","Tobey Hospital","43 High Street","02571",41.75012,-70.710076
"02571","Wareham","MA","Nadomi Medspa","40 Church Avenue Suite 102","02571",41.755105,-70.71602399999999
"02601","Hyannis","MA","Cape Cod Hospital","27 Park St","02601",41.652789,-70.273474
"02601","Hyannis","MA","Cape Cod Healthcare Urgent Care - Hyannis","1220 Iyannough Rd","02601",41.675450182525,-70.3091955184936
"02601","Hyannis","MA","Essex Pavilion","760 Falmouth Rd","02401",41.6616324,-70.31930758
"02601","Hyannis","MA","Cancer Center At CCH","Park St","02601",41.64192361383888,-70.27681255319524
"02601","Hyannis","MA","Cape Cod Hospital Cafeteria","not_available","02601",41.653023,-70.272488
"02631","Brewster","MA","Cape Cod Healthcare Urgent Care - Harwich","525 Long Pond Dr","02645",41.722568,-70.0370091
"02632","Centerville","MA","Beacon Dental of Centerville","1645 Falmouth Road Suite 4B","02632",41.65666152169642,-70.3464674949646
"02638","Dennis","MA","Heartful Home Care Services","44 Homers Dock Rd","02675",41.71752,-70.22734399999999
"02639","Dennis Port","MA","Cape Cod Medical Alarm","38 Route 134","02660",41.66919595360149,-70.14752335846424
"02645","Harwich","MA","South Dennis HealthCare","1 Love Ln","02660",41.69906004,-70.13271752
"02649","Mashpee","MA","Cape Cod Family Practice & Sports Medicine: Mosychuk Richard J DO","34 Bates Rd Ste 202","02649",41.619300842285156,-70.4905776977539
"02649","Mashpee","MA","Mashpee Care And Rehab","161 Falmouth Rd","02649",41.631515,-70.467661
"02660","South Dennis","MA","CareWell Urgent Care - South Dennis","484 Route 134","02660",41.693421,-70.152236
"02664","South Yarmouth","MA","Bass River Dental","249 Station Avenue","02664",41.677078929369834,-70.19710063934326
"02673","West Yarmouth","MA","CCH O'Keefe Cancer Center","not_available","02673",41.646285,-70.257006
"02703","Attleboro","MA","Sturdy Memorial Hospital","211 Park St","02703",41.94196447135759,-71.27465790796326
"02703","Attleboro","MA","North Attleboro Urgent Care","40 Cumberland Ave","02760",41.93163,-71.35383
"02703","Attleboro","MA","Attleboro HealthCare","27 George St","02703",41.94038625,-71.27278394
"02703","Attleboro","MA","420MedDocs","10 South Main Street","02703",41.94407272338867,-71.283935546875
"02703","Attleboro","MA","Tristan Medical North Attleboro Care Center","465 S Washington St North Attleboro","02760",41.967483,-71.339344
"02703","Attleboro","MA","Fuller Hospital","200 May Street","02703",41.9244457,-71.3604067
"02703","Attleboro","MA","Garden Place HealthCare","193 Pleasant St","02703",41.95013933,-71.2735235
"02703","Attleboro","MA","Sturdy Urgent Care","not_available","02703",41.921129,-71.357762
"02717","East Freetown","MA","Patience Is A Vertue","not_available","02745",41.740451,-70.94486
"02717","East Freetown","MA","Hospital","Birchwood","02745",41.718439483333334,-70.94655181666667
"02717","East Freetown","MA","Vibra Hospital of Southeastern Massachusetts","4499 Acushnet Avenue","02745",41.74067687988281,-70.94548034667969
"02717","East Freetown","MA","New Bedford Rehabilitation Hospital","4499 Acushnet Ave","02745",41.740471,-70.945503
"02719","Fairhaven","MA","Tristan Medical Fairhaven Care Center","210 Washington St","02719",41.6420799,-70.8889634
"02719","Fairhaven","MA","Southeast Rehab at Charlton Memorial Hospital","363 Highland Ave","02720",41.654342895893414,-70.88429266696743
"02719","Fairhaven","MA","Eye Health Vision Centers Fairhaven","70 Huttleston Ave","02719",41.64448,-70.8995298
"02720","Fall River","MA","An Exorsism Gone Wrong","not_available","02720",41.710111,-71.147014
"02720","Fall River","MA","Crawford Skilled Nursing Center","273 Oak Grove Ave","02723",41.702057942383625,-71.13291915862585
"02720","Fall River","MA","Fall River HealthCare","1748 Highland Ave","02720",41.72780186,-71.13603935
"02720","Fall River","MA","Sylvan Animal Clinic","474 Durfee St","02720",41.7091424760767,-71.15583416171457
"02720","Fall River","MA","Nuclear Medicine","not_available","02723",41.697084021529626,-71.14940341926204
"02721","Fall River","MA","St. Anne's Hospital","795 Middle St","02721",41.692777291406536,-71.16394543968845
"02721","Fall River","MA","Steward Center for Weight Control - Fall River","851 Middle Street, Medical Office Building, Suite 2400","02721",41.692259,-71.162514
"02721","Fall River","MA","St Annes Lab","not_available","02721",41.69177270362691,-71.16374995106223
"02721","Fall River","MA","TruMed","528 Newton St","02721",41.6739062,-71.1673239
"02721","Fall River","MA","SMG Breast Care","851 Middle St Ste 3100","02721",41.6922607421875,-71.16251373291016
"02721","Fall River","MA","Eye Health Vision Centers Fall River","933 Pleasant St","02723",41.694802,-71.140652
"02740","New Bedford","MA","St. Luke's Hospital","101 Page Street","02740",41.634924,-70.942095
"02740","New Bedford","MA","St. Lukes Hospital Labor and Delivery","101 Page St","02740",41.62659,-70.938249
"02740","New Bedford","MA","Ash Street Retirement Home","223 Ash St","02740",41.63362864432324,-70.93551605184578
"02740","New Bedford","MA","Blood Donor Center At St. Lukes","not_available","02740",41.626717,-70.937481
"02740","New Bedford","MA","AFC Urgent Care New Bedford","119 Coggeshall Street","02746",41.656605,-70.92126
"02740","New Bedford","MA","PrimalPaleoMD","651 Orchard St. Suite 206","02744",41.61503769999999,-70.9313855
"02740","New Bedford","MA","Floor 4 (st Lukes Hospital)","Page St","02740",41.62674457861039,-70.93788895574227
"02747","North Dartmouth","MA","Southcoast Behavioral Health Hospital","581 Faunce Corner Rd","02747",41.67411804199219,-70.98733520507812
"02747","North Dartmouth","MA","Emerald Health LLC","88 Faunce Corner Mall Rd Unit 230","02747",41.64435958862305,-70.98889923095703
"02747","North Dartmouth","MA","AMR Dartmouth","634 State Rd","02747",41.6405143737793,-71.0184555053711
"02747","North Dartmouth","MA","Michael Langworthy","300 Faunce Corner Rd.","02747",41.65998099999999,-70.990876
"02747","North Dartmouth","MA","Hawthorne Medical Associates Urgent Care Walk In","237 State Rd","02747",41.63857888965659,-70.98107961288036
"02747","North Dartmouth","MA","Steward Center for Weight Control - Hawthorn","535 Faunce Corner Rd Bldg B Fl 1","02747",41.67228672986754,-70.98781317472458
"02747","North Dartmouth","MA","Boston Children's at North Dartmouth","500 Faunce Corner Road","02747",41.668818,-70.992299
"02747","North Dartmouth","MA","O.R","not_available","02747",41.7083236526511,-71.04489326477051
"02747","North Dartmouth","MA","Caroline J. Plamondon, M.D. Breast Health Center â€"" Plastic Surgery","300B Faunce Corner Road","02747",41.6600372,-70.9913939
"02760","North Attleboro","MA","Mass. Eye and Ear, Plainville","30 Man Mar Dr","02762",42.0082404,-71.3083627
"02766","Norton","MA","Tristan Medical Norton Care Center","184 W Main St","02766",41.957785,-71.20649399999999
"02766","Norton","MA","Goss Building @ Taunton State Hospital","60 Hodges Ave","02780",41.912022994148,-71.10277458526527
"02766","Norton","MA","SERVPRO of Taunton/Mansfield","Tauton, MA, USA","02780",41.92297161439371,-71.11769914627075
"02766","Norton","MA","SMG Center for Weight Control","100 Industrial Park Rd","02780",41.958831787109375,-71.12218475341797
"02767","Raynham","MA","Morton Hospital","88 Washington St","02780",41.906357,-71.0956375
"02767","Raynham","MA","Morton Day Surgery Waiting Area","not_available","02780",41.899819,-71.093884
"02767","Raynham","MA","SMG Taunton Medical","54 Court St","02780",41.90293884277344,-71.09700012207031
"02767","Raynham","MA","SMG Orthopedics at Morton Hospital","72 Washington St Ste 2700","02780",41.90582,-71.09531439999999
"02767","Raynham","MA","Wedgemere HealthCare","146 Dean St","02780",41.908383,-71.07033299999999
"02767","Raynham","MA","Pro Tech Orthopedics","95 Ryan Drive Unit 8","02767",41.9777717590332,-71.07324981689453
"02767","Raynham","MA","Raynham-Taunton Pediatrics","876 Broadway","02767",41.95207178592682,-71.07147932052612
"02767","Raynham","MA","Regeneris Boston | Taunton","91 Washington Street, Suite 302","02780",41.9054615,-71.0940208
"02767","Raynham","MA","ENT Specialists, Inc. - Taunton","72 Washington Street Suite 1600","02780",41.90582,-71.0953144
"02777","Swansea","MA","Charlton Emergency Room","not_available","02777",41.74667923322129,-71.21587887522233
"02777","Swansea","MA","Joseph Lifrak, MD","479 Swansea Mall Dr","02777",41.76133346557617,-71.2197036743164
